ho_id,timestamp,task_type,path,isl_ms,gnd_ms,prop_ms,path_p_isl,path_p_gnd,access_cost_isl,access_cost_gnd,inv_cost_p_isl,inv_cost_p_gnd,trgsat_bg,tn_bg,amf_inst,amf_p0,amf_p1,amf_p2,amf_ms,amf_rho,amf_x,amf_cost,smf_inst,smf_p0,smf_p1,smf_p2,smf_ms,smf_rho,smf_x,smf_cost,upf_inst,upf_p0,upf_p1,upf_p2,upf_ms,upf_rho,upf_x,upf_cost,core_ms,total_ms,on_amf_p0,on_amf_p1,on_amf_p2,on_smf_p0,on_smf_p1,on_smf_p2,on_upf_p0,on_upf_p1,on_upf_p2,gnd_amf_p0,gnd_amf_p1,gnd_amf_p2,gnd_smf_p0,gnd_smf_p1,gnd_smf_p2,gnd_upf_p0,gnd_upf_p1,gnd_upf_p2,on_amf_B0,on_amf_B1,on_amf_B2,on_smf_B0,on_smf_B1,on_smf_B2,on_upf_B0,on_upf_B1,on_upf_B2,gnd_amf_B0,gnd_amf_B1,gnd_amf_B2,gnd_smf_B0,gnd_smf_B1,gnd_smf_B2,gnd_upf_B0,gnd_upf_B1,gnd_upf_B2,global_oracle_ms,access_regret_ms,inst_regret_ms,global_regret_ms,cum_access_regret_ms,cum_inst_regret_ms,cum_global_regret_ms
1,2026-05-14T16:26:38.834147+00:00,gaming,GND,17.191,40.368,40.368,0.5,0.5,25.612,48.06,0.6523,0.3477,0.525,0.35,1,0.3333,0.3333,0.3333,0.357,0.1627,0.01071,0.03227,0,0.3333,0.3333,0.3333,0.082,0.1821,-0.00675,-0.03854,2,0.3333,0.3333,0.3333,0.212,0.1469,0.0012,0.00327,0.652,48.712,0.3333,0.3333,0.3333,0.3333,0.3333,0.3333,0.3333,0.3333,0.3333,0.3543,0.3301,0.3156,0.3677,0.3244,0.3079,0.5538,0.2484,0.1978,1.0,1.0,1.0,1.0,1.0,1.0,1.0,1.0,1.0,1.0,0.9999,0.9998,1.0,0.9999,0.9998,1.0,1.0,1.0,27.106,22.448,0.151,21.605,22.448,0.151,21.605
2,2026-05-14T16:26:44.841520+00:00,gaming,GND,40.084,43.448,43.448,0.5264,0.4736,48.818,51.203,0.5119,0.4881,0.542,0.3552,2,0.3543,0.3301,0.3156,0.266,0.1946,0.00156,0.00341,2,0.3677,0.3244,0.3079,0.226,0.1848,0.00759,0.01842,0,0.5538,0.2484,0.1978,0.014,0.0229,-0.01861,-0.39418,0.505,51.708,0.3333,0.3333,0.3333,0.3333,0.3333,0.3333,0.3333,0.3333,0.3333,0.375,0.3257,0.2993,0.3982,0.3156,0.2862,0.7769,0.1369,0.0862,1.0,1.0,1.0,1.0,1.0,1.0,1.0,1.0,1.0,1.0,0.9999,0.9998,1.0,0.9998,0.9997,1.0001,1.0,0.9998,50.328,2.386,0.004,1.38,24.833,0.156,22.986
3,2026-05-14T16:26:50.845778+00:00,gaming,GND,17.964,25.851,25.851,0.5269,0.4731,27.034,33.67,0.5547,0.4453,0.559,0.3605,1,0.375,0.3257,0.2993,0.247,0.1579,-0.00031,-0.00094,2,0.3982,0.3156,0.2862,0.411,0.1874,0.02614,0.06205,0,0.7769,0.1369,0.0862,0.088,0.0229,-0.01123,-0.21893,0.746,34.416,0.3333,0.3333,0.3333,0.3333,0.3333,0.3333,0.3333,0.3333,0.3333,0.3961,0.3222,0.2817,0.4301,0.3061,0.2638,0.8867,0.0756,0.0377,1.0,1.0,1.0,1.0,1.0,1.0,1.0,1.0,1.0,1.0,0.9999,0.9995,1.0,0.9997,0.9995,1.0001,1.0,0.9997,28.558,6.636,0.244,5.857,31.469,0.4,28.843
13,2026-05-14T16:27:50.917545+00:00,gaming,GND,30.052,21.666,21.666,0.5538,0.4462,44.138,30.172,0.406,0.594,0.716,0.4122,1,0.3961,0.3222,0.2817,0.868,0.1387,0.06176,0.17316,0,0.4301,0.3061,0.2638,0.302,0.1904,0.01516,0.08148,0,0.8867,0.0756,0.0377,0.04,0.0229,-0.01598,-0.32797,1.209,31.382,0.44,0.3047,0.2553,0.4191,0.3235,0.2574,0.7009,0.1807,0.1183,0.4207,0.3128,0.2665,0.4587,0.2977,0.2435,0.9488,0.0345,0.0167,1.0001,0.9985,0.9961,0.9992,0.9988,0.9954,1.0044,1.0017,0.9755,1.0,0.9995,0.9993,0.9999,0.9997,0.9993,1.0001,1.0001,0.9996,30.677,0.0,0.705,0.705,74.336,9.293,86.413
16,2026-05-14T16:28:08.947972+00:00,gaming,GND,19.069,24.95,24.95,0.5223,0.4777,35.383,33.68,0.4877,0.5123,0.7548,0.4273,2,0.4207,0.3128,0.2665,0.699,0.2352,0.0449,0.09359,2,0.4587,0.2977,0.2435,0.574,0.2243,0.04242,0.09878,0,0.9488,0.0345,0.0167,0.029,0.0229,-0.01713,-0.35636,1.302,34.982,0.4658,0.2978,0.2364,0.442,0.318,0.24,0.7666,0.1459,0.0875,0.4433,0.3074,0.2493,0.4916,0.2866,0.2218,0.9667,0.0167,0.0167,1.0002,0.9986,0.9943,0.9993,0.9986,0.9942,1.0053,1.0014,0.9696,1.0,0.9995,0.9989,0.9999,0.9996,0.9989,1.0001,1.0001,0.9994,34.184,0.0,0.798,0.798,97.3,12.291,114.278
17,2026-05-14T16:28:14.952093+00:00,gaming,GND,17.291,28.671,28.671,0.5192,0.4808,34.423,37.477,0.5212,0.4788,0.7665,0.4322,1,0.4433,0.3074,0.2493,0.696,0.1339,0.04465,0.12806,1,0.4916,0.2866,0.2218,0.065,0.1147,-0.0085,-0.03021,0,0.9667,0.0167,0.0167,0.049,0.0229,-0.01513,-0.30766,0.81,38.287,0.4658,0.2978,0.2364,0.442,0.318,0.24,0.7666,0.1459,0.0875,0.4676,0.2981,0.2343,0.522,0.2773,0.2007,0.9667,0.0167,0.0167,1.0002,0.9986,0.9943,0.9993,0.9986,0.9942,1.0053,1.0014,0.9696,1.0,0.9992,0.9986,0.9999,0.9996,0.9987,1.0001,1.0001,0.9993,35.822,3.053,0.307,2.465,100.353,12.598,116.743
22,2026-05-14T16:28:45.476917+00:00,gaming,GND,12.399,21.71,21.71,0.5109,0.4891,33.971,30.909,0.4764,0.5236,0.8146,0.4564,1,0.4676,0.2981,0.2343,0.109,0.1309,-0.01413,-0.04421,0,0.522,0.2773,0.2007,0.215,0.1752,0.00651,0.03579,0,0.9667,0.0167,0.0167,0.046,0.0229,-0.01544,-0.31496,0.369,31.278,0.5166,0.2818,0.2016,0.4848,0.3085,0.2068,0.8757,0.0829,0.0413,0.4885,0.2937,0.2179,0.5533,0.2649,0.1818,0.9667,0.0167,0.0167,1.0007,0.9993,0.9924,0.9993,0.9985,0.9916,1.0079,1.0014,0.9577,1.0,0.9993,0.9984,0.9999,0.9995,0.9984,1.0002,1.0001,0.9991,31.41,0.0,0.0,0.0,120.627,14.221,140.997
23,2026-05-14T16:28:51.465839+00:00,gaming,GND,19.597,25.224,25.224,0.5051,0.4949,42.056,34.503,0.4507,0.5493,0.8219,0.4612,1,0.4885,0.2937,0.2179,0.037,0.1307,-0.02134,-0.06756,1,0.5533,0.2649,0.1818,0.381,0.115,0.02309,0.07767,0,0.9667,0.0167,0.0167,0.051,0.0229,-0.01488,-0.30163,0.469,34.971,0.5166,0.2818,0.2016,0.4848,0.3085,0.2068,0.8757,0.0829,0.0413,0.5086,0.2894,0.202,0.5855,0.2506,0.1639,0.9667,0.0167,0.0167,1.0007,0.9993,0.9924,0.9993,0.9985,0.9916,1.0079,1.0014,0.9577,1.0,0.9995,0.9981,0.9999,0.9994,0.9982,1.0002,1.0001,0.999,35.003,0.0,0.0,0.0,120.627,14.221,140.997
25,2026-05-14T16:29:03.478253+00:00,gaming,GND,17.358,25.254,25.254,0.4897,0.5103,41.467,34.696,0.4555,0.5445,0.8341,0.4704,0,0.5086,0.2894,0.202,0.218,0.1931,-0.00322,-0.0142,0,0.5855,0.2506,0.1639,0.16,0.1667,0.00098,0.00546,0,0.9667,0.0167,0.0167,0.076,0.0229,-0.01237,-0.24391,0.454,35.15,0.5308,0.276,0.1931,0.499,0.3032,0.1978,0.889,0.0753,0.0357,0.5316,0.2811,0.1873,0.6174,0.2362,0.1464,0.9667,0.0167,0.0167,1.0008,0.9991,0.9917,0.9996,0.9984,0.9909,1.0081,1.0016,0.9547,1.0,0.9994,0.9979,0.9999,0.9993,0.9979,1.0002,1.0001,0.9988,35.195,0.0,0.0,0.0,135.451,14.757,157.128
27,2026-05-14T16:29:15.495829+00:00,gaming,GND,27.317,37.254,37.254,0.4654,0.5346,52.778,46.86,0.4703,0.5297,0.8429,0.4795,0,0.5316,0.2811,0.1873,0.263,0.1867,0.00134,0.00586,0,0.6174,0.2362,0.1464,0.137,0.1603,-0.00129,-0.00723,0,0.9667,0.0167,0.0167,0.06,0.0229,-0.01396,-0.28023,0.461,47.321,0.5434,0.2724,0.1842,0.5061,0.3021,0.1918,0.9048,0.0656,0.0296,0.5532,0.273,0.1738,0.649,0.221,0.13,0.9667,0.0167,0.0167,1.001,0.9996,0.991,0.9993,0.9982,0.9902,1.0086,1.0018,0.9518,1.0,0.9993,0.9976,0.9999,0.9993,0.9977,1.0002,1.0002,0.9987,47.358,0.0,0.0,0.0,159.768,15.058,182.503
28,2026-05-14T16:29:21.501138+00:00,gaming,GND,24.514,29.734,29.734,0.4627,0.5373,50.488,39.423,0.4385,0.5615,0.846,0.484,2,0.5532,0.273,0.1738,0.113,0.2609,-0.01369,-0.03033,0,0.649,0.221,0.13,0.066,0.157,-0.00839,-0.04813,0,0.9667,0.0167,0.0167,0.031,0.0229,-0.01685,-0.34958,0.211,39.634,0.5434,0.2724,0.1842,0.5061,0.3021,0.1918,0.9048,0.0656,0.0296,0.5739,0.264,0.1621,0.6817,0.2043,0.114,0.9667,0.0167,0.0167,1.001,0.9996,0.991,0.9993,0.9982,0.9902,1.0086,1.0018,0.9518,1.0,0.9993,0.9977,0.9999,0.9992,0.9974,1.0003,1.0002,0.9986,39.921,0.0,0.0,0.0,159.768,15.058,182.503
30,2026-05-14T16:29:33.521727+00:00,instagram,GND,15.053,24.876,24.876,0.5,0.5,41.64,34.732,0.4548,0.5452,0.8496,0.4927,1,0.5739,0.264,0.1621,0.24,0.329,-0.00102,-0.00312,0,0.6817,0.2043,0.114,0.081,0.2571,-0.00687,-0.03925,2,0.3333,0.3333,0.3333,0.737,0.3265,0.0537,0.1522,1.058,35.79,0.5605,0.2627,0.1768,0.5174,0.2979,0.1847,0.3333,0.3333,0.3333,0.5944,0.2566,0.149,0.7127,0.188,0.0993,0.3585,0.3291,0.3124,1.0012,0.9983,0.9902,0.9993,0.998,0.9898,1.0,1.0,1.0,1.0,0.9993,0.9973,0.9999,0.9991,0.9971,1.0,0.9999,0.9997,35.403,0.0,0.386,0.386,178.142,19.223,205.797
33,2026-05-14T16:29:51.536292+00:00,instagram,GND,30.858,29.247,29.247,0.4692,0.5308,57.212,39.353,0.4075,0.5925,0.8482,0.5053,1,0.5944,0.2566,0.149,0.411,0.332,0.01613,0.04818,0,0.7127,0.188,0.0993,0.171,0.2461,0.0021,0.0117,0,0.3585,0.3291,0.3124,0.403,0.1857,0.02028,0.10364,0.985,40.339,0.5911,0.2516,0.1573,0.5455,0.2875,0.1671,0.3196,0.3196,0.3608,0.6155,0.2475,0.137,0.7388,0.1741,0.0871,0.3768,0.3259,0.2973,1.0012,0.9971,0.9834,0.9992,0.9966,0.9852,0.9506,0.9437,0.9967,1.0,0.9992,0.9969,0.9999,0.999,0.9967,0.9999,0.9999,0.9996,40.022,0.0,0.317,0.317,200.734,19.54,235.356
34,2026-05-14T16:29:57.545004+00:00,instagram,GND,16.395,25.86,25.86,0.46,0.54,42.369,36.05,0.4597,0.5403,0.846,0.5094,1,0.6155,0.2475,0.137,0.626,0.3332,0.03755,0.10874,0,0.7388,0.1741,0.0871,0.088,0.2423,-0.00623,-0.0355,0,0.3768,0.3259,0.2973,0.214,0.1857,0.00139,0.00748,0.927,36.977,0.5911,0.2516,0.1573,0.5455,0.2875,0.1671,0.3196,0.3196,0.3608,0.6375,0.2366,0.1259,0.7657,0.159,0.0753,0.4012,0.3191,0.2797,1.0012,0.9971,0.9834,0.9992,0.9966,0.9852,0.9506,0.9437,0.9967,1.0,0.9989,0.9964,1.0,0.9989,0.9964,0.9999,0.9998,0.9994,36.717,0.0,0.26,0.26,200.734,19.8,235.616
35,2026-05-14T16:30:03.550918+00:00,instagram,GND,28.702,25.519,25.519,0.4529,0.5471,54.163,35.793,0.3979,0.6021,0.8429,0.5134,0,0.6375,0.2366,0.1259,0.173,0.2928,-0.00769,-0.03421,0,0.7657,0.159,0.0753,0.271,0.2386,0.01205,0.0653,1,0.4012,0.3191,0.2797,0.289,0.2619,0.00888,0.03333,0.732,36.525,0.5911,0.2516,0.1573,0.5455,0.2875,0.1671,0.3196,0.3196,0.3608,0.6596,0.2259,0.1146,0.7859,0.1479,0.0663,0.4263,0.3116,0.2621,1.0012,0.9971,0.9834,0.9992,0.9966,0.9852,0.9506,0.9437,0.9967,1.0,0.9988,0.996,0.9999,0.9988,0.996,0.9999,0.9998,0.9993,36.459,0.0,0.066,0.066,200.734,19.866,235.682
36,2026-05-14T16:30:09.560888+00:00,instagram,GND,21.629,29.287,29.287,0.4412,0.5588,46.462,39.645,0.4604,0.5396,0.8389,0.5173,1,0.6596,0.2259,0.1146,0.324,0.3361,0.00736,0.02227,0,0.7859,0.1479,0.0663,0.101,0.2348,-0.00493,-0.028,2,0.4263,0.3116,0.2621,0.113,0.3265,-0.00869,-0.02697,0.537,40.183,0.5911,0.2516,0.1573,0.5455,0.2875,0.1671,0.3196,0.3196,0.3608,0.6783,0.2171,0.1045,0.8086,0.1344,0.057,0.4503,0.3021,0.2475,1.0012,0.9971,0.9834,0.9992,0.9966,0.9852,0.9506,0.9437,0.9967,1.0,0.9988,0.9956,0.9999,0.9986,0.9956,0.9999,0.9997,0.9994,40.31,0.0,0.0,0.0,200.734,19.866,235.682
38,2026-05-14T16:30:21.570407+00:00,instagram,GND,18.472,28.814,28.814,0.4318,0.5682,41.784,39.338,0.4849,0.5151,0.8284,0.5249,1,0.6783,0.2171,0.1045,0.152,0.3394,-0.00985,-0.03059,1,0.8086,0.1344,0.057,0.141,0.3044,-0.0009,-0.00315,2,0.4503,0.3021,0.2475,0.273,0.3265,0.00727,0.02201,0.565,39.903,0.6059,0.2459,0.1482,0.5584,0.283,0.1586,0.313,0.313,0.3739,0.6953,0.2096,0.0951,0.826,0.1245,0.0495,0.4754,0.2927,0.2319,1.0011,0.9963,0.9799,0.999,0.9958,0.9823,0.9249,0.9143,0.9946,1.0,0.9989,0.9952,0.9999,0.9987,0.9953,0.9999,0.9997,0.9993,40.001,0.0,0.0,0.0,201.68,24.473,244.898
39,2026-05-14T16:30:27.575046+00:00,instagram,GND,42.265,25.983,25.983,0.4279,0.5721,64.724,36.59,0.3612,0.6388,0.8219,0.5286,2,0.6953,0.2096,0.0951,0.478,0.5312,0.0228,0.04843,2,0.826,0.1245,0.0495,0.589,0.4792,0.04391,0.1017,1,0.4754,0.2927,0.2319,0.445,0.2619,0.02447,0.08928,1.512,38.102,0.6059,0.2459,0.1482,0.5584,0.283,0.1586,0.313,0.313,0.3739,0.7129,0.2001,0.087,0.8432,0.1139,0.0429,0.5024,0.2815,0.2161,1.0011,0.9963,0.9799,0.999,0.9958,0.9823,0.9249,0.9143,0.9946,1.0,0.9988,0.995,0.9999,0.9985,0.995,0.9999,0.9996,0.9992,37.252,0.0,0.85,0.85,201.68,25.324,245.748
41,2026-05-14T16:30:39.595582+00:00,instagram,GND,10.844,21.72,21.72,0.412,0.588,31.512,32.491,0.5077,0.4923,0.8065,0.5358,0,0.7129,0.2001,0.087,0.26,0.2681,0.00101,0.00439,0,0.8432,0.1139,0.0429,0.179,0.2165,0.0029,0.01612,0,0.5024,0.2815,0.2161,0.289,0.1857,0.00895,0.04705,0.729,33.219,0.6175,0.2413,0.1411,0.5696,0.2789,0.1515,0.3068,0.3068,0.3863,0.7303,0.1907,0.079,0.8592,0.1038,0.037,0.5251,0.2733,0.2016,1.0007,0.9952,0.9763,0.9988,0.9951,0.98,0.8985,0.884,0.992,1.0,0.9987,0.9945,0.9999,0.9984,0.9946,0.9999,0.9995,0.999,33.15,0.979,0.069,0.069,207.581,27.332,256.493
42,2026-05-14T16:30:45.603330+00:00,instagram,GND,22.211,26.929,26.929,0.4083,0.5917,41.97,37.781,0.4737,0.5263,0.7976,0.5392,0,0.7303,0.1907,0.079,0.131,0.2642,-0.01191,-0.05351,1,0.8592,0.1038,0.037,0.203,0.3125,0.00535,0.01852,0,0.5251,0.2733,0.2016,0.254,0.1857,0.00545,0.02892,0.589,38.37,0.6175,0.2413,0.1411,0.5696,0.2789,0.1515,0.3068,0.3068,0.3863,0.7493,0.1797,0.071,0.8728,0.0953,0.0319,0.5487,0.2641,0.1872,1.0007,0.9952,0.9763,0.9988,0.9951,0.98,0.8985,0.884,0.992,1.0,0.9986,0.9941,0.9999,0.9984,0.9943,0.9999,0.9995,0.9989,38.439,0.0,0.0,0.0,207.581,27.332,256.493
43,2026-05-14T16:30:51.611351+00:00,instagram,GND,13.462,29.12,29.12,0.403,0.597,32.323,40.052,0.5534,0.4466,0.7879,0.5426,0,0.7493,0.1797,0.071,0.213,0.2604,-0.00369,-0.01626,0,0.8728,0.0953,0.0319,0.196,0.2097,0.00465,0.02568,2,0.5487,0.2641,0.1872,0.234,0.3265,0.00335,0.0102,0.643,40.695,0.6175,0.2413,0.1411,0.5696,0.2789,0.1515,0.3068,0.3068,0.3863,0.7658,0.1701,0.0641,0.8858,0.0867,0.0275,0.573,0.2532,0.1738,1.0007,0.9952,0.9763,0.9988,0.9951,0.98,0.8985,0.884,0.992,1.0001,0.9985,0.9937,0.9999,0.9983,0.9939,0.9999,0.9994,0.9989,36.955,7.728,0.0,3.74,215.31,27.332,260.233
44,2026-05-14T16:30:57.616826+00:00,instagram,GND,26.315,33.531,33.531,0.4062,0.5938,44.299,44.543,0.5014,0.4986,0.7776,0.5459,0,0.7658,0.1701,0.0641,0.171,0.2568,-0.00795,-0.0354,0,0.8858,0.0867,0.0275,0.197,0.2064,0.00471,0.02605,0,0.573,0.2532,0.1738,0.14,0.1857,-0.00595,-0.03259,0.508,45.051,0.6175,0.2413,0.1411,0.5696,0.2789,0.1515,0.3068,0.3068,0.3863,0.7822,0.1602,0.0576,0.8976,0.0787,0.0237,0.5999,0.2411,0.159,1.0007,0.9952,0.9763,0.9988,0.9951,0.98,0.8985,0.884,0.992,1.0001,0.9984,0.9933,0.9998,0.9982,0.9936,0.9999,0.9994,0.9987,45.199,0.244,0.0,0.0,215.554,27.332,260.233
47,2026-05-14T16:31:15.628741+00:00,gaming,GND,24.04,25.338,25.338,0.4417,0.5583,39.572,36.582,0.4804,0.5196,0.7425,0.5553,0,0.7822,0.1602,0.0576,0.354,0.1097,0.01041,0.04456,0,0.8976,0.0787,0.0237,0.068,0.0904,-0.00816,-0.04679,0,0.9667,0.0167,0.0167,0.077,0.0229,-0.0123,-0.24244,0.5,37.081,0.6449,0.2276,0.1275,0.5931,0.2681,0.1388,0.9337,0.0477,0.0186,0.7944,0.1531,0.0525,0.9098,0.0702,0.02,0.9667,0.0167,0.0167,1.001,0.9946,0.9747,0.9989,0.9945,0.9787,1.0091,1.0023,0.9429,1.0001,0.9983,0.993,0.9999,0.9981,0.9933,1.0003,1.0002,0.9984,37.064,0.0,0.017,0.017,223.606,27.562,269.594
48,2026-05-14T16:31:21.633514+00:00,gaming,GND,25.895,22.374,22.374,0.4383,0.5617,40.684,33.692,0.453,0.547,0.7295,0.5582,1,0.7944,0.1531,0.0525,0.628,0.1652,0.03779,0.1093,0,0.9098,0.0702,0.02,0.12,0.0877,-0.003,-0.01693,0,0.9667,0.0167,0.0167,0.065,0.0229,-0.01346,-0.26867,0.813,34.505,0.6449,0.2276,0.1275,0.5931,0.2681,0.1388,0.9337,0.0477,0.0186,0.809,0.1435,0.0475,0.92,0.063,0.0171,0.9667,0.0167,0.0167,1.001,0.9946,0.9747,0.9989,0.9945,0.9787,1.0091,1.0023,0.9429,1.0001,0.9981,0.9928,0.9999,0.998,0.9931,1.0003,1.0002,0.9983,34.174,0.0,0.331,0.331,223.606,27.893,269.925
51,2026-05-14T16:31:39.657579+00:00,gaming,GND,39.298,29.15,29.15,0.4206,0.5794,52.098,40.684,0.4385,0.5615,0.6875,0.5665,0,0.809,0.1435,0.0475,0.151,0.0995,-0.00989,-0.04422,0,0.92,0.063,0.0171,0.301,0.0808,0.01515,0.08139,0,0.9667,0.0167,0.0167,0.064,0.0229,-0.01364,-0.27275,0.516,41.201,0.6717,0.2139,0.1144,0.6118,0.2595,0.1287,0.9474,0.036,0.0167,0.8228,0.1346,0.0426,0.9256,0.0577,0.0167,0.9667,0.0167,0.0167,1.0014,0.9939,0.9725,0.9986,0.9937,0.9775,1.01,1.0027,0.9369,1.0001,0.998,0.9925,0.9998,0.9979,0.9928,1.0003,1.0002,0.9981,41.165,0.0,0.036,0.036,233.379,30.069,283.809
52,2026-05-14T16:31:45.647846+00:00,gaming,GND,10.489,22.894,22.894,0.4146,0.5854,22.705,34.497,0.6031,0.3969,0.6725,0.5691,0,0.8228,0.1346,0.0426,0.258,0.0975,0.00076,0.00332,0,0.9256,0.0577,0.0167,0.103,0.0789,-0.00472,-0.02677,0,0.9667,0.0167,0.0167,0.027,0.0229,-0.01731,-0.36099,0.387,34.884,0.6717,0.2139,0.1144,0.6118,0.2595,0.1287,0.9474,0.036,0.0167,0.8343,0.1272,0.0385,0.9319,0.0514,0.0167,0.9667,0.0167,0.0167,1.0014,0.9939,0.9725,0.9986,0.9937,0.9775,1.01,1.0027,0.9369,1.0001,0.9979,0.9923,0.9998,0.9978,0.9926,1.0003,1.0002,0.998,24.263,11.792,0.0,10.621,245.17,30.069,294.43
55,2026-05-14T16:32:03.670219+00:00,gaming,GND,17.739,29.786,29.786,0.4333,0.5667,28.418,41.584,0.594,0.406,0.6254,0.5762,0,0.8343,0.1272,0.0385,0.171,0.0932,-0.00786,-0.03498,0,0.9319,0.0514,0.0167,0.135,0.0744,-0.00145,-0.00815,0,0.9667,0.0167,0.0167,0.012,0.0229,-0.01884,-0.40014,0.319,41.903,0.6995,0.1986,0.1019,0.6292,0.2529,0.1179,0.9556,0.0278,0.0167,0.8463,0.1193,0.0345,0.9373,0.046,0.0167,0.9667,0.0167,0.0167,1.002,0.9933,0.9711,0.9985,0.9938,0.9763,1.0108,1.0039,0.931,1.0001,0.9979,0.992,0.9999,0.9978,0.9923,1.0004,1.0003,0.9978,29.918,13.166,0.0,11.984,271.779,30.14,321.424
56,2026-05-14T16:32:09.678346+00:00,gaming,GND,16.034,28.76,28.76,0.4481,0.5519,26.268,40.619,0.6073,0.3927,0.6091,0.5784,0,0.8463,0.1193,0.0345,0.168,0.0923,-0.00819,-0.03648,0,0.9373,0.046,0.0167,0.205,0.0733,0.00549,0.03025,0,0.9667,0.0167,0.0167,0.086,0.0229,-0.01137,-0.22194,0.459,41.078,0.6995,0.1986,0.1019,0.6292,0.2529,0.1179,0.9556,0.0278,0.0167,0.8575,0.1117,0.0308,0.9418,0.0416,0.0167,0.9667,0.0167,0.0167,1.002,0.9933,0.9711,0.9985,0.9938,0.9763,1.0108,1.0039,0.931,1.0002,0.9978,0.9918,0.9998,0.9977,0.9921,1.0004,1.0003,0.9977,27.743,14.351,0.0,13.335,286.13,30.14,334.758
58,2026-05-14T16:32:21.684723+00:00,gaming,GND,31.305,29.372,29.372,0.4903,0.5097,40.736,41.346,0.5037,0.4963,0.5758,0.5824,0,0.8575,0.1117,0.0308,0.226,0.0915,-0.00241,-0.01061,0,0.9418,0.0416,0.0167,0.109,0.0719,-0.00412,-0.02335,0,0.9667,0.0167,0.0167,0.015,0.0229,-0.01848,-0.39077,0.35,41.696,0.7131,0.1898,0.0971,0.6406,0.247,0.1124,0.9595,0.0239,0.0167,0.8674,0.1049,0.0277,0.9463,0.037,0.0167,0.9667,0.0167,0.0167,1.0021,0.9919,0.9705,0.9986,0.9936,0.9757,1.0113,1.004,0.928,1.0002,0.9977,0.9916,0.9998,0.9976,0.9919,1.0004,1.0003,0.9976,41.825,0.611,0.0,0.0,286.741,31.747,336.365
59,2026-05-14T16:32:27.705278+00:00,gaming,GND,11.791,21.625,21.625,0.4901,0.5099,20.86,33.654,0.6173,0.3827,0.559,0.5843,0,0.8674,0.1049,0.0277,0.321,0.0915,0.00708,0.03053,0,0.9463,0.037,0.0167,0.271,0.0715,0.01207,0.06541,0,0.9667,0.0167,0.0167,0.058,0.0229,-0.01424,-0.28674,0.649,34.303,0.7131,0.1898,0.0971,0.6406,0.247,0.1124,0.9595,0.0239,0.0167,0.8756,0.0993,0.025,0.9497,0.0337,0.0167,0.9667,0.0167,0.0167,1.0021,0.9919,0.9705,0.9986,0.9936,0.9757,1.0113,1.004,0.928,1.0002,0.9976,0.9913,0.9998,0.9975,0.9916,1.0004,1.0003,0.9974,22.259,12.793,0.17,12.044,299.534,31.917,348.409
63,2026-05-14T16:32:51.800747+00:00,gaming,GND,26.907,22.547,22.547,0.5753,0.4247,34.766,34.766,0.5,0.5,0.491,0.5908,0,0.8756,0.0993,0.025,0.054,0.0944,-0.01959,-0.08961,0,0.9497,0.0337,0.0167,0.356,0.0725,0.02063,0.1093,0,0.9667,0.0167,0.0167,0.018,0.0229,-0.01815,-0.38248,0.429,35.195,0.751,0.1683,0.0807,0.6721,0.2305,0.0974,0.9667,0.0167,0.0167,0.8862,0.0917,0.0221,0.9523,0.031,0.0167,0.9667,0.0167,0.0167,1.0031,0.9912,0.9687,0.9988,0.993,0.9742,1.0126,1.0046,0.919,1.0003,0.9976,0.9911,0.9997,0.9974,0.9914,1.0005,1.0003,0.9973,35.245,0.0,0.0,0.0,302.834,31.939,352.58
64,2026-05-14T16:32:57.808775+00:00,gaming,GND,16.392,29.436,29.436,0.5743,0.4257,23.999,41.695,0.6347,0.3653,0.4742,0.5921,1,0.8862,0.0917,0.0221,0.201,0.2056,-0.00492,-0.01516,0,0.9523,0.031,0.0167,0.124,0.0733,-0.00257,-0.01448,0,0.9667,0.0167,0.0167,0.035,0.0229,-0.01648,-0.34038,0.36,42.055,0.751,0.1683,0.0807,0.6721,0.2305,0.0974,0.9667,0.0167,0.0167,0.8935,0.0866,0.0198,0.9557,0.0276,0.0167,0.9667,0.0167,0.0167,1.0031,0.9912,0.9687,0.9988,0.993,0.9742,1.0126,1.0046,0.919,1.0003,0.9976,0.9908,0.9998,0.9973,0.9912,1.0005,1.0003,0.9971,25.289,17.696,0.0,16.766,320.53,31.939,369.346
67,2026-05-14T16:33:15.830261+00:00,gaming,GND,12.921,23.048,23.048,0.6295,0.3705,19.872,35.411,0.6405,0.3595,0.4246,0.5956,0,0.8935,0.0866,0.0198,0.161,0.1017,-0.00887,-0.03959,0,0.9557,0.0276,0.0167,0.285,0.0771,0.01347,0.07269,0,0.9667,0.0167,0.0167,0.128,0.0229,-0.00717,-0.13411,0.574,35.985,0.7718,0.1567,0.0716,0.6927,0.2197,0.0876,0.9667,0.0167,0.0167,0.9017,0.0807,0.0176,0.9582,0.0252,0.0167,0.9667,0.0167,0.0167,1.0035,0.9909,0.9671,0.9992,0.993,0.9733,1.0139,1.005,0.9131,1.0003,0.9975,0.9906,0.9997,0.9972,0.9909,1.0005,1.0003,0.997,21.125,15.539,0.094,14.861,338.678,32.604,387.918
76,2026-05-14T16:34:09.901095+00:00,youtube,GND,29.522,26.123,26.123,0.5163,0.4837,35.197,38.623,0.5232,0.4768,0.2952,0.6,0,0.9017,0.0807,0.0176,0.426,0.1995,0.0176,0.0742,0,0.9582,0.0252,0.0167,0.237,0.1529,0.00865,0.04731,0,0.3333,0.3333,0.3333,0.291,0.1,0.00907,0.06154,0.953,39.577,0.8438,0.1132,0.043,0.7574,0.1834,0.0592,0.3378,0.3254,0.3368,0.9067,0.0766,0.0167,0.9606,0.0227,0.0167,0.3628,0.3285,0.3087,1.0054,0.99,0.9626,0.9993,0.9921,0.9697,1.0,0.9982,1.0002,1.0002,0.9974,0.9903,0.9997,0.9971,0.9907,1.0,1.0,0.9999,37.345,3.426,0.363,2.231,342.104,34.426,391.607
77,2026-05-14T16:34:15.911797+00:00,youtube,GND,24.017,25.417,25.417,0.518,0.482,29.6,37.915,0.5616,0.4384,0.2835,0.5999,0,0.9067,0.0766,0.0167,0.235,0.2035,-0.00148,-0.00651,0,0.9606,0.0227,0.0167,0.285,0.1561,0.01352,0.07295,0,0.3628,0.3285,0.3087,0.181,0.1,-0.00193,-0.01357,0.701,38.616,0.8438,0.1132,0.043,0.7574,0.1834,0.0592,0.3378,0.3254,0.3368,0.9118,0.0715,0.0167,0.9627,0.0207,0.0167,0.3993,0.3191,0.2817,1.0054,0.99,0.9626,0.9993,0.9921,0.9697,1.0,0.9982,1.0002,1.0002,0.9973,0.99,0.9996,0.997,0.9904,1.0,1.0,0.9999,31.772,8.316,0.11,6.844,350.419,34.536,398.451
78,2026-05-14T16:34:21.920045+00:00,youtube,GND,22.278,22.766,22.766,0.5266,0.4734,27.776,35.259,0.5594,0.4406,0.2724,0.5998,0,0.9118,0.0715,0.0167,0.194,0.2075,-0.00562,-0.02489,0,0.9627,0.0207,0.0167,0.317,0.1595,0.01666,0.08915,1,0.3993,0.3191,0.2817,0.29,0.15,0.00899,0.04111,0.8,36.06,0.8438,0.1132,0.043,0.7574,0.1834,0.0592,0.3378,0.3254,0.3368,0.9168,0.0665,0.0167,0.9644,0.0189,0.0167,0.4395,0.3056,0.2549,1.0054,0.99,0.9626,0.9993,0.9921,0.9697,1.0,0.9982,1.0002,1.0003,0.9972,0.9898,0.9996,0.9969,0.9901,1.0,0.9999,0.9998,29.976,7.483,0.209,6.083,357.903,34.745,404.534
79,2026-05-14T16:34:27.920474+00:00,youtube,GND,44.116,30.766,30.766,0.5359,0.4641,49.537,43.251,0.4661,0.5339,0.2621,0.5995,0,0.9168,0.0665,0.0167,0.162,0.2116,-0.00881,-0.03932,0,0.9644,0.0189,0.0167,0.124,0.1629,-0.00261,-0.01471,2,0.4395,0.3056,0.2549,0.094,0.2,-0.0106,-0.0378,0.38,43.631,0.8438,0.1132,0.043,0.7574,0.1834,0.0592,0.3378,0.3254,0.3368,0.9217,0.0616,0.0167,0.9666,0.0168,0.0167,0.4779,0.2908,0.2312,1.0054,0.99,0.9626,0.9993,0.9921,0.9697,1.0,0.9982,1.0002,1.0003,0.9971,0.9895,0.9996,0.9968,0.9899,1.0,0.9999,0.9999,43.843,0.0,0.0,0.0,357.903,34.745,404.534
82,2026-05-14T16:34:45.947483+00:00,youtube,GND,21.423,25.107,25.107,0.547,0.453,26.655,37.545,0.5848,0.4152,0.2354,0.598,0,0.9217,0.0616,0.0167,0.068,0.2242,-0.01821,-0.08306,0,0.9666,0.0168,0.0167,0.216,0.1738,0.0066,0.03627,1,0.4779,0.2908,0.2312,0.216,0.15,0.00159,0.00739,0.5,38.045,0.8548,0.1067,0.0386,0.772,0.1748,0.0531,0.3473,0.3102,0.3425,0.9268,0.0565,0.0167,0.9667,0.0167,0.0167,0.5177,0.2763,0.206,1.005,0.9894,0.9603,0.9992,0.9918,0.9678,1.0001,0.9943,1.0003,1.0004,0.997,0.9892,0.9996,0.9967,0.9896,1.0,0.9999,0.9998,28.991,10.89,0.0,9.054,368.793,36.492,415.335
84,2026-05-14T16:34:57.968428+00:00,youtube,GND,19.699,25.354,25.354,0.5633,0.4367,24.838,37.746,0.6031,0.3969,0.2216,0.5965,0,0.9268,0.0565,0.0167,0.178,0.2325,-0.00717,-0.0319,0,0.9667,0.0167,0.0167,0.044,0.1812,-0.01064,-0.06139,0,0.5177,0.2763,0.206,0.236,0.1,0.00364,0.02519,0.458,38.204,0.86,0.1035,0.0365,0.7725,0.1756,0.0519,0.3548,0.3021,0.3432,0.931,0.0524,0.0167,0.9667,0.0167,0.0167,0.552,0.2634,0.1846,1.0048,0.989,0.959,0.9984,0.9915,0.9669,1.0008,0.9925,1.0,1.0004,0.997,0.9889,0.9996,0.9966,0.9893,1.0,0.9999,0.9997,27.247,12.908,0.0,10.957,381.701,37.663,427.465
86,2026-05-14T16:35:09.990426+00:00,youtube,GND,13.881,26.805,26.805,0.6111,0.3889,18.952,39.137,0.6737,0.3263,0.2111,0.5945,0,0.931,0.0524,0.0167,0.238,0.2405,-0.00119,-0.00521,0,0.9667,0.0167,0.0167,0.161,0.1888,0.00106,0.00589,2,0.552,0.2634,0.1846,0.229,0.2,0.00294,0.01025,0.628,39.765,0.8672,0.0988,0.034,0.7781,0.1726,0.0493,0.359,0.2943,0.3466,0.9345,0.0488,0.0167,0.9667,0.0167,0.0167,0.5902,0.2465,0.1632,1.0051,0.9887,0.9578,0.9982,0.9915,0.9659,1.0008,0.9906,1.0004,1.0004,0.9969,0.9886,0.9996,0.9965,0.989,1.0,0.9999,0.9997,21.426,20.185,0.029,18.339,401.886,37.692,445.804
90,2026-05-14T16:35:34.027826+00:00,gaming,GND,12.615,29.689,29.689,0.8614,0.1386,17.618,41.864,0.7038,0.2962,0.2004,0.5893,0,0.9345,0.0488,0.0167,0.285,0.1867,0.00355,0.01541,0,0.9667,0.0167,0.0167,0.208,0.15,0.00577,0.0318,1,0.9667,0.0167,0.0167,0.104,0.0571,-0.00956,-0.0693,0.598,42.461,0.8824,0.089,0.0285,0.8003,0.1581,0.0417,0.9667,0.0167,0.0167,0.9376,0.0457,0.0167,0.9667,0.0167,0.0167,0.9667,0.0167,0.0167,1.0047,0.9874,0.9538,0.9982,0.9904,0.9628,1.0185,1.0054,0.8922,1.0004,0.9968,0.9883,0.9996,0.9964,0.9888,1.0005,1.0004,0.9968,19.198,24.246,0.101,23.263,426.132,39.669,470.943
105,2026-05-14T16:37:04.160703+00:00,instagram,GND,12.091,21.55,21.55,0.4045,0.5955,17.674,32.794,0.6498,0.3502,0.2835,0.5553,0,0.9376,0.0457,0.0167,0.178,0.3482,-0.00718,-0.03193,0,0.9667,0.0167,0.0167,0.191,0.2956,0.00413,0.02285,0,0.5999,0.2411,0.159,0.119,0.1857,-0.00813,-0.04474,0.488,33.282,0.9389,0.0445,0.0167,0.873,0.1073,0.0197,0.3068,0.3068,0.3863,0.941,0.0423,0.0167,0.9667,0.0167,0.0167,0.6269,0.2283,0.1447,1.0076,0.9832,0.9431,0.9974,0.9868,0.9536,0.8985,0.884,0.992,1.0005,0.9967,0.9879,0.9996,0.9963,0.9884,0.9999,0.9993,0.9986,21.906,15.12,0.0,11.376,443.102,42.218,487.144
107,2026-05-14T16:37:16.176948+00:00,instagram,GND,22.046,32.964,32.964,0.4636,0.5364,27.822,44.054,0.6129,0.3871,0.3075,0.5491,2,0.941,0.0423,0.0167,0.375,0.5341,0.01248,0.02661,0,0.9667,0.0167,0.0167,0.322,0.2975,0.01717,0.09177,2,0.6269,0.2283,0.1447,0.9,0.3265,0.06995,0.1938,1.596,45.65,0.9417,0.0417,0.0167,0.8783,0.1032,0.0184,0.2993,0.2993,0.4014,0.9438,0.0395,0.0167,0.9667,0.0167,0.0167,0.6518,0.2179,0.1304,1.0077,0.9818,0.9396,0.9973,0.9859,0.9513,0.8714,0.8526,0.9907,1.0004,0.9966,0.9878,0.9995,0.9962,0.9881,0.9999,0.9992,0.9982,31.992,16.231,0.912,13.658,459.333,43.13,500.802
108,2026-05-14T16:37:22.187616+00:00,instagram,GND,23.644,28.764,28.764,0.4762,0.5238,29.531,39.775,0.5739,0.4261,0.3205,0.5459,0,0.9438,0.0395,0.0167,0.456,0.3456,0.02056,0.08618,0,0.9667,0.0167,0.0167,0.257,0.2981,0.01071,0.05819,0,0.6518,0.2179,0.1304,0.121,0.1857,-0.00787,-0.0433,0.834,40.609,0.9417,0.0417,0.0167,0.8783,0.1032,0.0184,0.2993,0.2993,0.4014,0.9459,0.0374,0.0167,0.9667,0.0167,0.0167,0.6769,0.2052,0.1179,1.0077,0.9818,0.9396,0.9973,0.9859,0.9513,0.8714,0.8526,0.9907,1.0004,0.9964,0.9874,0.9995,0.996,0.9877,1.0,0.9992,0.9981,33.677,10.244,0.15,6.932,469.577,43.281,507.734
110,2026-05-14T16:37:34.190218+00:00,instagram,GND,19.033,29.132,29.132,0.4862,0.5138,25.168,39.984,0.6137,0.3863,0.348,0.5392,0,0.9459,0.0374,0.0167,0.133,0.3425,-0.01173,-0.0527,0,0.9667,0.0167,0.0167,0.217,0.2986,0.00665,0.03656,0,0.6769,0.2052,0.1179,0.197,0.1857,-0.00031,-0.00169,0.546,40.53,0.944,0.0394,0.0167,0.8841,0.0987,0.0171,0.2918,0.2918,0.4163,0.9489,0.0345,0.0167,0.9667,0.0167,0.0167,0.6985,0.1942,0.1073,1.0077,0.9806,0.9359,0.9973,0.985,0.9489,0.8434,0.8201,0.9893,1.0004,0.9963,0.9869,0.9995,0.9959,0.9874,1.0,0.9991,0.998,29.283,14.815,0.0,11.247,484.392,44.126,519.826
114,2026-05-14T16:37:58.233621+00:00,instagram,GND,43.697,35.459,35.459,0.4925,0.5075,50.459,45.983,0.4768,0.5232,0.4085,0.5249,0,0.9489,0.0345,0.0167,0.147,0.3332,-0.01028,-0.04604,0,0.9667,0.0167,0.0167,0.121,0.2967,-0.00295,-0.01664,0,0.6985,0.1942,0.1073,0.236,0.1857,0.00358,0.01907,0.503,46.486,0.9509,0.0324,0.0167,0.8966,0.0867,0.0167,0.2701,0.2701,0.4598,0.9516,0.0318,0.0167,0.9667,0.0167,0.0167,0.7182,0.1841,0.0977,1.0082,0.9768,0.9252,0.9972,0.9825,0.9424,0.7535,0.7143,0.984,1.0005,0.9962,0.9865,0.9995,0.9958,0.987,0.9999,0.9991,0.9978,46.664,0.0,0.0,0.0,492.928,45.642,534.55
116,2026-05-14T16:38:10.251067+00:00,instagram,GND,24.692,25.28,25.28,0.4961,0.5039,31.846,35.638,0.5281,0.4719,0.4409,0.5173,0,0.9516,0.0318,0.0167,0.121,0.3271,-0.01294,-0.0583,0,0.9667,0.0167,0.0167,0.208,0.2944,0.00576,0.03171,0,0.7182,0.1841,0.0977,0.077,0.1857,-0.01234,-0.06875,0.405,36.043,0.9528,0.0305,0.0167,0.9004,0.083,0.0167,0.2623,0.2623,0.4755,0.9541,0.0292,0.0167,0.9667,0.0167,0.0167,0.7416,0.1712,0.0872,1.0083,0.9757,0.9217,0.9972,0.9818,0.9401,0.7213,0.6756,0.9827,1.0005,0.9961,0.9861,0.9994,0.9957,0.9867,1.0,0.999,0.9977,35.996,3.792,0.0,0.047,496.72,45.642,534.598
118,2026-05-14T16:38:22.266494+00:00,instagram,GND,20.469,21.973,21.973,0.5295,0.4705,28.075,32.164,0.5339,0.4661,0.4742,0.5094,0,0.9541,0.0292,0.0167,0.168,0.3204,-0.00823,-0.03669,0,0.9667,0.0167,0.0167,0.173,0.2911,0.00234,0.01301,0,0.7416,0.1712,0.0872,0.392,0.1857,0.01923,0.09853,0.733,32.897,0.9545,0.0288,0.0167,0.9043,0.079,0.0167,0.2544,0.2544,0.4911,0.9564,0.027,0.0167,0.9667,0.0167,0.0167,0.7555,0.1641,0.0804,1.0083,0.9747,0.9183,0.9973,0.981,0.9379,0.6875,0.6348,0.9814,1.0006,0.996,0.9856,0.9994,0.9956,0.9863,0.9999,0.999,0.9975,32.279,4.089,0.056,0.618,500.809,45.698,535.216
119,2026-05-14T16:38:28.272388+00:00,instagram,GND,14.566,26.82,26.82,0.5304,0.4696,22.425,36.927,0.6222,0.3778,0.491,0.5053,0,0.9564,0.027,0.0167,0.347,0.3167,0.00968,0.04149,0,0.9667,0.0167,0.0167,0.177,0.2892,0.00267,0.01485,0,0.7555,0.1641,0.0804,0.152,0.1857,-0.00483,-0.02634,0.675,37.602,0.9545,0.0288,0.0167,0.9043,0.079,0.0167,0.2544,0.2544,0.4911,0.958,0.0253,0.0167,0.9667,0.0167,0.0167,0.7746,0.1533,0.0721,1.0083,0.9747,0.9183,0.9973,0.981,0.9379,0.6875,0.6348,0.9814,1.0005,0.9959,0.9852,0.9994,0.9955,0.9859,0.9999,0.9989,0.9974,26.663,14.502,0.0,10.939,515.311,45.698,546.155
120,2026-05-14T16:38:34.277267+00:00,browsing,GND,35.998,29.561,29.561,0.5,0.5,44.128,39.584,0.4729,0.5271,0.508,0.5011,0,0.958,0.0253,0.0167,0.598,0.2901,0.03484,0.14191,0,0.9667,0.0167,0.0167,0.082,0.2693,-0.00677,-0.03864,2,0.3333,0.3333,0.3333,0.344,0.2755,0.01444,0.04608,1.025,40.609,0.9545,0.0288,0.0167,0.9043,0.079,0.0167,0.3333,0.3333,0.3333,0.9591,0.0242,0.0167,0.9667,0.0167,0.0167,0.3957,0.3154,0.2888,1.0083,0.9747,0.9183,0.9973,0.981,0.9379,1.0,1.0,1.0,1.0004,0.9958,0.9848,0.9994,0.9954,0.9856,1.0,1.0,0.9999,40.171,0.0,0.438,0.438,515.311,46.136,546.593
121,2026-05-14T16:38:40.290843+00:00,browsing,GND,18.85,25.159,25.159,0.4959,0.5041,27.271,35.099,0.5627,0.4373,0.525,0.4969,0,0.9591,0.0242,0.0167,0.204,0.2862,-0.00456,-0.02015,1,0.9667,0.0167,0.0167,0.117,0.2975,-0.00331,-0.01161,1,0.3957,0.3154,0.2888,0.12,0.1821,-0.00798,-0.04024,0.441,35.54,0.9545,0.0288,0.0167,0.9043,0.079,0.0167,0.3333,0.3333,0.3333,0.9609,0.0225,0.0167,0.9667,0.0167,0.0167,0.4596,0.2959,0.2445,1.0083,0.9747,0.9183,0.9973,0.981,0.9379,1.0,1.0,1.0,1.0004,0.9957,0.9844,0.9994,0.9954,0.9853,1.0,1.0,0.9998,29.942,7.827,0.0,5.598,523.138,46.136,552.192
125,2026-05-14T16:39:04.332972+00:00,browsing,GND,20.089,23.218,23.218,0.514,0.486,29.907,32.825,0.5233,0.4767,0.5926,0.4795,0,0.9609,0.0225,0.0167,0.324,0.2699,0.00742,0.03196,0,0.9667,0.0167,0.0167,0.233,0.256,0.00832,0.04553,0,0.4596,0.2959,0.2445,0.2,0.1029,0.0,3e-05,0.757,33.582,0.9588,0.0245,0.0167,0.9106,0.0728,0.0167,0.3541,0.3123,0.3337,0.9623,0.0211,0.0167,0.9667,0.0167,0.0167,0.5178,0.2747,0.2075,1.0086,0.9727,0.911,0.9965,0.9797,0.9328,0.9998,0.9901,0.997,1.0004,0.9956,0.9841,0.9994,0.9953,0.9849,1.0,1.0,0.9997,32.745,2.918,0.176,0.837,532.646,54.232,569.398
127,2026-05-14T16:39:16.346181+00:00,browsing,GND,9.343,21.83,21.83,0.5096,0.4904,20.022,31.271,0.6097,0.3903,0.6254,0.4704,0,0.9623,0.0211,0.0167,0.252,0.2615,0.00019,0.00085,0,0.9667,0.0167,0.0167,0.188,0.2496,0.00384,0.02128,0,0.5178,0.2747,0.2075,0.101,0.1029,-0.00989,-0.09053,0.541,31.813,0.96,0.0233,0.0167,0.9126,0.0707,0.0167,0.3597,0.3072,0.3331,0.9637,0.0196,0.0167,0.9667,0.0167,0.0167,0.5851,0.2454,0.1695,1.0086,0.9721,0.9088,0.9963,0.9792,0.9312,0.9996,0.9881,0.9959,1.0004,0.9955,0.9837,0.9994,0.9952,0.9846,1.0001,1.0,0.9996,22.939,11.25,0.0,8.874,547.588,55.535,585.566
129,2026-05-14T16:39:28.368533+00:00,browsing,GND,28.896,26.116,26.116,0.5428,0.4572,40.564,35.395,0.466,0.534,0.6572,0.4612,0,0.9637,0.0196,0.0167,0.213,0.2532,-0.00374,-0.01652,0,0.9667,0.0167,0.0167,0.144,0.2428,-0.00056,-0.00313,0,0.5851,0.2454,0.1695,0.093,0.1029,-0.01073,-0.0986,0.45,35.844,0.9609,0.0225,0.0167,0.9149,0.0684,0.0167,0.3665,0.3031,0.3304,0.9651,0.0182,0.0167,0.9667,0.0167,0.0167,0.6498,0.2147,0.1355,1.0083,0.9715,0.9066,0.9962,0.9787,0.9297,0.9993,0.9859,0.994,1.0004,0.9954,0.9833,0.9994,0.9951,0.9843,1.0001,1.0,0.9995,35.972,0.0,0.0,0.0,547.588,57.373,587.404
132,2026-05-14T16:39:46.398081+00:00,browsing,GND,25.465,22.957,22.957,0.5183,0.4817,38.888,31.997,0.4514,0.5486,0.702,0.4469,0,0.9651,0.0182,0.0167,0.363,0.2413,0.01125,0.04807,0,0.9667,0.0167,0.0167,0.168,0.232,0.00176,0.00983,2,0.6498,0.2147,0.1355,0.191,0.2755,-0.0009,-0.00296,0.721,32.718,0.9631,0.0202,0.0167,0.9193,0.064,0.0167,0.3801,0.2891,0.3309,0.9662,0.0171,0.0167,0.9667,0.0167,0.0167,0.7058,0.1859,0.1083,1.0085,0.9704,0.9024,0.996,0.9779,0.9267,0.9988,0.9786,0.9919,1.0003,0.9953,0.983,0.9994,0.995,0.984,1.0001,1.0,0.9995,32.572,0.0,0.147,0.147,567.563,63.914,618.794
133,2026-05-14T16:39:52.408841+00:00,browsing,GND,18.476,31.16,31.16,0.5084,0.4916,32.562,40.121,0.552,0.448,0.716,0.442,0,0.9662,0.0171,0.0167,0.309,0.2375,0.00592,0.02559,0,0.9667,0.0167,0.0167,0.25,0.2282,0.00996,0.05422,2,0.7058,0.1859,0.1083,0.541,0.2755,0.03411,0.10559,1.1,41.221,0.9631,0.0202,0.0167,0.9193,0.064,0.0167,0.3801,0.2891,0.3309,0.9667,0.0167,0.0167,0.9667,0.0167,0.0167,0.7571,0.1589,0.084,1.0085,0.9704,0.9024,0.996,0.9779,0.9267,0.9988,0.9786,0.9919,1.0003,0.9953,0.9826,0.9994,0.9949,0.9836,1.0001,1.0,0.9993,35.595,7.56,0.526,5.626,575.122,64.44,624.42
142,2026-05-14T16:40:46.500099+00:00,browsing,GND,11.641,21.27,21.27,0.4919,0.5081,33.213,29.56,0.4709,0.5291,0.8146,0.3968,0,0.9667,0.0167,0.0167,0.069,0.2118,-0.01808,-0.08245,0,0.9667,0.0167,0.0167,0.201,0.1952,0.00511,0.02819,0,0.7571,0.1589,0.084,0.139,0.1029,-0.00612,-0.05502,0.409,29.969,0.9667,0.0167,0.0167,0.9335,0.0499,0.0167,0.4197,0.253,0.3274,0.9667,0.0167,0.0167,0.9667,0.0167,0.0167,0.7998,0.135,0.0652,1.0084,0.9655,0.8874,0.9943,0.9737,0.916,0.9947,0.9617,0.9839,1.0004,0.9952,0.9823,0.9993,0.9948,0.9833,1.0001,1.0,0.9992,30.126,0.0,0.0,0.0,603.992,70.789,668.702
145,2026-05-14T16:41:04.599282+00:00,browsing,GND,16.519,29.218,29.218,0.4712,0.5288,40.629,37.3,0.4786,0.5214,0.8341,0.3813,0,0.9667,0.0167,0.0167,0.391,0.2075,0.01411,0.05992,0,0.9667,0.0167,0.0167,0.086,0.1854,-0.0064,-0.03648,0,0.7998,0.135,0.0652,0.144,0.1029,-0.0056,-0.05027,0.621,37.921,0.9667,0.0167,0.0167,0.9373,0.046,0.0167,0.4328,0.2438,0.3234,0.9667,0.0167,0.0167,0.9667,0.0167,0.0167,0.8361,0.1137,0.0502,1.0086,0.9641,0.8837,0.9943,0.9728,0.9134,0.9943,0.9574,0.9812,1.0003,0.9951,0.9819,0.9994,0.9947,0.983,1.0002,1.0,0.9991,37.864,0.0,0.056,0.056,614.56,71.992,684.258
150,2026-05-14T16:41:34.646980+00:00,browsing,GND,21.856,26.008,26.008,0.4199,0.5801,48.444,33.763,0.4107,0.5893,0.8496,0.3552,0,0.9667,0.0167,0.0167,0.152,0.206,-0.00976,-0.04363,0,0.9667,0.0167,0.0167,0.103,0.1722,-0.00467,-0.0265,0,0.8361,0.1137,0.0502,0.193,0.1029,-0.00065,-0.00571,0.449,34.212,0.9667,0.0167,0.0167,0.9436,0.0398,0.0167,0.4546,0.2261,0.3193,0.9667,0.0167,0.0167,0.9667,0.0167,0.0167,0.8644,0.0966,0.039,1.0087,0.9606,0.8763,0.9938,0.9707,0.9083,0.9929,0.9494,0.9775,1.0004,0.995,0.9816,0.9994,0.9946,0.9827,1.0002,0.9999,0.999,34.326,0.0,0.0,0.0,697.267,74.129,776.858
151,2026-05-14T16:41:40.658815+00:00,browsing,GND,29.139,25.934,25.934,0.4083,0.5917,55.806,33.627,0.376,0.624,0.85,0.35,0,0.9667,0.0167,0.0167,0.16,0.2066,-0.00895,-0.03997,0,0.9667,0.0167,0.0167,0.041,0.1701,-0.01087,-0.06276,0,0.8644,0.0966,0.039,0.085,0.1029,-0.01153,-0.10636,0.286,33.913,0.9667,0.0167,0.0167,0.9436,0.0398,0.0167,0.4546,0.2261,0.3193,0.9667,0.0167,0.0167,0.9667,0.0167,0.0167,0.8928,0.0783,0.0289,1.0087,0.9606,0.8763,0.9938,0.9707,0.9083,0.9929,0.9494,0.9775,1.0004,0.9949,0.9812,0.9994,0.9945,0.9824,1.0002,0.9999,0.9989,34.19,0.0,0.0,0.0,697.267,74.129,776.858
152,2026-05-14T16:41:46.662289+00:00,browsing,GND,17.562,21.506,21.506,0.3944,0.6056,44.149,29.137,0.3976,0.6024,0.8496,0.3448,0,0.9667,0.0167,0.0167,0.161,0.2075,-0.00895,-0.03995,0,0.9667,0.0167,0.0167,0.223,0.1681,0.00734,0.04026,0,0.8928,0.0783,0.0289,0.196,0.1029,-0.00042,-0.0037,0.58,29.717,0.9667,0.0167,0.0167,0.9436,0.0398,0.0167,0.4546,0.2261,0.3193,0.9667,0.0167,0.0167,0.9667,0.0167,0.0167,0.912,0.0658,0.0222,1.0087,0.9606,0.8763,0.9938,0.9707,0.9083,0.9929,0.9494,0.9775,1.0005,0.9948,0.9809,0.9994,0.9944,0.9821,1.0002,0.9999,0.9988,29.7,0.0,0.017,0.017,697.267,74.145,776.875
153,2026-05-14T16:41:52.674802+00:00,browsing,GND,41.882,29.552,29.552,0.3771,0.6229,68.236,37.123,0.3523,0.6477,0.8482,0.3395,0,0.9667,0.0167,0.0167,0.585,0.2087,0.03354,0.13695,0,0.9667,0.0167,0.0167,0.191,0.1664,0.0041,0.02268,0,0.912,0.0658,0.0222,0.128,0.1029,-0.00716,-0.06476,0.905,38.027,0.9667,0.0167,0.0167,0.9436,0.0398,0.0167,0.4546,0.2261,0.3193,0.9667,0.0167,0.0167,0.9667,0.0167,0.0167,0.9297,0.0537,0.0167,1.0087,0.9606,0.8763,0.9938,0.9707,0.9083,0.9929,0.9494,0.9775,1.0003,0.9947,0.9806,0.9994,0.9943,0.9818,1.0002,0.9999,0.9987,37.686,0.0,0.342,0.342,697.267,74.487,777.217
155,2026-05-14T16:42:04.719174+00:00,browsing,GND,11.846,21.848,21.848,0.3575,0.6425,37.307,29.301,0.4399,0.5601,0.8429,0.3291,0,0.9667,0.0167,0.0167,0.417,0.2118,0.01668,0.07047,0,0.9667,0.0167,0.0167,0.158,0.1637,0.00081,0.00452,0,0.9297,0.0537,0.0167,0.052,0.1029,-0.01479,-0.1386,0.627,29.928,0.9667,0.0167,0.0167,0.9456,0.0377,0.0167,0.4629,0.2206,0.3165,0.9667,0.0167,0.0167,0.9667,0.0167,0.0167,0.9414,0.042,0.0167,1.009,0.9595,0.8743,0.994,0.9701,0.907,0.9933,0.9472,0.9764,1.0003,0.9946,0.9802,0.9994,0.9942,0.9815,1.0002,0.9999,0.9986,29.864,0.0,0.064,0.064,709.347,74.551,790.14
156,2026-05-14T16:42:10.689207+00:00,browsing,GND,22.057,25.859,25.859,0.3452,0.6548,46.89,33.254,0.4149,0.5851,0.8389,0.3239,0,0.9667,0.0167,0.0167,0.33,0.2138,0.00802,0.03451,0,0.9667,0.0167,0.0167,0.147,0.1626,-0.00035,-0.00196,0,0.9414,0.042,0.0167,0.046,0.1029,-0.01543,-0.14512,0.522,33.776,0.9667,0.0167,0.0167,0.9456,0.0377,0.0167,0.4629,0.2206,0.3165,0.9667,0.0167,0.0167,0.9667,0.0167,0.0167,0.9507,0.0326,0.0167,1.009,0.9595,0.8743,0.994,0.9701,0.907,0.9933,0.9472,0.9764,1.0002,0.9945,0.9799,0.9994,0.9941,0.9812,1.0003,0.9999,0.9985,33.817,0.0,0.0,0.0,709.347,74.551,790.14
157,2026-05-14T16:42:16.695061+00:00,browsing,GND,28.729,25.856,25.856,0.3344,0.6656,52.839,33.194,0.3858,0.6142,0.8341,0.3187,0,0.9667,0.0167,0.0167,0.224,0.216,-0.00256,-0.01126,0,0.9667,0.0167,0.0167,0.392,0.1618,0.02419,0.12695,0,0.9507,0.0326,0.0167,0.225,0.1029,0.00249,0.02158,0.841,34.035,0.9667,0.0167,0.0167,0.9456,0.0377,0.0167,0.4629,0.2206,0.3165,0.9667,0.0167,0.0167,0.9667,0.0167,0.0167,0.9561,0.0273,0.0167,1.009,0.9595,0.8743,0.994,0.9701,0.907,0.9933,0.9472,0.9764,1.0002,0.9944,0.9796,0.9993,0.994,0.9809,1.0003,0.9999,0.9984,33.758,0.0,0.278,0.278,709.347,74.829,790.418
159,2026-05-14T16:42:28.712172+00:00,browsing,GND,21.553,30.357,30.357,0.3047,0.6953,44.013,37.585,0.4606,0.5394,0.8219,0.3083,0,0.9667,0.0167,0.0167,0.067,0.2211,-0.01828,-0.08337,0,0.9667,0.0167,0.0167,0.108,0.1608,-0.00421,-0.02382,0,0.9561,0.0273,0.0167,0.134,0.1029,-0.00657,-0.05926,0.309,37.895,0.9667,0.0167,0.0167,0.9475,0.0358,0.0167,0.4665,0.2171,0.3164,0.9667,0.0167,0.0167,0.9667,0.0167,0.0167,0.9613,0.022,0.0167,1.0082,0.9584,0.8722,0.9942,0.9694,0.9056,0.9923,0.9451,0.9754,1.0003,0.9943,0.9792,0.9993,0.9939,0.9806,1.0003,0.9999,0.9983,38.149,0.0,0.0,0.0,729.903,76.857,815.0
161,2026-05-14T16:42:40.727461+00:00,browsing,GND,44.228,30.54,30.54,0.2892,0.7108,64.896,37.663,0.3672,0.6328,0.8065,0.298,0,0.9667,0.0167,0.0167,0.097,0.2271,-0.01527,-0.06919,0,0.9667,0.0167,0.0167,0.236,0.1608,0.0086,0.04702,0,0.9613,0.022,0.0167,0.047,0.1029,-0.01532,-0.14396,0.38,38.043,0.9667,0.0167,0.0167,0.9494,0.0339,0.0167,0.4719,0.2123,0.3159,0.9667,0.0167,0.0167,0.9667,0.0167,0.0167,0.9663,0.017,0.0167,1.0077,0.9573,0.8699,0.9943,0.9687,0.9041,0.9921,0.9429,0.9749,1.0004,0.9942,0.9789,0.9993,0.9938,0.9803,1.0003,0.9999,0.9982,38.228,0.0,0.0,0.0,756.895,77.352,844.529
162,2026-05-14T16:42:46.731972+00:00,browsing,GND,34.136,38.78,38.78,0.2794,0.7206,53.895,45.851,0.4597,0.5403,0.7976,0.2929,0,0.9667,0.0167,0.0167,0.353,0.2304,0.01031,0.04414,0,0.9667,0.0167,0.0167,0.158,0.1612,0.0008,0.00448,0,0.9663,0.017,0.0167,0.113,0.1029,-0.00868,-0.07901,0.624,46.475,0.9667,0.0167,0.0167,0.9494,0.0339,0.0167,0.4719,0.2123,0.3159,0.9667,0.0167,0.0167,0.9667,0.0167,0.0167,0.9667,0.0167,0.0167,1.0077,0.9573,0.8699,0.9943,0.9687,0.9041,0.9921,0.9429,0.9749,1.0004,0.9942,0.9785,0.9993,0.9937,0.98,1.0004,0.9999,0.9981,46.417,0.0,0.059,0.059,756.895,77.411,844.588
164,2026-05-14T16:42:58.739671+00:00,browsing,GND,12.577,21.859,21.859,0.2685,0.7315,30.561,28.83,0.4854,0.5146,0.7776,0.2828,0,0.9667,0.0167,0.0167,0.39,0.2375,0.01402,0.05956,0,0.9667,0.0167,0.0167,0.208,0.1626,0.00583,0.03213,0,0.9667,0.0167,0.0167,0.22,0.1029,0.002,0.01733,0.819,29.649,0.9667,0.0167,0.0167,0.9494,0.0339,0.0167,0.4799,0.2071,0.313,0.9667,0.0167,0.0167,0.9667,0.0167,0.0167,0.9667,0.0167,0.0167,1.0077,0.9562,0.8675,0.9933,0.9679,0.9026,0.9924,0.9407,0.9739,1.0003,0.9941,0.9782,0.9993,0.9936,0.9797,1.0004,0.9998,0.998,29.397,0.0,0.252,0.252,770.604,79.134,862.152
165,2026-05-14T16:43:04.748557+00:00,browsing,GND,21.986,25.197,25.197,0.2628,0.7372,39.118,32.119,0.4509,0.5491,0.7665,0.2777,0,0.9667,0.0167,0.0167,0.319,0.2413,0.00687,0.02963,0,0.9667,0.0167,0.0167,0.201,0.1637,0.00514,0.02835,0,0.9667,0.0167,0.0167,0.096,0.1029,-0.01043,-0.09571,0.616,32.735,0.9667,0.0167,0.0167,0.9494,0.0339,0.0167,0.4799,0.2071,0.313,0.9667,0.0167,0.0167,0.9667,0.0167,0.0167,0.9667,0.0167,0.0167,1.0077,0.9562,0.8675,0.9933,0.9679,0.9026,0.9924,0.9407,0.9739,1.0003,0.994,0.9778,0.9992,0.9935,0.9794,1.0004,0.9998,0.9979,32.687,0.0,0.048,0.048,770.604,79.183,862.2
167,2026-05-14T16:43:16.752421+00:00,browsing,GND,24.266,30.636,30.636,0.2462,0.7538,39.798,37.465,0.4849,0.5151,0.7425,0.2678,0,0.9667,0.0167,0.0167,0.552,0.2492,0.03021,0.12415,0,0.9667,0.0167,0.0167,0.118,0.1664,-0.00319,-0.018,0,0.9667,0.0167,0.0167,0.087,0.1029,-0.01126,-0.10376,0.758,38.223,0.9667,0.0167,0.0167,0.9512,0.0321,0.0167,0.4877,0.202,0.3103,0.9667,0.0167,0.0167,0.9667,0.0167,0.0167,0.9667,0.0167,0.0167,1.0077,0.9551,0.865,0.9935,0.9671,0.901,0.9926,0.9386,0.9729,1.0002,0.9939,0.9775,0.9993,0.9934,0.9791,1.0004,0.9998,0.9978,38.034,0.0,0.188,0.188,782.921,79.371,875.819
168,2026-05-14T16:43:22.766127+00:00,browsing,GND,18.075,29.195,29.195,0.2435,0.7565,32.864,35.978,0.5226,0.4774,0.7295,0.2629,1,0.9667,0.0167,0.0167,0.29,0.3284,0.00396,0.01198,0,0.9667,0.0167,0.0167,0.055,0.1681,-0.00948,-0.05451,0,0.9667,0.0167,0.0167,0.2,0.1029,1e-05,0.00013,0.545,36.523,0.9667,0.0167,0.0167,0.9512,0.0321,0.0167,0.4877,0.202,0.3103,0.9667,0.0167,0.0167,0.9667,0.0167,0.0167,0.9667,0.0167,0.0167,1.0077,0.9551,0.865,0.9935,0.9671,0.901,0.9926,0.9386,0.9729,1.0002,0.9938,0.9771,0.9993,0.9933,0.9788,1.0004,0.9998,0.9977,35.723,3.113,0.0,0.8,786.034,79.371,876.619
169,2026-05-14T16:43:28.777365+00:00,browsing,GND,13.489,26.6,26.6,0.2442,0.7558,27.575,33.338,0.5473,0.4527,0.716,0.258,0,0.9667,0.0167,0.0167,0.345,0.2574,0.0095,0.04071,0,0.9667,0.0167,0.0167,0.166,0.1701,0.00158,0.0088,0,0.9667,0.0167,0.0167,0.066,0.1029,-0.01336,-0.12438,0.577,33.915,0.9667,0.0167,0.0167,0.9512,0.0321,0.0167,0.4877,0.202,0.3103,0.9667,0.0167,0.0167,0.9667,0.0167,0.0167,0.9667,0.0167,0.0167,1.0077,0.9551,0.865,0.9935,0.9671,0.901,0.9926,0.9386,0.9729,1.0001,0.9937,0.9768,0.9993,0.9932,0.9785,1.0004,0.9998,0.9976,30.458,5.763,0.006,3.457,791.797,79.377,880.076
170,2026-05-14T16:43:34.788116+00:00,browsing,GND,22.744,29.068,29.068,0.2486,0.7514,36.167,35.762,0.4972,0.5028,0.702,0.2531,2,0.9667,0.0167,0.0167,0.3,0.4452,0.00503,0.0107,0,0.9667,0.0167,0.0167,0.112,0.1722,-0.00375,-0.02122,0,0.9667,0.0167,0.0167,0.016,0.1029,-0.0184,-0.17567,0.429,36.191,0.9667,0.0167,0.0167,0.9512,0.0321,0.0167,0.4877,0.202,0.3103,0.9667,0.0167,0.0167,0.9667,0.0167,0.0167,0.9667,0.0167,0.0167,1.0077,0.9551,0.865,0.9935,0.9671,0.901,0.9926,0.9386,0.9729,1.0001,0.9936,0.9767,0.9993,0.9931,0.9782,1.0005,0.9998,0.9975,36.334,0.0,0.0,0.0,791.797,79.377,880.076
171,2026-05-14T16:43:40.798298+00:00,browsing,GND,43.199,38.668,38.668,0.2466,0.7534,55.999,45.32,0.4473,0.5527,0.6875,0.2483,0,0.9667,0.0167,0.0167,0.232,0.2657,-0.0018,-0.00791,0,0.9667,0.0167,0.0167,0.128,0.1745,-0.00217,-0.01224,0,0.9667,0.0167,0.0167,0.176,0.1029,-0.00236,-0.02091,0.537,45.856,0.9667,0.0167,0.0167,0.9512,0.0321,0.0167,0.4877,0.202,0.3103,0.9667,0.0167,0.0167,0.9667,0.0167,0.0167,0.9667,0.0167,0.0167,1.0077,0.9551,0.865,0.9935,0.9671,0.901,0.9926,0.9386,0.9729,1.0001,0.9935,0.9764,0.9993,0.993,0.9779,1.0005,0.9998,0.9974,45.892,0.0,0.0,0.0,791.797,79.377,880.076
172,2026-05-14T16:43:46.803302+00:00,browsing,GND,26.647,32.549,32.549,0.243,0.757,38.863,39.159,0.5019,0.4981,0.6725,0.2436,0,0.9667,0.0167,0.0167,0.205,0.2699,-0.00449,-0.01986,0,0.9667,0.0167,0.0167,0.231,0.177,0.00806,0.04411,0,0.9667,0.0167,0.0167,0.095,0.1029,-0.01045,-0.09595,0.531,39.69,0.9667,0.0167,0.0167,0.9512,0.0321,0.0167,0.4877,0.202,0.3103,0.9667,0.0167,0.0167,0.9667,0.0167,0.0167,0.9667,0.0167,0.0167,1.0077,0.9551,0.865,0.9935,0.9671,0.901,0.9926,0.9386,0.9729,1.0001,0.9934,0.976,0.9993,0.9929,0.9776,1.0005,0.9998,0.9973,39.733,0.296,0.0,0.0,792.094,79.377,880.076
173,2026-05-14T16:43:52.810789+00:00,browsing,GND,12.034,21.574,21.574,0.2419,0.7581,23.703,28.143,0.5428,0.4572,0.6572,0.2388,0,0.9667,0.0167,0.0167,0.194,0.2741,-0.00561,-0.02485,0,0.9667,0.0167,0.0167,0.241,0.1796,0.00911,0.04973,0,0.9667,0.0167,0.0167,0.056,0.1029,-0.01435,-0.13428,0.491,28.634,0.9667,0.0167,0.0167,0.9512,0.0321,0.0167,0.4877,0.202,0.3103,0.9667,0.0167,0.0167,0.9667,0.0167,0.0167,0.9667,0.0167,0.0167,1.0077,0.9551,0.865,0.9935,0.9671,0.901,0.9926,0.9386,0.9729,1.0002,0.9933,0.9756,0.9992,0.9928,0.9773,1.0006,0.9998,0.9972,26.641,4.44,0.0,1.994,796.534,79.377,882.069
174,2026-05-14T16:43:58.858141+00:00,browsing,GND,21.547,25.111,25.111,0.2467,0.7533,32.703,31.64,0.4917,0.5083,0.6415,0.2342,0,0.9667,0.0167,0.0167,0.152,0.2782,-0.00981,-0.04386,0,0.9667,0.0167,0.0167,0.306,0.1825,0.01565,0.08394,0,0.9667,0.0167,0.0167,0.066,0.1029,-0.01343,-0.12514,0.524,32.164,0.9667,0.0167,0.0167,0.9512,0.0321,0.0167,0.4877,0.202,0.3103,0.9667,0.0167,0.0167,0.9667,0.0167,0.0167,0.9667,0.0167,0.0167,1.0077,0.9551,0.865,0.9935,0.9671,0.901,0.9926,0.9386,0.9729,1.0002,0.9932,0.9753,0.9992,0.9927,0.977,1.0006,0.9998,0.9971,32.215,0.0,0.0,0.0,796.534,79.377,882.069
176,2026-05-14T16:44:10.847982+00:00,browsing,GND,37.094,29.806,29.806,0.2569,0.7431,47.327,36.258,0.4338,0.5662,0.6091,0.225,0,0.9667,0.0167,0.0167,0.188,0.2862,-0.00623,-0.02762,0,0.9667,0.0167,0.0167,0.17,0.1886,0.00205,0.01139,0,0.9667,0.0167,0.0167,0.08,0.1029,-0.01205,-0.11149,0.438,36.696,0.9667,0.0167,0.0167,0.9527,0.0306,0.0167,0.4936,0.1976,0.3089,0.9667,0.0167,0.0167,0.9667,0.0167,0.0167,0.9667,0.0167,0.0167,1.0076,0.9544,0.8621,0.9935,0.9665,0.8992,0.9924,0.9364,0.972,1.0002,0.9931,0.9749,0.9992,0.9926,0.9767,1.0006,0.9997,0.997,36.836,0.0,0.0,0.0,796.534,79.514,882.206
177,2026-05-14T16:44:16.858184+00:00,browsing,GND,27.713,22.953,22.953,0.2503,0.7497,37.531,29.367,0.439,0.561,0.5926,0.2205,0,0.9667,0.0167,0.0167,0.196,0.2901,-0.00537,-0.02377,0,0.9667,0.0167,0.0167,0.18,0.1918,0.00303,0.01683,0,0.9667,0.0167,0.0167,0.065,0.1029,-0.01348,-0.12555,0.442,29.809,0.9667,0.0167,0.0167,0.9527,0.0306,0.0167,0.4936,0.1976,0.3089,0.9667,0.0167,0.0167,0.9667,0.0167,0.0167,0.9667,0.0167,0.0167,1.0076,0.9544,0.8621,0.9935,0.9665,0.8992,0.9924,0.9364,0.972,1.0003,0.993,0.9745,0.9992,0.9925,0.9764,1.0007,0.9997,0.9969,29.945,0.0,0.0,0.0,796.534,79.514,882.206
178,2026-05-14T16:44:22.884338+00:00,browsing,GND,40.622,26.736,26.736,0.2401,0.7599,50.053,33.114,0.3982,0.6018,0.5758,0.216,0,0.9667,0.0167,0.0167,0.247,0.2939,-0.00035,-0.00151,0,0.9667,0.0167,0.0167,0.361,0.1952,0.02109,0.11155,0,0.9667,0.0167,0.0167,0.052,0.1029,-0.01478,-0.13857,0.66,33.774,0.9667,0.0167,0.0167,0.9527,0.0306,0.0167,0.4936,0.1976,0.3089,0.9667,0.0167,0.0167,0.9667,0.0167,0.0167,0.9667,0.0167,0.0167,1.0076,0.9544,0.8621,0.9935,0.9665,0.8992,0.9924,0.9364,0.972,1.0003,0.9929,0.9742,0.9991,0.9924,0.9761,1.0007,0.9997,0.9968,33.694,0.0,0.08,0.08,796.534,79.594,882.286
179,2026-05-14T16:44:28.879070+00:00,browsing,GND,22.942,30.593,30.593,0.2303,0.7697,32.011,36.936,0.5357,0.4643,0.559,0.2117,0,0.9667,0.0167,0.0167,0.193,0.2975,-0.00569,-0.0252,0,0.9667,0.0167,0.0167,0.142,0.1986,-0.00083,-0.00466,0,0.9667,0.0167,0.0167,0.125,0.1029,-0.00749,-0.06782,0.46,37.396,0.9667,0.0167,0.0167,0.9527,0.0306,0.0167,0.4936,0.1976,0.3089,0.9667,0.0167,0.0167,0.9667,0.0167,0.0167,0.9667,0.0167,0.0167,1.0076,0.9544,0.8621,0.9935,0.9665,0.8992,0.9924,0.9364,0.972,1.0003,0.9928,0.9738,0.9991,0.9923,0.9757,1.0007,0.9997,0.9967,34.912,4.924,0.0,2.484,801.458,79.594,884.769
180,2026-05-14T16:44:34.955592+00:00,browsing,GND,31.954,25.698,25.698,0.2324,0.7676,40.688,32.006,0.4403,0.5597,0.542,0.2073,0,0.9667,0.0167,0.0167,0.23,0.301,-0.00202,-0.00889,0,0.9667,0.0167,0.0167,0.119,0.2022,-0.00309,-0.01745,0,0.9667,0.0167,0.0167,0.153,0.1029,-0.00472,-0.04222,0.502,32.507,0.9667,0.0167,0.0167,0.9527,0.0306,0.0167,0.4936,0.1976,0.3089,0.9667,0.0167,0.0167,0.9667,0.0167,0.0167,0.9667,0.0167,0.0167,1.0076,0.9544,0.8621,0.9935,0.9665,0.8992,0.9924,0.9364,0.972,1.0003,0.9927,0.9734,0.9991,0.9922,0.9754,1.0007,0.9997,0.9966,32.587,0.0,0.0,0.0,801.458,79.594,884.769
181,2026-05-14T16:44:40.923961+00:00,browsing,GND,37.174,30.615,30.615,0.2247,0.7753,45.595,36.889,0.4472,0.5528,0.525,0.2031,0,0.9667,0.0167,0.0167,0.135,0.3043,-0.01148,-0.05157,0,0.9667,0.0167,0.0167,0.293,0.2058,0.01429,0.07694,0,0.9667,0.0167,0.0167,0.086,0.1029,-0.0114,-0.10516,0.514,37.403,0.9667,0.0167,0.0167,0.9527,0.0306,0.0167,0.4936,0.1976,0.3089,0.9667,0.0167,0.0167,0.9667,0.0167,0.0167,0.9667,0.0167,0.0167,1.0076,0.9544,0.8621,0.9935,0.9665,0.8992,0.9924,0.9364,0.972,1.0004,0.9926,0.973,0.9991,0.9921,0.9751,1.0008,0.9997,0.9965,37.471,0.0,0.0,0.0,801.458,79.594,884.769
182,2026-05-14T16:44:46.935880+00:00,browsing,GND,30.531,28.913,28.913,0.2196,0.7804,38.661,35.154,0.4762,0.5238,0.508,0.1989,0,0.9667,0.0167,0.0167,0.28,0.3074,0.00301,0.01309,0,0.9667,0.0167,0.0167,0.154,0.2095,0.00039,0.00217,0,0.9667,0.0167,0.0167,0.164,0.1029,-0.00365,-0.03245,0.598,35.751,0.9667,0.0167,0.0167,0.9527,0.0306,0.0167,0.4936,0.1976,0.3089,0.9667,0.0167,0.0167,0.9667,0.0167,0.0167,0.9667,0.0167,0.0167,1.0076,0.9544,0.8621,0.9935,0.9665,0.8992,0.9924,0.9364,0.972,1.0003,0.9925,0.9726,0.9991,0.992,0.9748,1.0008,0.9997,0.9964,35.737,0.0,0.014,0.014,801.458,79.608,884.783
183,2026-05-14T16:44:52.934907+00:00,browsing,GND,19.119,21.565,21.565,0.216,0.784,26.978,27.774,0.5073,0.4927,0.491,0.1947,0,0.9667,0.0167,0.0167,0.211,0.3103,-0.00388,-0.01711,0,0.9667,0.0167,0.0167,0.144,0.2132,-0.00061,-0.00341,0,0.9667,0.0167,0.0167,0.12,0.1029,-0.008,-0.07259,0.475,28.249,0.9667,0.0167,0.0167,0.9527,0.0306,0.0167,0.4936,0.1976,0.3089,0.9667,0.0167,0.0167,0.9667,0.0167,0.0167,0.9667,0.0167,0.0167,1.0076,0.9544,0.8621,0.9935,0.9665,0.8992,0.9924,0.9364,0.972,1.0004,0.9924,0.9722,0.9991,0.9918,0.9745,1.0008,0.9997,0.9963,28.359,0.796,0.0,0.0,802.255,79.608,884.783
184,2026-05-14T16:44:58.945110+00:00,browsing,GND,13.077,26.41,26.41,0.2136,0.7864,20.684,32.587,0.6117,0.3883,0.4742,0.1906,0,0.9667,0.0167,0.0167,0.313,0.313,0.00629,0.02717,0,0.9667,0.0167,0.0167,0.185,0.2169,0.00346,0.0192,0,0.9667,0.0167,0.0167,0.153,0.1029,-0.00472,-0.04218,0.65,33.238,0.9667,0.0167,0.0167,0.9527,0.0306,0.0167,0.4936,0.1976,0.3089,0.9667,0.0167,0.0167,0.9667,0.0167,0.0167,0.9667,0.0167,0.0167,1.0076,0.9544,0.8621,0.9935,0.9665,0.8992,0.9924,0.9364,0.972,1.0003,0.9923,0.9719,0.9991,0.9917,0.9741,1.0008,0.9997,0.9962,23.486,11.903,0.065,9.751,814.158,79.673,894.535
186,2026-05-14T16:45:10.958428+00:00,browsing,GND,29.975,22.362,22.362,0.232,0.768,37.129,28.48,0.4341,0.5659,0.4409,0.1827,0,0.9667,0.0167,0.0167,0.617,0.3177,0.0367,0.14891,0,0.9667,0.0167,0.0167,0.207,0.2245,0.0057,0.03137,0,0.9667,0.0167,0.0167,0.053,0.1029,-0.01472,-0.13799,0.877,29.357,0.9667,0.0167,0.0167,0.9539,0.0295,0.0167,0.4994,0.1937,0.3069,0.9667,0.0167,0.0167,0.9667,0.0167,0.0167,0.9667,0.0167,0.0167,1.0079,0.9538,0.8593,0.9935,0.966,0.8973,0.9921,0.9347,0.971,1.0002,0.9922,0.9715,0.999,0.9916,0.9738,1.0008,0.9997,0.9961,29.067,0.0,0.29,0.29,817.171,80.423,900.49
187,2026-05-14T16:45:16.967128+00:00,browsing,GND,37.413,29.929,29.929,0.2212,0.7788,44.364,36.018,0.4481,0.5519,0.4246,0.1789,0,0.9667,0.0167,0.0167,0.117,0.3196,-0.01329,-0.05992,0,0.9667,0.0167,0.0167,0.202,0.2282,0.00522,0.02881,0,0.9667,0.0167,0.0167,0.091,0.1029,-0.01088,-0.1001,0.411,36.429,0.9667,0.0167,0.0167,0.9539,0.0295,0.0167,0.4994,0.1937,0.3069,0.9667,0.0167,0.0167,0.9667,0.0167,0.0167,0.9667,0.0167,0.0167,1.0079,0.9538,0.8593,0.9935,0.966,0.8973,0.9921,0.9347,0.971,1.0003,0.9921,0.9711,0.999,0.9915,0.9735,1.0009,0.9997,0.996,36.606,0.0,0.0,0.0,817.171,80.423,900.49
188,2026-05-14T16:45:22.972559+00:00,browsing,GND,12.124,26.331,26.331,0.216,0.784,18.886,32.392,0.6317,0.3683,0.4085,0.1751,0,0.9667,0.0167,0.0167,0.183,0.3213,-0.00666,-0.02959,0,0.9667,0.0167,0.0167,0.401,0.232,0.02513,0.13155,0,0.9667,0.0167,0.0167,0.063,0.1029,-0.01368,-0.12763,0.648,33.04,0.9667,0.0167,0.0167,0.9539,0.0295,0.0167,0.4994,0.1937,0.3069,0.9667,0.0167,0.0167,0.9667,0.0167,0.0167,0.9667,0.0167,0.0167,1.0079,0.9538,0.8593,0.9935,0.966,0.8973,0.9921,0.9347,0.971,1.0003,0.992,0.9707,0.999,0.9914,0.9731,1.0009,0.9996,0.9959,21.59,13.506,0.059,11.45,830.677,80.482,911.94
189,2026-05-14T16:45:28.974782+00:00,browsing,GND,32.252,31.443,31.443,0.2504,0.7496,38.84,37.477,0.4911,0.5089,0.3928,0.1714,0,0.9667,0.0167,0.0167,0.321,0.3228,0.00711,0.03063,0,0.9667,0.0167,0.0167,0.088,0.2356,-0.00624,-0.03556,0,0.9667,0.0167,0.0167,0.085,0.1029,-0.01149,-0.10603,0.494,37.971,0.9667,0.0167,0.0167,0.9539,0.0295,0.0167,0.4994,0.1937,0.3069,0.9667,0.0167,0.0167,0.9667,0.0167,0.0167,0.9667,0.0167,0.0167,1.0079,0.9538,0.8593,0.9935,0.966,0.8973,0.9921,0.9347,0.971,1.0003,0.9919,0.9703,0.999,0.9913,0.9728,1.0009,0.9996,0.9958,38.066,0.0,0.0,0.0,830.677,80.482,911.94
190,2026-05-14T16:45:34.981876+00:00,browsing,GND,17.922,21.847,21.847,0.2483,0.7517,24.347,27.855,0.5336,0.4664,0.3775,0.1678,0,0.9667,0.0167,0.0167,0.111,0.3239,-0.01391,-0.06279,0,0.9667,0.0167,0.0167,0.24,0.2393,0.00902,0.04921,0,0.9667,0.0167,0.0167,0.107,0.1029,-0.00934,-0.08531,0.458,28.313,0.9667,0.0167,0.0167,0.9539,0.0295,0.0167,0.4994,0.1937,0.3069,0.9667,0.0167,0.0167,0.9667,0.0167,0.0167,0.9667,0.0167,0.0167,1.0079,0.9538,0.8593,0.9935,0.966,0.8973,0.9921,0.9347,0.971,1.0003,0.9918,0.9699,0.9989,0.9912,0.9725,1.001,0.9996,0.9957,27.006,3.508,0.0,1.306,834.184,80.482,913.246
191,2026-05-14T16:45:41.130878+00:00,browsing,GND,30.89,29.059,29.059,0.2516,0.7484,37.165,35.042,0.4853,0.5147,0.3625,0.1642,0,0.9667,0.0167,0.0167,0.55,0.3248,0.03,0.12333,0,0.9667,0.0167,0.0167,0.261,0.2428,0.01114,0.06043,0,0.9667,0.0167,0.0167,0.049,0.1029,-0.01505,-0.14137,0.861,35.903,0.9667,0.0167,0.0167,0.9539,0.0295,0.0167,0.4994,0.1937,0.3069,0.9667,0.0167,0.0167,0.9667,0.0167,0.0167,0.9667,0.0167,0.0167,1.0079,0.9538,0.8593,0.9935,0.966,0.8973,0.9921,0.9347,0.971,1.0002,0.9917,0.9695,0.9989,0.9911,0.9722,1.001,0.9996,0.9956,35.632,0.0,0.27,0.27,834.184,80.753,913.516
192,2026-05-14T16:45:47.139413+00:00,browsing,GND,18.613,21.748,21.748,0.2485,0.7515,24.748,27.706,0.5282,0.4718,0.348,0.1608,0,0.9667,0.0167,0.0167,0.325,0.3254,0.00749,0.03226,0,0.9667,0.0167,0.0167,0.161,0.2463,0.00106,0.00589,0,0.9667,0.0167,0.0167,0.176,0.1029,-0.00241,-0.02132,0.661,28.367,0.9667,0.0167,0.0167,0.9539,0.0295,0.0167,0.4994,0.1937,0.3069,0.9667,0.0167,0.0167,0.9667,0.0167,0.0167,0.9667,0.0167,0.0167,1.0079,0.9538,0.8593,0.9935,0.966,0.8973,0.9921,0.9347,0.971,1.0002,0.9916,0.9691,0.9989,0.991,0.9718,1.001,0.9996,0.9955,27.371,2.958,0.07,0.996,837.142,80.823,914.512
198,2026-05-14T16:46:23.189097+00:00,mixed,GND,16.108,28.86,28.86,0.5728,0.4272,21.606,34.686,0.6162,0.3838,0.2724,0.1418,0,0.9667,0.0167,0.0167,0.204,0.2999,-0.00458,-0.02025,0,0.9667,0.0167,0.0167,0.103,0.2466,-0.0047,-0.02665,1,0.3333,0.3333,0.3333,0.173,0.1714,-0.00269,-0.01264,0.48,35.166,0.9667,0.0167,0.0167,0.9583,0.0251,0.0167,0.3413,0.3211,0.3375,0.9667,0.0167,0.0167,0.9667,0.0167,0.0167,0.3891,0.3179,0.293,1.0078,0.951,0.849,0.9927,0.9642,0.8893,0.9985,0.993,0.9972,1.0002,0.9915,0.9688,0.9989,0.9909,0.9715,1.0,1.0,0.9999,24.478,13.08,0.0,10.688,852.021,85.319,933.504
200,2026-05-14T16:46:35.201894+00:00,mixed,GND,43.793,38.609,38.609,0.6044,0.3956,49.144,44.397,0.4746,0.5254,0.2524,0.1362,0,0.9667,0.0167,0.0167,0.492,0.2968,0.02415,0.10045,0,0.9667,0.0167,0.0167,0.167,0.2514,0.00171,0.00954,0,0.3891,0.3179,0.293,0.121,0.0971,-0.00785,-0.06687,0.78,45.177,0.9667,0.0167,0.0167,0.9593,0.0241,0.0167,0.3445,0.3168,0.3387,0.9667,0.0167,0.0167,0.9667,0.0167,0.0167,0.4488,0.297,0.2541,1.0079,0.9504,0.8473,0.9927,0.9638,0.888,0.9982,0.9905,0.9962,1.0001,0.9914,0.9684,0.9989,0.9908,0.9712,1.0,1.0,0.9998,44.991,0.0,0.187,0.187,852.021,85.506,933.691
201,2026-05-14T16:46:41.203734+00:00,mixed,GND,11.814,21.625,21.625,0.6013,0.3987,17.102,27.395,0.6157,0.3843,0.2435,0.1335,0,0.9667,0.0167,0.0167,0.476,0.2948,0.02261,0.09433,0,0.9667,0.0167,0.0167,0.138,0.2535,-0.00117,-0.00657,0,0.4488,0.297,0.2541,0.067,0.0971,-0.01326,-0.1156,0.682,28.077,0.9667,0.0167,0.0167,0.9593,0.0241,0.0167,0.3445,0.3168,0.3387,0.9667,0.0167,0.0167,0.9667,0.0167,0.0167,0.5153,0.2702,0.2146,1.0079,0.9504,0.8473,0.9927,0.9638,0.888,0.9982,0.9905,0.9962,1.0,0.9912,0.9681,0.9989,0.9907,0.9709,1.0001,1.0,0.9997,20.012,10.293,0.089,8.065,862.314,85.595,941.756
205,2026-05-14T16:47:05.237512+00:00,mixed,GND,19.218,24.825,24.825,0.7375,0.2625,24.319,30.531,0.5566,0.4434,0.2159,0.1238,0,0.9667,0.0167,0.0167,0.065,0.2845,-0.01848,-0.0843,2,0.9667,0.0167,0.0167,0.199,0.4036,0.00492,0.01163,1,0.5153,0.2702,0.2146,0.684,0.1714,0.04844,0.20376,0.949,31.48,0.9667,0.0167,0.0167,0.9624,0.021,0.0167,0.3532,0.3038,0.3431,0.9667,0.0167,0.0167,0.9667,0.0167,0.0167,0.5805,0.2375,0.182,1.0076,0.9483,0.8425,0.9931,0.9627,0.883,0.9965,0.9819,0.9931,1.0001,0.9911,0.9677,0.9989,0.9905,0.9708,1.0001,0.9998,0.9996,27.308,6.212,0.357,4.172,868.525,91.871,953.802
206,2026-05-14T16:47:11.247226+00:00,mixed,GND,30.837,29.127,29.127,0.7449,0.2551,35.908,34.819,0.4923,0.5077,0.2111,0.1216,0,0.9667,0.0167,0.0167,0.248,0.2814,-0.00022,-0.00096,0,0.9667,0.0167,0.0167,0.175,0.261,0.00245,0.01362,2,0.5805,0.2375,0.182,0.368,0.2449,0.01675,0.05325,0.79,35.609,0.9667,0.0167,0.0167,0.9624,0.021,0.0167,0.3532,0.3038,0.3431,0.9667,0.0167,0.0167,0.9667,0.0167,0.0167,0.6377,0.2117,0.1506,1.0076,0.9483,0.8425,0.9931,0.9627,0.883,0.9965,0.9819,0.9931,1.0001,0.991,0.9674,0.9989,0.9904,0.9705,1.0001,0.9998,0.9995,35.411,0.0,0.198,0.198,868.525,92.069,954.0
210,2026-05-14T16:47:35.268528+00:00,instagram,GND,25.352,21.294,21.294,0.551,0.449,30.355,26.937,0.4702,0.5298,0.2004,0.1139,0,0.9667,0.0167,0.0167,0.094,0.313,-0.01561,-0.07077,0,0.9667,0.0167,0.0167,0.181,0.2986,0.00309,0.01713,0,0.7746,0.1533,0.0721,0.289,0.1857,0.00888,0.04671,0.564,27.501,0.9667,0.0167,0.0167,0.9647,0.0186,0.0167,0.2544,0.2544,0.4911,0.9667,0.0167,0.0167,0.9667,0.0167,0.0167,0.7894,0.1451,0.0656,1.0078,0.9458,0.8381,0.993,0.9614,0.8794,0.6875,0.6348,0.9814,1.0002,0.9909,0.967,0.9989,0.9903,0.9702,0.9999,0.9989,0.9973,27.614,0.0,0.0,0.0,870.908,92.266,958.409
213,2026-05-14T16:47:53.287083+00:00,instagram,GND,16.707,29.243,29.243,0.5827,0.4173,21.718,34.856,0.6161,0.3839,0.2018,0.1092,0,0.9667,0.0167,0.0167,0.16,0.301,-0.009,-0.04019,0,0.9667,0.0167,0.0167,0.153,0.2975,0.00028,0.00158,1,0.7894,0.1451,0.0656,0.475,0.2619,0.02755,0.0999,0.788,35.644,0.9667,0.0167,0.0167,0.9662,0.0171,0.0167,0.2399,0.2399,0.5201,0.9667,0.0167,0.0167,0.9667,0.0167,0.0167,0.8064,0.1346,0.059,1.0074,0.943,0.8334,0.9928,0.96,0.8761,0.615,0.5448,0.9777,1.0002,0.9908,0.9666,0.9989,0.9902,0.9698,0.9999,0.9987,0.9971,26.24,13.138,0.114,9.404,884.046,92.916,968.349
215,2026-05-14T16:48:05.305783+00:00,instagram,GND,13.024,26.365,26.365,0.616,0.384,18.069,31.961,0.6388,0.3612,0.2071,0.1066,0,0.9667,0.0167,0.0167,0.191,0.2928,-0.0059,-0.02614,0,0.9667,0.0167,0.0167,0.197,0.2956,0.00474,0.02616,0,0.8064,0.1346,0.059,0.23,0.1857,0.00298,0.01592,0.618,32.58,0.9667,0.0167,0.0167,0.9667,0.0167,0.0167,0.2329,0.2329,0.5342,0.9667,0.0167,0.0167,0.9667,0.0167,0.0167,0.8206,0.1262,0.0532,1.0073,0.9416,0.8311,0.9926,0.9592,0.8745,0.5755,0.5,0.9756,1.0002,0.9907,0.9662,0.9989,0.9901,0.9695,0.9999,0.9987,0.997,22.582,13.892,0.0,9.998,897.938,92.923,978.355
218,2026-05-14T16:48:23.336063+00:00,instagram,GND,17.441,25.382,25.382,0.6612,0.3388,22.58,30.959,0.5783,0.4217,0.2216,0.1035,0,0.9667,0.0167,0.0167,0.335,0.2802,0.00846,0.03636,0,0.9667,0.0167,0.0167,0.122,0.2911,-0.00285,-0.01604,0,0.8206,0.1262,0.0532,0.129,0.1857,-0.00706,-0.03873,0.586,31.545,0.9667,0.0167,0.0167,0.9667,0.0167,0.0167,0.2182,0.2182,0.5635,0.9667,0.0167,0.0167,0.9667,0.0167,0.0167,0.836,0.1167,0.0473,1.0075,0.9388,0.8264,0.9925,0.9576,0.8713,0.5,0.5,0.9723,1.0002,0.9906,0.9658,0.9989,0.99,0.9691,0.9999,0.9986,0.9969,27.069,8.379,0.0,4.476,907.478,92.923,986.745
219,2026-05-14T16:48:29.346049+00:00,instagram,GND,14.088,21.637,21.637,0.6713,0.3287,19.27,27.209,0.5854,0.4146,0.2281,0.1027,0,0.9667,0.0167,0.0167,0.327,0.2761,0.00766,0.03297,0,0.9667,0.0167,0.0167,0.099,0.2892,-0.00513,-0.02914,0,0.836,0.1167,0.0473,0.182,0.1857,-0.00181,-0.00978,0.607,27.816,0.9667,0.0167,0.0167,0.9667,0.0167,0.0167,0.2182,0.2182,0.5635,0.9667,0.0167,0.0167,0.9667,0.0167,0.0167,0.8493,0.1085,0.0422,1.0075,0.9388,0.8264,0.9925,0.9576,0.8713,0.5,0.5,0.9723,1.0002,0.9904,0.9654,0.9989,0.9898,0.9688,0.9999,0.9986,0.9967,23.752,7.94,0.0,4.065,915.417,92.923,990.81
221,2026-05-14T16:48:41.353569+00:00,instagram,GND,38.655,33.405,33.405,0.6727,0.3273,43.943,38.969,0.47,0.53,0.2435,0.1014,0,0.9667,0.0167,0.0167,0.727,0.2681,0.04774,0.18967,0,0.9667,0.0167,0.0167,0.134,0.2848,-0.0016,-0.00901,0,0.8493,0.1085,0.0422,0.104,0.1857,-0.00964,-0.05332,0.965,39.934,0.9667,0.0167,0.0167,0.9667,0.0167,0.0167,0.2113,0.2113,0.5774,0.9667,0.0167,0.0167,0.9667,0.0167,0.0167,0.8631,0.0997,0.0372,1.0066,0.9375,0.8239,0.9924,0.9567,0.8698,0.5,0.5,0.9703,1.0,0.9903,0.965,0.9989,0.9897,0.9685,1.0,0.9985,0.9966,39.636,0.0,0.298,0.298,922.307,94.636,1003.219
225,2026-05-14T16:49:06.020096+00:00,mixed,GND,13.297,21.498,21.498,0.7521,0.2479,18.879,27.054,0.589,0.411,0.2835,0.1001,0,0.9667,0.0167,0.0167,0.391,0.2076,0.0141,0.05984,0,0.9667,0.0167,0.0167,0.106,0.2381,-0.00435,-0.02464,1,0.6377,0.2117,0.1506,0.267,0.1714,0.00666,0.0306,0.764,27.818,0.9667,0.0167,0.0167,0.9667,0.0167,0.0167,0.3627,0.2916,0.3457,0.9667,0.0167,0.0167,0.9667,0.0167,0.0167,0.6914,0.1856,0.123,1.0062,0.9338,0.8163,0.9911,0.954,0.8651,0.9953,0.9743,0.9898,0.9999,0.9902,0.9647,0.9989,0.9896,0.9682,1.0001,0.9998,0.9994,21.908,8.174,0.187,5.91,932.14,98.319,1018.083
228,2026-05-14T16:49:24.045133+00:00,mixed,GND,12.456,26.395,26.395,0.7588,0.2412,18.342,31.952,0.6353,0.3647,0.3205,0.1002,1,0.9667,0.0167,0.0167,0.366,0.3267,0.01161,0.0346,0,0.9667,0.0167,0.0167,0.34,0.2284,0.01902,0.10111,0,0.6914,0.1856,0.123,0.22,0.0971,0.00197,0.01609,0.926,32.878,0.9667,0.0167,0.0167,0.9667,0.0167,0.0167,0.3664,0.2842,0.3495,0.9667,0.0167,0.0167,0.9667,0.0167,0.0167,0.7334,0.1651,0.1015,1.0061,0.9324,0.813,0.9904,0.9527,0.8629,0.9939,0.9701,0.9885,0.9999,0.9902,0.9644,0.9989,0.9895,0.9679,1.0001,0.9998,0.9993,21.352,13.61,0.351,11.526,960.892,99.619,1050.589
236,2026-05-14T16:50:12.203217+00:00,mixed,GND,16.173,28.754,28.754,0.8403,0.1597,23.327,34.343,0.5955,0.4045,0.4409,0.1055,0,0.9667,0.0167,0.0167,0.214,0.1838,-0.00359,-0.01583,0,0.9667,0.0167,0.0167,0.162,0.1991,0.0012,0.0067,0,0.7334,0.1651,0.1015,0.081,0.0971,-0.01193,-0.10343,0.457,34.8,0.9667,0.0167,0.0167,0.9667,0.0167,0.0167,0.3839,0.2577,0.3585,0.9667,0.0167,0.0167,0.9667,0.0167,0.0167,0.7802,0.14,0.0799,1.0058,0.9286,0.8003,0.9896,0.9486,0.8549,0.9896,0.9531,0.982,0.9999,0.9901,0.9641,0.9988,0.9894,0.9676,1.0002,0.9997,0.9992,26.276,11.016,0.0,8.524,985.532,104.19,1081.957
238,2026-05-14T16:50:24.224741+00:00,mixed,GND,41.669,28.918,28.918,0.8592,0.1408,49.276,34.522,0.412,0.588,0.4742,0.1079,0,0.9667,0.0167,0.0167,0.233,0.1829,-0.00167,-0.00732,0,0.9667,0.0167,0.0167,0.123,0.1916,-0.00269,-0.01519,0,0.7802,0.14,0.0799,0.253,0.0971,0.00534,0.04306,0.61,35.132,0.9667,0.0167,0.0167,0.9667,0.0167,0.0167,0.3862,0.2542,0.3596,0.9667,0.0167,0.0167,0.9667,0.0167,0.0167,0.8113,0.1234,0.0653,1.0056,0.9281,0.7982,0.9894,0.9481,0.8536,0.9889,0.9509,0.981,0.9999,0.99,0.9638,0.9989,0.9893,0.9673,1.0001,0.9997,0.9991,35.091,0.0,0.041,0.041,985.532,105.711,1083.478
240,2026-05-14T16:50:36.244340+00:00,instagram,GND,17.592,25.655,25.655,0.7014,0.2986,25.722,31.277,0.5487,0.4513,0.508,0.1107,0,0.9667,0.0167,0.0167,0.218,0.2289,-0.00317,-0.01395,0,0.9667,0.0167,0.0167,0.23,0.22,0.00804,0.04401,0,0.8631,0.0997,0.0372,0.157,0.1857,-0.0043,-0.02342,0.606,31.883,0.9667,0.0167,0.0167,0.9667,0.0167,0.0167,0.192,0.192,0.6159,0.9667,0.0167,0.0167,0.9667,0.0167,0.0167,0.8748,0.0921,0.0331,1.0058,0.9277,0.7961,0.9893,0.9476,0.8524,0.5,0.5,0.9632,1.0,0.9899,0.9634,0.9988,0.9892,0.967,1.0,0.9985,0.9965,30.071,5.555,0.0,1.812,991.087,108.587,1088.166
242,2026-05-14T16:50:48.259752+00:00,instagram,GND,26.356,22.73,22.73,0.6947,0.3053,35.09,28.373,0.4471,0.5529,0.542,0.1139,0,0.9667,0.0167,0.0167,0.439,0.2304,0.01895,0.07963,0,0.9667,0.0167,0.0167,0.221,0.213,0.00715,0.03921,0,0.8748,0.0921,0.0331,0.287,0.1857,0.00868,0.04568,0.948,29.321,0.9667,0.0167,0.0167,0.9667,0.0167,0.0167,0.1848,0.1848,0.6304,0.9667,0.0167,0.0167,0.9667,0.0167,0.0167,0.8838,0.0864,0.0298,1.0052,0.927,0.7924,0.989,0.9469,0.8505,0.5,0.5,0.962,0.9999,0.9898,0.963,0.9988,0.9891,0.9667,1.0,0.9984,0.9963,29.026,0.0,0.295,0.295,992.931,109.247,1094.376
244,2026-05-14T16:51:00.271921+00:00,instagram,GND,17.729,25.575,25.575,0.6724,0.3276,27.159,31.241,0.535,0.465,0.5758,0.1176,0,0.9667,0.0167,0.0167,0.191,0.2329,-0.00587,-0.026,0,0.9667,0.0167,0.0167,0.321,0.2064,0.01705,0.0911,0,0.8838,0.0864,0.0298,0.206,0.1857,0.00057,0.00307,0.718,31.959,0.9667,0.0167,0.0167,0.9667,0.0167,0.0167,0.1781,0.1781,0.6439,0.9667,0.0167,0.0167,0.9667,0.0167,0.0167,0.8932,0.0802,0.0266,1.0052,0.9263,0.7887,0.9889,0.9463,0.8484,0.5,0.5,0.9602,0.9999,0.9897,0.9627,0.9988,0.989,0.9664,1.0,0.9984,0.9962,31.566,4.082,0.065,0.393,1003.256,109.312,1104.377
