ho_id,timestamp,path,isl_ms,gnd_ms,prop_ms,amf_inst,amf_p0,amf_p1,amf_p2,amf_ms,amf_x,amf_cost,smf_inst,smf_p0,smf_p1,smf_p2,smf_ms,smf_x,smf_cost,upf_inst,upf_p0,upf_p1,upf_p2,upf_ms,upf_x,upf_cost,core_ms,core_cost,on_amf_p0,on_amf_p1,on_amf_p2,on_smf_p0,on_smf_p1,on_smf_p2,on_upf_p0,on_upf_p1,on_upf_p2,gnd_amf_p0,gnd_amf_p1,gnd_amf_p2,gnd_smf_p0,gnd_smf_p1,gnd_smf_p2,gnd_upf_p0,gnd_upf_p1,gnd_upf_p2,p_isl,p_gnd,total_ms,total_cost,oracle_ms,regret_ms,cum_regret_ms
2,2026-05-09T05:55:47.422734+00:00,GND,22.307,13.098,13.098,0,0.3333,0.3333,0.3333,9.288,-0.15712,-6.90776,2,0.3333,0.3333,0.3333,10.83,-0.1417,-6.90776,1,0.3333,0.3333,0.3333,8.016,-0.16984,-6.90776,28.134,-20.72327,0.3333,0.3333,0.3333,0.4683,0.4683,0.0635,0.3333,0.3333,0.3333,0.3333,0.3333,0.3333,0.3333,0.3333,0.3333,0.3333,0.3333,0.3333,0.5259,0.4741,41.232,-20.71433,28.744,12.488,41.079
4,2026-05-09T05:56:07.444186+00:00,GND,15.824,25.135,25.135,2,0.3333,0.3333,0.3333,26.593,0.01593,1.60028,1,0.3333,0.3333,0.3333,17.352,-0.07648,-6.90776,2,0.3333,0.3333,0.3333,9.855,-0.15145,-6.90776,53.8,-12.21523,0.3333,0.3333,0.3333,0.4917,0.4917,0.0165,0.3333,0.3333,0.3333,0.4683,0.4683,0.0634,0.3333,0.3333,0.3333,0.3333,0.3333,0.3333,0.5259,0.4741,78.935,-12.20748,37.206,41.729,92.252
5,2026-05-09T05:56:17.459553+00:00,GND,12.893,23.391,23.391,1,0.4683,0.4683,0.0634,4.122,-0.20878,-6.90776,1,0.3333,0.3333,0.3333,7.576,-0.17424,-6.90776,0,0.3333,0.3333,0.3333,5.398,-0.19602,-6.90776,17.096,-20.72327,0.3333,0.3333,0.3333,0.4917,0.4917,0.0165,0.3333,0.3333,0.3333,0.4683,0.4683,0.0634,0.3333,0.3333,0.3333,0.3333,0.3333,0.3333,0.5106,0.4894,40.487,-20.70747,34.275,6.212,98.464
6,2026-05-09T05:56:27.477876+00:00,GND,18.655,23.878,23.878,0,0.4683,0.4683,0.0634,3.69,-0.2131,-6.90776,2,0.3333,0.3333,0.3333,25.777,0.00777,1.08792,1,0.3333,0.3333,0.3333,6.23,-0.1877,-6.90776,35.697,-12.72759,0.3333,0.3333,0.3333,0.4917,0.4917,0.0165,0.3333,0.3333,0.3333,0.4683,0.4683,0.0634,0.4683,0.4683,0.0635,0.3333,0.3333,0.3333,0.4848,0.5152,59.575,-12.71821,39.524,20.051,118.515
7,2026-05-09T05:56:37.480593+00:00,GND,11.779,22.752,22.752,0,0.4683,0.4683,0.0634,6.354,-0.18646,-6.90776,1,0.4683,0.4683,0.0635,7.746,-0.17254,-6.90776,0,0.3333,0.3333,0.3333,4.443,-0.20557,-6.90776,18.543,-20.72327,0.3333,0.3333,0.3333,0.4917,0.4917,0.0165,0.3333,0.3333,0.3333,0.4683,0.4683,0.0634,0.4683,0.4683,0.0635,0.3333,0.3333,0.3333,0.4689,0.5311,41.296,-20.70744,33.161,8.135,126.65
11,2026-05-09T05:57:17.572042+00:00,GND,15.208,20.841,20.841,1,0.4683,0.4683,0.0634,4.347,-0.20653,-6.90776,0,0.4683,0.4683,0.0635,6.097,-0.18903,-6.90776,2,0.3333,0.3333,0.3333,6.381,-0.18619,-6.90776,16.825,-20.72327,0.3333,0.3333,0.3333,0.4918,0.4918,0.0164,0.3333,0.3333,0.3333,0.4683,0.4683,0.0634,0.4683,0.4683,0.0635,0.3333,0.3333,0.3333,0.5206,0.4794,37.666,-20.70803,36.487,1.179,170.831
12,2026-05-09T05:57:27.583194+00:00,GND,12.095,22.623,22.623,1,0.4683,0.4683,0.0634,22.988,-0.02012,-6.90776,1,0.4683,0.4683,0.0635,5.347,-0.19653,-6.90776,2,0.3333,0.3333,0.3333,7.378,-0.17622,-6.90776,35.714,-20.72327,0.3333,0.3333,0.3333,0.4918,0.4918,0.0164,0.3333,0.3333,0.3333,0.4683,0.4683,0.0634,0.4683,0.4683,0.0635,0.3333,0.3333,0.3333,0.4948,0.5052,58.337,-20.71216,33.477,24.86,195.691
15,2026-05-09T05:57:57.611005+00:00,GND,16.771,22.399,22.399,1,0.4683,0.4683,0.0634,16.816,-0.08184,-6.90776,0,0.4683,0.4683,0.0635,2.046,-0.22954,-6.90776,1,0.3333,0.3333,0.3333,4.795,-0.20205,-6.90776,23.657,-20.72327,0.4683,0.4683,0.0634,0.4918,0.4918,0.0164,0.3333,0.3333,0.3333,0.4683,0.4683,0.0634,0.4683,0.4683,0.0635,0.3333,0.3333,0.3333,0.5095,0.4905,46.056,-20.71093,38.045,8.011,235.474
17,2026-05-09T05:58:17.637863+00:00,GND,11.128,22.916,22.916,1,0.4683,0.4683,0.0634,7.165,-0.17835,-6.90776,0,0.4683,0.4683,0.0635,2.391,-0.22609,-6.90776,1,0.3333,0.3333,0.3333,4.414,-0.20586,-6.90776,13.97,-20.72327,0.4683,0.4683,0.0634,0.4918,0.4918,0.0164,0.3333,0.3333,0.3333,0.4683,0.4683,0.0634,0.4683,0.4683,0.0635,0.3333,0.3333,0.3333,0.5095,0.4905,36.886,-20.70518,32.51,4.376,240.783
19,2026-05-09T05:58:37.665415+00:00,GND,7.286,12.614,12.614,0,0.4683,0.4683,0.0634,4.584,-0.20416,-6.90776,2,0.4683,0.4683,0.0635,20.881,-0.04119,-6.90776,2,0.3333,0.3333,0.3333,12.435,-0.12565,-6.90776,37.9,-20.72327,0.4683,0.4683,0.0634,0.8654,0.1181,0.0165,0.3333,0.3333,0.3333,0.4683,0.4683,0.0634,0.4683,0.4683,0.0635,0.3333,0.3333,0.3333,0.5015,0.4985,50.514,-20.7108,28.26,22.254,287.199
20,2026-05-09T05:58:47.677761+00:00,GND,15.247,23.755,23.755,1,0.4683,0.4683,0.0634,10.989,-0.14011,-6.90776,1,0.4683,0.4683,0.0635,17.226,-0.07774,-6.90776,0,0.3333,0.3333,0.3333,4.173,-0.20827,-6.90776,32.388,-20.72327,0.4683,0.4683,0.0634,0.8654,0.1181,0.0165,0.3333,0.3333,0.3333,0.4683,0.4683,0.0634,0.4683,0.4683,0.0635,0.3333,0.3333,0.3333,0.4756,0.5244,56.143,-20.71248,36.63,19.513,306.712
23,2026-05-09T05:59:17.706377+00:00,GND,9.057,20.851,20.851,0,0.4683,0.4683,0.0634,4.438,-0.20562,-6.90776,0,0.4683,0.4683,0.0635,10.24,-0.1476,-6.90776,1,0.3333,0.3333,0.3333,8.387,-0.16613,-6.90776,23.065,-20.72327,0.4683,0.4683,0.0634,0.8655,0.1181,0.0164,0.3333,0.3333,0.3333,0.4683,0.4683,0.0634,0.4683,0.4683,0.0635,0.3333,0.3333,0.3333,0.5015,0.4985,43.916,-20.70752,30.439,13.476,336.82
25,2026-05-09T05:59:37.725483+00:00,GND,20.434,25.999,25.999,1,0.4683,0.4683,0.0634,8.57,-0.1643,-6.90776,1,0.4683,0.4683,0.0635,17.714,-0.07286,-6.90776,0,0.3333,0.3333,0.3333,1.587,-0.23413,-6.90776,27.87,-20.72327,0.4683,0.4683,0.0634,0.8655,0.1181,0.0164,0.3333,0.3333,0.3333,0.4683,0.4683,0.0634,0.4683,0.4683,0.0635,0.3333,0.3333,0.3333,0.5015,0.4985,53.869,-20.71293,41.645,12.224,351.973
27,2026-05-09T05:59:57.746529+00:00,GND,12.956,22.411,22.411,0,0.4683,0.4683,0.0634,6.13,-0.1887,-6.90776,0,0.4683,0.4683,0.0635,8.124,-0.16876,-6.90776,2,0.3333,0.3333,0.3333,4.609,-0.20391,-6.90776,18.863,-20.72327,0.4683,0.4683,0.0634,0.8655,0.1181,0.0164,0.3333,0.3333,0.3333,0.4683,0.4683,0.0634,0.4683,0.4683,0.0635,0.3333,0.3333,0.3333,0.5015,0.4985,41.274,-20.70803,34.338,6.936,374.122
28,2026-05-09T06:00:07.758225+00:00,GND,14.672,23.519,23.519,1,0.4683,0.4683,0.0634,4.781,-0.20219,-6.90776,1,0.4683,0.4683,0.0635,8.474,-0.16526,-6.90776,0,0.3333,0.3333,0.3333,3.614,-0.21386,-6.90776,16.87,-20.72327,0.4683,0.4683,0.0634,0.8655,0.1181,0.0164,0.3333,0.3333,0.3333,0.4683,0.4683,0.0634,0.4683,0.4683,0.0635,0.3333,0.3333,0.3333,0.4756,0.5244,40.389,-20.70813,36.054,4.334,378.456
29,2026-05-09T06:00:17.773215+00:00,GND,20.514,20.582,20.582,1,0.4683,0.4683,0.0634,9.287,-0.15713,-6.90776,0,0.4683,0.4683,0.0635,12.911,-0.12089,-6.90776,1,0.3333,0.3333,0.3333,25.563,0.00563,1.08092,47.762,-12.73459,0.4683,0.4683,0.0634,0.8655,0.1181,0.0164,0.3333,0.3333,0.3333,0.4683,0.4683,0.0634,0.4683,0.4683,0.0635,0.4683,0.0635,0.4683,0.4499,0.5501,68.344,-12.72729,36.228,32.116,410.572
30,2026-05-09T06:00:27.782340+00:00,GND,21.013,25.763,25.763,0,0.4683,0.4683,0.0634,7.837,-0.17163,-6.90776,1,0.4683,0.4683,0.0635,24.643,-0.00357,-2.88899,2,0.4683,0.0635,0.4683,9.912,-0.15088,-6.90776,42.391,-16.70451,0.4683,0.4683,0.0634,0.8655,0.1181,0.0164,0.3333,0.3333,0.3333,0.4683,0.4683,0.0634,0.779,0.1153,0.1056,0.4683,0.0635,0.4683,0.4342,0.5658,68.153,-16.69646,41.408,26.745,437.317
32,2026-05-09T06:00:47.808977+00:00,GND,13.101,24.165,24.165,1,0.4683,0.4683,0.0634,4.054,-0.20946,-6.90776,0,0.779,0.1153,0.1056,5.286,-0.19714,-6.90776,2,0.4683,0.0635,0.4683,23.627,-0.01373,-6.90776,32.967,-20.72327,0.4683,0.4683,0.0634,0.8655,0.1181,0.0164,0.3333,0.3333,0.3333,0.4683,0.4683,0.0634,0.779,0.1153,0.1056,0.4683,0.0635,0.4683,0.4391,0.5609,57.132,-20.71198,34.483,22.649,468.462
35,2026-05-09T06:01:17.859460+00:00,GND,12.796,22.842,22.842,0,0.4683,0.4683,0.0634,8.308,-0.16692,-6.90776,0,0.779,0.1153,0.1056,7.884,-0.17116,-6.90776,0,0.4683,0.0635,0.4683,3.669,-0.21331,-6.90776,19.861,-20.72327,0.4683,0.4683,0.0634,0.8655,0.1181,0.0164,0.4682,0.4682,0.0635,0.4683,0.4683,0.0634,0.779,0.1153,0.1056,0.4683,0.0635,0.4683,0.4551,0.5449,42.703,-20.70837,34.179,8.524,510.379
36,2026-05-09T06:01:27.873004+00:00,GND,12.798,22.592,22.592,1,0.4683,0.4683,0.0634,12.528,-0.12472,-6.90776,1,0.779,0.1153,0.1056,6.323,-0.18677,-6.90776,2,0.4683,0.0635,0.4683,3.888,-0.21112,-6.90776,22.739,-20.72327,0.4683,0.4683,0.0634,0.8655,0.1181,0.0164,0.4682,0.4682,0.0635,0.4683,0.4683,0.0634,0.779,0.1153,0.1056,0.4683,0.0635,0.4683,0.4296,0.5704,45.331,-20.70928,34.18,11.151,521.53
38,2026-05-09T06:01:47.908836+00:00,GND,27.783,21.937,21.937,1,0.4683,0.4683,0.0634,8.593,-0.16407,-6.90776,0,0.779,0.1153,0.1056,8.611,-0.16389,-6.90776,2,0.4683,0.0635,0.4683,6.773,-0.18227,-6.90776,23.976,-20.72327,0.4683,0.4683,0.0634,0.8655,0.1181,0.0164,0.4682,0.4682,0.0635,0.4683,0.4683,0.0634,0.779,0.1153,0.1056,0.4683,0.0635,0.4683,0.4296,0.5704,45.913,-20.7137,37.582,8.33,533.069
42,2026-05-09T06:02:27.963333+00:00,GND,8.946,18.616,18.616,2,0.4683,0.4683,0.0634,9.277,-0.15723,-6.90776,0,0.779,0.1153,0.1056,4.469,-0.20531,-6.90776,2,0.4683,0.0635,0.4683,7.857,-0.17143,-6.90776,21.604,-20.72327,0.4683,0.4683,0.0634,0.9657,0.0178,0.0164,0.4682,0.4682,0.0635,0.4683,0.4683,0.0634,0.779,0.1153,0.1056,0.4683,0.0635,0.4683,0.4696,0.5304,40.219,-20.70661,30.329,9.891,598.876
43,2026-05-09T06:02:37.973457+00:00,GND,15.885,21.115,21.115,1,0.4683,0.4683,0.0634,5.824,-0.19176,-6.90776,1,0.779,0.1153,0.1056,11.205,-0.13795,-6.90776,2,0.4683,0.0635,0.4683,11.401,-0.13599,-6.90776,28.431,-20.72327,0.4683,0.4683,0.0634,0.9657,0.0178,0.0164,0.4682,0.4682,0.0635,0.4683,0.4683,0.0634,0.779,0.1153,0.1056,0.4683,0.0635,0.4683,0.444,0.556,49.546,-20.71181,36.761,12.785,611.661
45,2026-05-09T06:02:57.989795+00:00,GND,12.951,21.81,21.81,1,0.4683,0.4683,0.0634,14.323,-0.10677,-6.90776,0,0.779,0.1153,0.1056,10.386,-0.14614,-6.90776,2,0.4683,0.0635,0.4683,27.002,0.02002,1.79181,51.712,-12.0237,0.4683,0.4683,0.0634,0.9657,0.0178,0.0164,0.4682,0.4682,0.0635,0.4683,0.4683,0.0634,0.779,0.1153,0.1056,0.7868,0.1067,0.1066,0.444,0.556,73.522,-12.01521,34.334,39.189,650.85
48,2026-05-09T06:03:29.048839+00:00,GND,14.805,14.874,14.874,0,0.4683,0.4683,0.0634,4.778,-0.20222,-6.90776,0,0.779,0.1153,0.1056,4.542,-0.20458,-6.90776,0,0.7868,0.1067,0.1066,3.0,-0.22,-6.90776,12.32,-20.72327,0.4683,0.4683,0.0634,0.9657,0.0178,0.0164,0.4682,0.4682,0.0635,0.4683,0.4683,0.0634,0.779,0.1153,0.1056,0.7868,0.1067,0.1066,0.4805,0.5195,27.194,-20.705,30.52,0.0,650.85
49,2026-05-09T06:03:39.075850+00:00,GND,15.951,20.938,20.938,0,0.4683,0.4683,0.0634,6.106,-0.18894,-6.90776,0,0.779,0.1153,0.1056,3.832,-0.21168,-6.90776,1,0.7868,0.1067,0.1066,8.587,-0.16413,-6.90776,18.525,-20.72327,0.4683,0.4683,0.0634,0.9657,0.0178,0.0164,0.4682,0.4682,0.0635,0.4683,0.4683,0.0634,0.779,0.1153,0.1056,0.7868,0.1067,0.1066,0.4547,0.5453,39.463,-20.70899,36.584,2.879,653.729
50,2026-05-09T06:03:49.105232+00:00,GND,10.595,22.425,22.425,1,0.4683,0.4683,0.0634,7.106,-0.17894,-6.90776,0,0.779,0.1153,0.1056,4.548,-0.20452,-6.90776,0,0.7868,0.1067,0.1066,1.379,-0.23621,-6.90776,13.033,-20.72327,0.4683,0.4683,0.0634,0.9657,0.0178,0.0164,0.4682,0.4682,0.0635,0.4683,0.4683,0.0634,0.779,0.1153,0.1056,0.7868,0.1067,0.1066,0.4292,0.5708,35.458,-20.70429,31.977,3.481,657.211
51,2026-05-09T06:03:59.139910+00:00,GND,19.398,25.988,25.988,2,0.4683,0.4683,0.0634,11.549,-0.13451,-6.90776,0,0.779,0.1153,0.1056,7.486,-0.17514,-6.90776,1,0.7868,0.1067,0.1066,9.804,-0.15196,-6.90776,28.84,-20.72327,0.4683,0.4683,0.0634,0.9657,0.0178,0.0164,0.4682,0.4682,0.0635,0.4683,0.4683,0.0634,0.779,0.1153,0.1056,0.7868,0.1067,0.1066,0.404,0.596,54.827,-20.71288,40.78,14.047,671.258
52,2026-05-09T06:04:09.162361+00:00,GND,13.735,15.618,15.618,2,0.4683,0.4683,0.0634,11.745,-0.13255,-6.90776,0,0.779,0.1153,0.1056,7.915,-0.17085,-6.90776,0,0.7868,0.1067,0.1066,4.628,-0.20372,-6.90776,24.288,-20.72327,0.4683,0.4683,0.0634,0.9657,0.0178,0.0164,0.4682,0.4682,0.0635,0.4683,0.4683,0.0634,0.779,0.1153,0.1056,0.7868,0.1067,0.1066,0.3794,0.6206,39.906,-20.71002,31.264,8.642,679.9
54,2026-05-09T06:04:29.213705+00:00,GND,17.255,23.171,23.171,0,0.4683,0.4683,0.0634,4.292,-0.20708,-6.90776,0,0.779,0.1153,0.1056,4.224,-0.20776,-6.90776,0,0.7868,0.1067,0.1066,3.766,-0.21234,-6.90776,12.281,-20.72327,0.4683,0.4683,0.0634,0.9657,0.0178,0.0164,0.4682,0.4682,0.0635,0.4683,0.4683,0.0634,0.779,0.1153,0.1056,0.7868,0.1067,0.1066,0.3794,0.6206,35.452,-20.70723,38.638,0.0,680.821
55,2026-05-09T06:04:39.256895+00:00,GND,11.507,21.799,21.799,1,0.4683,0.4683,0.0634,13.452,-0.11548,-6.90776,0,0.779,0.1153,0.1056,4.508,-0.20492,-6.90776,0,0.7868,0.1067,0.1066,2.613,-0.22387,-6.90776,20.573,-20.72327,0.4683,0.4683,0.0634,0.9657,0.0178,0.0164,0.4682,0.4682,0.0635,0.4683,0.4683,0.0634,0.779,0.1153,0.1056,0.7868,0.1067,0.1066,0.3553,0.6447,42.372,-20.70794,32.89,9.483,690.304
56,2026-05-09T06:04:49.289618+00:00,GND,16.405,22.23,22.23,1,0.4683,0.4683,0.0634,7.948,-0.17052,-6.90776,0,0.779,0.1153,0.1056,15.232,-0.09768,-6.90776,0,0.7868,0.1067,0.1066,1.445,-0.23555,-6.90776,24.625,-20.72327,0.4683,0.4683,0.0634,0.9657,0.0178,0.0164,0.4682,0.4682,0.0635,0.4683,0.4683,0.0634,0.779,0.1153,0.1056,0.7868,0.1067,0.1066,0.332,0.668,46.855,-20.71106,37.787,9.068,699.372
57,2026-05-09T06:04:59.305627+00:00,GND,11.491,20.996,20.996,1,0.4683,0.4683,0.0634,6.265,-0.18735,-6.90776,0,0.779,0.1153,0.1056,11.56,-0.1344,-6.90776,0,0.7868,0.1067,0.1066,2.193,-0.22807,-6.90776,20.018,-20.72327,0.4683,0.4683,0.0634,0.9657,0.0178,0.0164,0.4682,0.4682,0.0635,0.4683,0.4683,0.0634,0.779,0.1153,0.1056,0.7868,0.1067,0.1066,0.3094,0.6906,41.014,-20.70763,32.873,8.141,707.513
58,2026-05-09T06:05:09.326698+00:00,GND,15.842,20.97,20.97,1,0.4683,0.4683,0.0634,9.218,-0.15782,-6.90776,0,0.779,0.1153,0.1056,8.385,-0.16615,-6.90776,0,0.7868,0.1067,0.1066,4.55,-0.2045,-6.90776,22.153,-20.72327,0.4683,0.4683,0.0634,0.9657,0.0178,0.0164,0.4682,0.4682,0.0635,0.4683,0.4683,0.0634,0.779,0.1153,0.1056,0.7868,0.1067,0.1066,0.2877,0.7123,43.124,-20.71014,36.616,6.508,714.02
59,2026-05-09T06:05:19.355828+00:00,GND,14.324,25.509,25.509,1,0.4683,0.4683,0.0634,17.095,-0.07905,-6.90776,2,0.779,0.1153,0.1056,40.792,0.15792,3.95005,0,0.7868,0.1067,0.1066,3.507,-0.21493,-6.90776,61.394,-9.86546,0.4683,0.4683,0.0634,0.9657,0.0178,0.0164,0.4682,0.4682,0.0635,0.4683,0.4683,0.0634,0.8565,0.1268,0.0167,0.7868,0.1067,0.1066,0.267,0.733,86.903,-9.85812,35.706,51.197,765.217
60,2026-05-09T06:05:29.373585+00:00,GND,16.579,26.048,26.048,2,0.4683,0.4683,0.0634,11.699,-0.13301,-6.90776,0,0.8565,0.1268,0.0167,18.012,-0.06988,-6.90776,0,0.7868,0.1067,0.1066,3.462,-0.21538,-6.90776,33.173,-20.72327,0.4683,0.4683,0.0634,0.9657,0.0178,0.0164,0.4682,0.4682,0.0635,0.4683,0.4683,0.0634,0.8565,0.1268,0.0167,0.7868,0.1067,0.1066,0.2575,0.7425,59.221,-20.713,37.961,21.26,786.477
61,2026-05-09T06:05:39.476504+00:00,GND,16.277,24.466,24.466,1,0.4683,0.4683,0.0634,8.484,-0.16516,-6.90776,2,0.8565,0.1268,0.0167,27.505,0.02505,2.21351,0,0.7868,0.1067,0.1066,3.883,-0.21117,-6.90776,39.873,-11.602,0.4683,0.4683,0.0634,0.9657,0.0178,0.0164,0.4682,0.4682,0.0635,0.4683,0.4683,0.0634,0.8567,0.1268,0.0164,0.7868,0.1067,0.1066,0.2382,0.7618,64.338,-11.59271,37.66,26.679,813.156
62,2026-05-09T06:05:49.507798+00:00,GND,12.13,20.224,20.224,1,0.4683,0.4683,0.0634,10.487,-0.14513,-6.90776,0,0.8567,0.1268,0.0164,8.39,-0.1661,-6.90776,0,0.7868,0.1067,0.1066,4.114,-0.20886,-6.90776,22.992,-20.72327,0.4683,0.4683,0.0634,0.9657,0.0178,0.0164,0.4682,0.4682,0.0635,0.4683,0.4683,0.0634,0.8565,0.1268,0.0167,0.7868,0.1067,0.1066,0.2278,0.7722,43.216,-20.70891,33.512,9.703,822.859
64,2026-05-09T06:06:09.575823+00:00,GND,15.295,21.243,21.243,1,0.4683,0.4683,0.0634,5.735,-0.19265,-6.90776,0,0.8565,0.1268,0.0167,9.605,-0.15395,-6.90776,0,0.7868,0.1067,0.1066,5.023,-0.19977,-6.90776,20.364,-20.72327,0.4683,0.4683,0.0634,0.9657,0.0178,0.0164,0.4682,0.4682,0.0635,0.4683,0.4683,0.0634,0.8565,0.1268,0.0167,0.7868,0.1067,0.1066,0.2278,0.7722,41.606,-20.70939,36.677,4.929,832.939
65,2026-05-09T06:06:19.583609+00:00,GND,11.269,22.505,22.505,1,0.4683,0.4683,0.0634,16.851,-0.08149,-6.90776,0,0.8565,0.1268,0.0167,4.215,-0.20785,-6.90776,0,0.7868,0.1067,0.1066,2.465,-0.22535,-6.90776,23.531,-20.72327,0.4683,0.4683,0.0634,0.9657,0.0178,0.0164,0.4682,0.4682,0.0635,0.4683,0.4683,0.0634,0.8565,0.1268,0.0167,0.7868,0.1067,0.1066,0.2101,0.7899,46.035,-20.7089,32.652,13.384,846.323
66,2026-05-09T06:06:29.603172+00:00,GND,17.34,26.163,26.163,1,0.4683,0.4683,0.0634,8.408,-0.16592,-6.90776,0,0.8565,0.1268,0.0167,8.234,-0.16766,-6.90776,0,0.7868,0.1067,0.1066,2.766,-0.22234,-6.90776,19.408,-20.72327,0.4683,0.4683,0.0634,0.9657,0.0178,0.0164,0.4682,0.4682,0.0635,0.4683,0.4683,0.0634,0.8565,0.1268,0.0167,0.7868,0.1067,0.1066,0.1934,0.8066,45.571,-20.71016,38.722,6.849,853.172
67,2026-05-09T06:06:39.624596+00:00,GND,10.836,20.869,20.869,1,0.4683,0.4683,0.0634,11.286,-0.13714,-6.90776,0,0.8565,0.1268,0.0167,8.948,-0.16052,-6.90776,0,0.7868,0.1067,0.1066,2.568,-0.22432,-6.90776,22.802,-20.72327,0.4683,0.4683,0.0634,0.9657,0.0178,0.0164,0.4682,0.4682,0.0635,0.4683,0.4683,0.0634,0.8565,0.1268,0.0167,0.7868,0.1067,0.1066,0.1778,0.8222,43.671,-20.70831,32.218,11.453,864.625
68,2026-05-09T06:06:49.644896+00:00,GND,12.757,23.405,23.405,0,0.4683,0.4683,0.0634,9.02,-0.1598,-6.90776,1,0.8565,0.1268,0.0167,31.246,0.06246,3.32777,1,0.7868,0.1067,0.1066,15.39,-0.0961,-6.90776,55.656,-10.48774,0.4683,0.4683,0.0634,0.9657,0.0178,0.0164,0.4682,0.4682,0.0635,0.4683,0.4683,0.0634,0.962,0.0193,0.0187,0.7868,0.1067,0.1066,0.1632,0.8368,79.061,-10.47959,34.139,44.922,909.547
69,2026-05-09T06:06:59.664639+00:00,GND,18.735,24.009,24.009,1,0.4683,0.4683,0.0634,7.75,-0.1725,-6.90776,0,0.962,0.0193,0.0187,5.016,-0.19984,-6.90776,0,0.7868,0.1067,0.1066,2.677,-0.22323,-6.90776,15.442,-20.72327,0.4683,0.4683,0.0634,0.9657,0.0178,0.0164,0.4682,0.4682,0.0635,0.4683,0.4683,0.0634,0.962,0.0193,0.0187,0.7868,0.1067,0.1066,0.1561,0.8439,39.452,-20.70913,39.655,0.0,909.547
70,2026-05-09T06:07:09.676779+00:00,GND,15.188,22.726,22.726,0,0.4683,0.4683,0.0634,7.895,-0.17105,-6.90776,0,0.962,0.0193,0.0187,3.845,-0.21155,-6.90776,0,0.7868,0.1067,0.1066,2.569,-0.22431,-6.90776,14.309,-20.72327,0.4683,0.4683,0.0634,0.9657,0.0178,0.0164,0.4682,0.4682,0.0635,0.4683,0.4683,0.0634,0.962,0.0193,0.0187,0.7868,0.1067,0.1066,0.143,0.857,37.035,-20.70721,36.57,0.465,910.012
71,2026-05-09T06:07:19.709171+00:00,GND,20.251,25.921,25.921,0,0.4683,0.4683,0.0634,11.994,-0.13006,-6.90776,0,0.962,0.0193,0.0187,7.435,-0.17565,-6.90776,0,0.7868,0.1067,0.1066,4.434,-0.20566,-6.90776,23.863,-20.72327,0.4683,0.4683,0.0634,0.9657,0.0178,0.0164,0.4682,0.4682,0.0635,0.4683,0.4683,0.0634,0.962,0.0193,0.0187,0.7868,0.1067,0.1066,0.1307,0.8693,49.784,-20.71205,41.567,8.217,918.229
72,2026-05-09T06:07:29.735220+00:00,GND,19.63,24.029,24.029,1,0.4683,0.4683,0.0634,5.734,-0.19266,-6.90776,0,0.962,0.0193,0.0187,5.083,-0.19917,-6.90776,2,0.7868,0.1067,0.1066,21.828,-0.03172,-6.90776,32.644,-20.72327,0.4683,0.4683,0.0634,0.9657,0.0178,0.0164,0.4682,0.4682,0.0635,0.4683,0.4683,0.0634,0.962,0.0193,0.0187,0.7868,0.1067,0.1066,0.1194,0.8806,56.673,-20.7136,39.674,16.998,935.227
73,2026-05-09T06:07:39.750652+00:00,GND,7.707,18.297,18.297,0,0.4683,0.4683,0.0634,10.385,-0.14615,-6.90776,0,0.962,0.0193,0.0187,6.107,-0.18893,-6.90776,0,0.7868,0.1067,0.1066,2.073,-0.22927,-6.90776,18.565,-20.72327,0.4683,0.4683,0.0634,0.9657,0.0178,0.0164,0.4682,0.4682,0.0635,0.4683,0.4683,0.0634,0.962,0.0193,0.0187,0.7868,0.1067,0.1066,0.1089,0.8911,36.862,-20.70436,29.089,7.772,943.0
74,2026-05-09T06:07:49.777008+00:00,GND,17.719,25.858,25.858,0,0.4683,0.4683,0.0634,8.749,-0.16251,-6.90776,0,0.962,0.0193,0.0187,3.476,-0.21524,-6.90776,2,0.7868,0.1067,0.1066,13.314,-0.11686,-6.90776,25.539,-20.72327,0.4683,0.4683,0.0634,0.9657,0.0178,0.0164,0.4682,0.4682,0.0635,0.4683,0.4683,0.0634,0.962,0.0193,0.0187,0.7868,0.1067,0.1066,0.0993,0.9007,51.397,-20.71179,39.101,12.296,955.296
75,2026-05-09T06:07:59.794443+00:00,GND,15.513,20.961,20.961,1,0.4683,0.4683,0.0634,4.553,-0.20447,-6.90776,0,0.962,0.0193,0.0187,4.808,-0.20192,-6.90776,0,0.7868,0.1067,0.1066,3.081,-0.21919,-6.90776,12.441,-20.72327,0.4683,0.4683,0.0634,0.9657,0.0178,0.0164,0.4682,0.4682,0.0635,0.4683,0.4683,0.0634,0.962,0.0193,0.0187,0.7868,0.1067,0.1066,0.0904,0.9096,33.402,-20.70621,36.606,0.0,955.296
76,2026-05-09T06:08:09.809755+00:00,GND,11.044,22.607,22.607,0,0.4683,0.4683,0.0634,5.365,-0.19635,-6.90776,0,0.962,0.0193,0.0187,9.796,-0.15204,-6.90776,0,0.7868,0.1067,0.1066,8.185,-0.16815,-6.90776,23.345,-20.72327,0.4683,0.4683,0.0634,0.9657,0.0178,0.0164,0.4682,0.4682,0.0635,0.4683,0.4683,0.0634,0.962,0.0193,0.0187,0.7868,0.1067,0.1066,0.0823,0.9177,45.952,-20.70875,32.426,13.525,968.821
78,2026-05-09T06:08:29.871552+00:00,GND,11.947,21.396,21.396,0,0.4683,0.4683,0.0634,3.553,-0.21447,-6.90776,0,0.962,0.0193,0.0187,11.759,-0.13241,-6.90776,0,0.7868,0.1067,0.1066,4.417,-0.20583,-6.90776,19.729,-20.72327,0.4683,0.4683,0.0634,0.9657,0.0178,0.0164,0.4682,0.4682,0.0635,0.4683,0.4683,0.0634,0.962,0.0193,0.0187,0.7868,0.1067,0.1066,0.0823,0.9177,41.125,-20.70778,33.329,7.796,1004.243
80,2026-05-09T06:08:49.929142+00:00,GND,15.256,20.675,20.675,1,0.4683,0.4683,0.0634,9.75,-0.1525,-6.90776,0,0.962,0.0193,0.0187,8.958,-0.16042,-6.90776,0,0.7868,0.1067,0.1066,4.468,-0.20532,-6.90776,23.175,-20.72327,0.4683,0.4683,0.0634,0.9657,0.0178,0.0164,0.4682,0.4682,0.0635,0.4683,0.4683,0.0634,0.962,0.0193,0.0187,0.7868,0.1067,0.1066,0.0823,0.9177,43.85,-20.71023,36.321,7.529,1025.037
81,2026-05-09T06:08:59.961872+00:00,GND,12.144,21.675,21.675,1,0.4683,0.4683,0.0634,5.428,-0.19572,-6.90776,0,0.962,0.0193,0.0187,4.303,-0.20697,-6.90776,0,0.7868,0.1067,0.1066,3.831,-0.21169,-6.90776,13.562,-20.72327,0.4683,0.4683,0.0634,0.9657,0.0178,0.0164,0.4682,0.4682,0.0635,0.4683,0.4683,0.0634,0.962,0.0193,0.0187,0.7868,0.1067,0.1066,0.0748,0.9252,35.237,-20.70524,33.526,1.711,1026.748
82,2026-05-09T06:09:09.989591+00:00,GND,10.154,21.176,21.176,0,0.4683,0.4683,0.0634,7.57,-0.1743,-6.90776,0,0.962,0.0193,0.0187,4.633,-0.20367,-6.90776,0,0.7868,0.1067,0.1066,3.728,-0.21272,-6.90776,15.931,-20.72327,0.4683,0.4683,0.0634,0.9657,0.0178,0.0164,0.4682,0.4682,0.0635,0.4683,0.4683,0.0634,0.962,0.0193,0.0187,0.7868,0.1067,0.1066,0.0679,0.9321,37.106,-20.70521,31.536,5.57,1032.318
83,2026-05-09T06:09:20.012289+00:00,GND,14.712,23.724,23.724,0,0.4683,0.4683,0.0634,5.573,-0.19427,-6.90776,0,0.962,0.0193,0.0187,5.076,-0.19924,-6.90776,2,0.7868,0.1067,0.1066,15.113,-0.09887,-6.90776,25.762,-20.72327,0.4683,0.4683,0.0634,0.9657,0.0178,0.0164,0.4682,0.4682,0.0635,0.4683,0.4683,0.0634,0.962,0.0193,0.0187,0.7868,0.1067,0.1066,0.0616,0.9384,49.486,-20.71087,36.094,13.393,1045.711
84,2026-05-09T06:09:30.048724+00:00,GND,16.161,20.984,20.984,1,0.4683,0.4683,0.0634,14.697,-0.10303,-6.90776,0,0.962,0.0193,0.0187,8.968,-0.16032,-6.90776,0,0.7868,0.1067,0.1066,7.342,-0.17658,-6.90776,31.008,-20.72327,0.4683,0.4683,0.0634,0.9657,0.0178,0.0164,0.4682,0.4682,0.0635,0.4683,0.4683,0.0634,0.962,0.0193,0.0187,0.7868,0.1067,0.1066,0.0559,0.9441,51.992,-20.71246,36.63,15.362,1061.073
85,2026-05-09T06:09:40.062658+00:00,GND,14.387,25.573,25.573,1,0.4683,0.4683,0.0634,6.751,-0.18249,-6.90776,0,0.962,0.0193,0.0187,7.963,-0.17037,-6.90776,0,0.7868,0.1067,0.1066,4.444,-0.20556,-6.90776,19.158,-20.72327,0.4683,0.4683,0.0634,0.9657,0.0178,0.0164,0.4682,0.4682,0.0635,0.4683,0.4683,0.0634,0.962,0.0193,0.0187,0.7868,0.1067,0.1066,0.0507,0.9493,44.731,-20.70906,35.769,8.961,1070.034
86,2026-05-09T06:09:50.074158+00:00,GND,19.932,26.08,26.08,0,0.4683,0.4683,0.0634,3.474,-0.21526,-6.90776,0,0.962,0.0193,0.0187,3.037,-0.21963,-6.90776,1,0.7868,0.1067,0.1066,9.687,-0.15313,-6.90776,16.198,-20.72327,0.4683,0.4683,0.0634,0.9657,0.0178,0.0164,0.4682,0.4682,0.0635,0.4683,0.4683,0.0634,0.962,0.0193,0.0187,0.7868,0.1067,0.1066,0.05,0.95,42.278,-20.70995,41.314,0.964,1070.999
87,2026-05-09T06:10:00.098076+00:00,GND,8.655,15.401,15.401,0,0.4683,0.4683,0.0634,2.383,-0.22617,-6.90776,0,0.962,0.0193,0.0187,6.362,-0.18638,-6.90776,0,0.7868,0.1067,0.1066,2.588,-0.22412,-6.90776,11.333,-20.72327,0.4683,0.4683,0.0634,0.9657,0.0178,0.0164,0.4682,0.4682,0.0635,0.4683,0.4683,0.0634,0.962,0.0193,0.0187,0.7868,0.1067,0.1066,0.05,0.95,26.734,-20.6996,30.037,0.0,1070.999
88,2026-05-09T06:10:10.129862+00:00,GND,17.217,25.87,25.87,0,0.4683,0.4683,0.0634,7.067,-0.17933,-6.90776,0,0.962,0.0193,0.0187,4.925,-0.20075,-6.90776,0,0.7868,0.1067,0.1066,4.392,-0.20608,-6.90776,16.384,-20.72327,0.4683,0.4683,0.0634,0.9657,0.0178,0.0164,0.4682,0.4682,0.0635,0.4683,0.4683,0.0634,0.962,0.0193,0.0187,0.7868,0.1067,0.1066,0.05,0.95,42.254,-20.70916,38.599,3.655,1074.654
89,2026-05-09T06:10:20.147487+00:00,GND,15.625,20.942,20.942,0,0.4683,0.4683,0.0634,11.411,-0.13589,-6.90776,0,0.962,0.0193,0.0187,3.568,-0.21432,-6.90776,0,0.7868,0.1067,0.1066,5.508,-0.19492,-6.90776,20.488,-20.72327,0.4683,0.4683,0.0634,0.9657,0.0178,0.0164,0.4682,0.4682,0.0635,0.4683,0.4683,0.0634,0.962,0.0193,0.0187,0.7868,0.1067,0.1066,0.05,0.95,41.43,-20.70954,36.588,4.842,1079.495
90,2026-05-09T06:10:30.164017+00:00,GND,13.848,22.813,22.813,0,0.4683,0.4683,0.0634,4.083,-0.20917,-6.90776,0,0.962,0.0193,0.0187,9.468,-0.15532,-6.90776,0,0.7868,0.1067,0.1066,2.584,-0.22416,-6.90776,16.135,-20.72327,0.4683,0.4683,0.0634,0.9657,0.0178,0.0164,0.4682,0.4682,0.0635,0.4683,0.4683,0.0634,0.962,0.0193,0.0187,0.7868,0.1067,0.1066,0.05,0.95,38.949,-20.70742,35.23,3.718,1083.214
92,2026-05-09T06:10:50.207744+00:00,GND,16.618,22.233,22.233,0,0.4683,0.4683,0.0634,3.921,-0.21079,-6.90776,0,0.962,0.0193,0.0187,9.26,-0.1574,-6.90776,0,0.7868,0.1067,0.1066,2.315,-0.22685,-6.90776,15.496,-20.72327,0.4917,0.4917,0.0165,0.9657,0.0178,0.0164,0.4682,0.4682,0.0635,0.4683,0.4683,0.0634,0.962,0.0193,0.0187,0.7868,0.1067,0.1066,0.05,0.95,37.729,-20.70821,37.879,0.0,1126.904
93,2026-05-09T06:11:00.214410+00:00,GND,19.151,20.606,20.606,0,0.4683,0.4683,0.0634,2.925,-0.22075,-6.90776,0,0.962,0.0193,0.0187,4.308,-0.20692,-6.90776,0,0.7868,0.1067,0.1066,4.111,-0.20889,-6.90776,11.345,-20.72327,0.4917,0.4917,0.0165,0.9657,0.0178,0.0164,0.4682,0.4682,0.0635,0.4683,0.4683,0.0634,0.962,0.0193,0.0187,0.7868,0.1067,0.1066,0.05,0.95,31.951,-20.70717,36.252,0.0,1126.904
94,2026-05-09T06:11:10.241229+00:00,GND,19.618,25.863,25.863,1,0.4683,0.4683,0.0634,6.64,-0.1836,-6.90776,0,0.962,0.0193,0.0187,9.14,-0.1586,-6.90776,1,0.7868,0.1067,0.1066,6.828,-0.18172,-6.90776,22.608,-20.72327,0.4917,0.4917,0.0165,0.9657,0.0178,0.0164,0.4682,0.4682,0.0635,0.4683,0.4683,0.0634,0.962,0.0193,0.0187,0.7868,0.1067,0.1066,0.05,0.95,48.471,-20.7116,41.0,7.47,1134.375
96,2026-05-09T06:11:30.282320+00:00,GND,14.68,14.74,14.74,0,0.4683,0.4683,0.0634,8.013,-0.16987,-6.90776,0,0.962,0.0193,0.0187,7.036,-0.17964,-6.90776,2,0.7868,0.1067,0.1066,15.448,-0.09552,-6.90776,30.497,-20.72327,0.4917,0.4917,0.0167,0.9657,0.0178,0.0164,0.4682,0.4682,0.0635,0.4683,0.4683,0.0634,0.962,0.0193,0.0187,0.7868,0.1067,0.1066,0.05,0.95,45.237,-20.71225,30.386,14.851,1165.574
97,2026-05-09T06:11:40.314297+00:00,GND,9.428,20.941,20.941,1,0.4683,0.4683,0.0634,8.876,-0.16124,-6.90776,0,0.962,0.0193,0.0187,3.218,-0.21782,-6.90776,0,0.7868,0.1067,0.1066,2.452,-0.22548,-6.90776,14.546,-20.72327,0.4917,0.4917,0.0167,0.9657,0.0178,0.0164,0.4682,0.4682,0.0635,0.4683,0.4683,0.0634,0.962,0.0193,0.0187,0.7868,0.1067,0.1066,0.05,0.95,35.487,-20.70402,30.81,4.677,1170.252
98,2026-05-09T06:11:50.332338+00:00,GND,19.506,24.08,24.08,0,0.4683,0.4683,0.0634,7.176,-0.17824,-6.90776,0,0.962,0.0193,0.0187,10.461,-0.14539,-6.90776,2,0.7868,0.1067,0.1066,8.714,-0.16286,-6.90776,26.35,-20.72327,0.4917,0.4917,0.0167,0.9657,0.0178,0.0164,0.4682,0.4682,0.0635,0.4683,0.4683,0.0634,0.962,0.0193,0.0187,0.7868,0.1067,0.1066,0.05,0.95,50.43,-20.71237,39.726,10.704,1180.956
99,2026-05-09T06:12:00.342256+00:00,GND,11.939,22.851,22.851,0,0.4683,0.4683,0.0634,2.77,-0.2223,-6.90776,0,0.962,0.0193,0.0187,4.166,-0.20834,-6.90776,0,0.7868,0.1067,0.1066,2.529,-0.22471,-6.90776,9.466,-20.72327,0.4917,0.4917,0.0167,0.9657,0.0178,0.0164,0.4682,0.4682,0.0635,0.4683,0.4683,0.0634,0.962,0.0193,0.0187,0.7868,0.1067,0.1066,0.05,0.95,32.316,-20.70315,33.321,0.0,1180.956
101,2026-05-09T06:12:20.365601+00:00,GND,19.982,24.189,24.189,0,0.4683,0.4683,0.0634,5.223,-0.19777,-6.90776,0,0.962,0.0193,0.0187,12.431,-0.12569,-6.90776,0,0.7868,0.1067,0.1066,3.435,-0.21565,-6.90776,21.089,-20.72327,0.4917,0.4917,0.0167,0.9657,0.0178,0.0164,0.4682,0.4682,0.0635,0.4683,0.4683,0.0634,0.962,0.0193,0.0187,0.7868,0.1067,0.1066,0.05,0.95,45.278,-20.71124,39.835,5.444,1186.399
103,2026-05-09T06:12:40.416037+00:00,GND,25.8,20.562,20.562,1,0.4683,0.4683,0.0634,9.569,-0.15431,-6.90776,0,0.962,0.0193,0.0187,5.896,-0.19104,-6.90776,0,0.7868,0.1067,0.1066,3.899,-0.21101,-6.90776,19.365,-20.72327,0.4917,0.4917,0.0167,0.9657,0.0178,0.0164,0.4682,0.4682,0.0635,0.4683,0.4683,0.0634,0.962,0.0193,0.0187,0.7868,0.1067,0.1066,0.05,0.95,39.927,-20.71222,36.208,3.719,1211.393
105,2026-05-09T06:13:00.450352+00:00,GND,14.562,22.985,22.985,1,0.4683,0.4683,0.0634,10.475,-0.14525,-6.90776,0,0.962,0.0193,0.0187,2.373,-0.22627,-6.90776,0,0.7868,0.1067,0.1066,1.833,-0.23167,-6.90776,14.68,-20.72327,0.4917,0.4917,0.0167,0.9657,0.0178,0.0164,0.4682,0.4682,0.0635,0.4683,0.4683,0.0634,0.962,0.0193,0.0187,0.7868,0.1067,0.1066,0.05,0.95,37.665,-20.70714,35.944,1.72,1247.732
106,2026-05-09T06:13:10.476125+00:00,GND,14.005,20.634,20.634,0,0.4683,0.4683,0.0634,4.899,-0.20101,-6.90776,0,0.962,0.0193,0.0187,7.2,-0.178,-6.90776,0,0.7868,0.1067,0.1066,2.549,-0.22451,-6.90776,14.648,-20.72327,0.4917,0.4917,0.0167,0.9657,0.0178,0.0164,0.4682,0.4682,0.0635,0.4683,0.4683,0.0634,0.962,0.0193,0.0187,0.7868,0.1067,0.1066,0.05,0.95,35.282,-20.70652,35.387,0.0,1247.732
107,2026-05-09T06:13:20.505731+00:00,GND,17.243,26.001,26.001,0,0.4683,0.4683,0.0634,8.768,-0.16232,-6.90776,0,0.962,0.0193,0.0187,8.377,-0.16623,-6.90776,0,0.7868,0.1067,0.1066,5.07,-0.1993,-6.90776,22.215,-20.72327,0.4917,0.4917,0.0167,0.9657,0.0178,0.0164,0.4682,0.4682,0.0635,0.4683,0.4683,0.0634,0.962,0.0193,0.0187,0.7868,0.1067,0.1066,0.05,0.95,48.216,-20.71087,38.626,9.591,1257.323
108,2026-05-09T06:13:30.532055+00:00,GND,9.309,20.836,20.836,1,0.4683,0.4683,0.0634,18.457,-0.06543,-6.90776,0,0.962,0.0193,0.0187,11.156,-0.13844,-6.90776,0,0.7868,0.1067,0.1066,4.763,-0.20237,-6.90776,34.376,-20.72327,0.4917,0.4917,0.0167,0.9657,0.0178,0.0164,0.4682,0.4682,0.0635,0.4683,0.4683,0.0634,0.962,0.0193,0.0187,0.7868,0.1067,0.1066,0.05,0.95,55.211,-20.71082,30.691,24.52,1281.843
110,2026-05-09T06:13:50.568876+00:00,GND,14.971,20.469,20.469,1,0.4683,0.4683,0.0634,8.859,-0.16141,-6.90776,0,0.962,0.0193,0.0187,8.185,-0.16815,-6.90776,1,0.7868,0.1067,0.1066,7.3,-0.177,-6.90776,24.343,-20.72327,0.4917,0.4917,0.0167,0.9657,0.0178,0.0164,0.4682,0.4682,0.0635,0.4683,0.4683,0.0634,0.962,0.0193,0.0187,0.7868,0.1067,0.1066,0.05,0.95,44.813,-20.71046,36.115,8.698,1290.541
111,2026-05-09T06:14:00.579925+00:00,GND,14.346,22.582,22.582,0,0.4683,0.4683,0.0634,6.689,-0.18311,-6.90776,0,0.962,0.0193,0.0187,6.879,-0.18121,-6.90776,0,0.7868,0.1067,0.1066,3.986,-0.21014,-6.90776,17.554,-20.72327,0.4917,0.4917,0.0167,0.9657,0.0178,0.0164,0.4682,0.4682,0.0635,0.4683,0.4683,0.0634,0.962,0.0193,0.0187,0.7868,0.1067,0.1066,0.05,0.95,40.136,-20.70814,35.728,4.408,1294.948
112,2026-05-09T06:14:10.601201+00:00,GND,19.915,25.858,25.858,1,0.4683,0.4683,0.0634,5.329,-0.19671,-6.90776,0,0.962,0.0193,0.0187,10.437,-0.14563,-6.90776,0,0.7868,0.1067,0.1066,3.933,-0.21067,-6.90776,19.698,-20.72327,0.4917,0.4917,0.0167,0.9657,0.0178,0.0164,0.4682,0.4682,0.0635,0.4683,0.4683,0.0634,0.962,0.0193,0.0187,0.7868,0.1067,0.1066,0.05,0.95,45.556,-20.71094,41.297,4.259,1299.208
113,2026-05-09T06:14:20.624226+00:00,GND,15.629,24.407,24.407,1,0.4683,0.4683,0.0634,25.218,0.00218,0.47221,0,0.962,0.0193,0.0187,10.056,-0.14944,-6.90776,2,0.7868,0.1067,0.1066,23.858,-0.01142,-6.90776,59.132,-13.3433,0.4917,0.4917,0.0167,0.9657,0.0178,0.0164,0.4682,0.4682,0.0635,0.7866,0.1068,0.1066,0.962,0.0193,0.0187,0.7868,0.1067,0.1066,0.05,0.95,83.539,-13.33603,37.011,46.527,1345.735
114,2026-05-09T06:14:30.663121+00:00,GND,9.914,20.967,20.967,0,0.7866,0.1068,0.1066,3.495,-0.21505,-6.90776,0,0.962,0.0193,0.0187,8.427,-0.16573,-6.90776,0,0.7868,0.1067,0.1066,3.329,-0.21671,-6.90776,15.251,-20.72327,0.4917,0.4917,0.0167,0.9657,0.0178,0.0164,0.4682,0.4682,0.0635,0.7866,0.1068,0.1066,0.962,0.0193,0.0187,0.7868,0.1067,0.1066,0.05,0.95,36.217,-20.70469,31.296,4.922,1350.657
115,2026-05-09T06:14:40.686204+00:00,GND,14.364,21.963,21.963,0,0.7866,0.1068,0.1066,7.064,-0.17936,-6.90776,0,0.962,0.0193,0.0187,6.175,-0.18825,-6.90776,0,0.7868,0.1067,0.1066,1.725,-0.23275,-6.90776,14.964,-20.72327,0.4917,0.4917,0.0167,0.9657,0.0178,0.0164,0.4682,0.4682,0.0635,0.7866,0.1068,0.1066,0.962,0.0193,0.0187,0.7868,0.1067,0.1066,0.05,0.95,36.927,-20.70703,35.746,1.181,1351.838
116,2026-05-09T06:14:50.704802+00:00,GND,19.022,24.441,24.441,1,0.7866,0.1068,0.1066,11.757,-0.13243,-6.90776,0,0.962,0.0193,0.0187,5.903,-0.19097,-6.90776,0,0.7868,0.1067,0.1066,2.252,-0.22748,-6.90776,19.912,-20.72327,0.4917,0.4917,0.0167,0.9657,0.0178,0.0164,0.4682,0.4682,0.0635,0.7866,0.1068,0.1066,0.962,0.0193,0.0187,0.7868,0.1067,0.1066,0.05,0.95,44.353,-20.71067,40.087,4.266,1356.104
117,2026-05-09T06:15:00.734704+00:00,GND,16.46,26.254,26.254,0,0.7866,0.1068,0.1066,8.115,-0.16885,-6.90776,0,0.962,0.0193,0.0187,7.928,-0.17072,-6.90776,0,0.7868,0.1067,0.1066,1.534,-0.23466,-6.90776,17.576,-20.72327,0.4917,0.4917,0.0167,0.9657,0.0178,0.0164,0.4682,0.4682,0.0635,0.7866,0.1068,0.1066,0.962,0.0193,0.0187,0.7868,0.1067,0.1066,0.05,0.95,43.83,-20.70934,37.842,5.988,1362.092
118,2026-05-09T06:15:10.761237+00:00,GND,15.254,24.151,24.151,0,0.7866,0.1068,0.1066,5.776,-0.19224,-6.90776,0,0.962,0.0193,0.0187,8.324,-0.16676,-6.90776,0,0.7868,0.1067,0.1066,4.122,-0.20878,-6.90776,18.223,-20.72327,0.4917,0.4917,0.0167,0.9657,0.0178,0.0164,0.4682,0.4682,0.0635,0.7866,0.1068,0.1066,0.962,0.0193,0.0187,0.7868,0.1067,0.1066,0.05,0.95,42.373,-20.70891,36.636,5.737,1367.829
119,2026-05-09T06:15:20.788240+00:00,GND,9.868,21.011,21.011,0,0.7866,0.1068,0.1066,6.824,-0.18176,-6.90776,0,0.962,0.0193,0.0187,6.436,-0.18564,-6.90776,0,0.7868,0.1067,0.1066,5.199,-0.19801,-6.90776,18.459,-20.72327,0.4917,0.4917,0.0167,0.9657,0.0178,0.0164,0.4682,0.4682,0.0635,0.7866,0.1068,0.1066,0.962,0.0193,0.0187,0.7868,0.1067,0.1066,0.05,0.95,39.47,-20.70617,31.25,8.22,1376.049
120,2026-05-09T06:15:30.812640+00:00,GND,19.541,23.768,23.768,0,0.7866,0.1068,0.1066,6.351,-0.18649,-6.90776,0,0.962,0.0193,0.0187,7.701,-0.17299,-6.90776,0,0.7868,0.1067,0.1066,3.831,-0.21169,-6.90776,17.883,-20.72327,0.4917,0.4917,0.0167,0.9657,0.0178,0.0164,0.4682,0.4682,0.0635,0.7866,0.1068,0.1066,0.962,0.0193,0.0187,0.7868,0.1067,0.1066,0.05,0.95,41.651,-20.71018,39.414,2.237,1378.285
121,2026-05-09T06:15:40.835074+00:00,GND,11.329,22.609,22.609,0,0.7866,0.1068,0.1066,7.271,-0.17729,-6.90776,0,0.962,0.0193,0.0187,7.621,-0.17379,-6.90776,0,0.7868,0.1067,0.1066,5.06,-0.1994,-6.90776,19.952,-20.72327,0.4917,0.4917,0.0167,0.9657,0.0178,0.0164,0.4682,0.4682,0.0635,0.7866,0.1068,0.1066,0.962,0.0193,0.0187,0.7868,0.1067,0.1066,0.05,0.95,42.562,-20.70773,32.711,9.851,1388.136
122,2026-05-09T06:15:50.851793+00:00,GND,16.234,25.747,25.747,0,0.7866,0.1068,0.1066,5.03,-0.1997,-6.90776,0,0.962,0.0193,0.0187,3.137,-0.21863,-6.90776,0,0.7868,0.1067,0.1066,4.423,-0.20577,-6.90776,12.589,-20.72327,0.4917,0.4917,0.0167,0.9657,0.0178,0.0164,0.4682,0.4682,0.0635,0.7866,0.1068,0.1066,0.962,0.0193,0.0187,0.7868,0.1067,0.1066,0.05,0.95,38.336,-20.70739,37.616,0.72,1388.856
123,2026-05-09T06:16:00.875060+00:00,GND,18.451,23.789,23.789,0,0.7866,0.1068,0.1066,2.289,-0.22711,-6.90776,0,0.962,0.0193,0.0187,14.572,-0.10428,-6.90776,1,0.7868,0.1067,0.1066,7.243,-0.17757,-6.90776,24.104,-20.72327,0.4917,0.4917,0.0167,0.9657,0.0178,0.0164,0.4682,0.4682,0.0635,0.7866,0.1068,0.1066,0.962,0.0193,0.0187,0.7868,0.1067,0.1066,0.05,0.95,47.893,-20.71158,39.435,8.458,1397.314
124,2026-05-09T06:16:10.897309+00:00,GND,16.723,26.607,26.607,0,0.7866,0.1068,0.1066,3.638,-0.21362,-6.90776,0,0.962,0.0193,0.0187,15.786,-0.09214,-6.90776,2,0.7868,0.1067,0.1066,14.061,-0.10939,-6.90776,33.485,-20.72327,0.4917,0.4917,0.0167,0.9657,0.0178,0.0164,0.4682,0.4682,0.0635,0.7866,0.1068,0.1066,0.962,0.0193,0.0187,0.7868,0.1067,0.1066,0.05,0.95,60.092,-20.7131,38.105,21.986,1419.301
125,2026-05-09T06:16:20.903840+00:00,GND,13.583,23.111,23.111,0,0.7866,0.1068,0.1066,2.671,-0.22329,-6.90776,0,0.962,0.0193,0.0187,2.604,-0.22396,-6.90776,0,0.7868,0.1067,0.1066,2.575,-0.22425,-6.90776,7.85,-20.72327,0.4917,0.4917,0.0167,0.9657,0.0178,0.0164,0.4682,0.4682,0.0635,0.7866,0.1068,0.1066,0.962,0.0193,0.0187,0.7868,0.1067,0.1066,0.05,0.95,30.961,-20.70313,34.965,0.0,1419.301
126,2026-05-09T06:16:30.910801+00:00,GND,12.942,22.712,22.712,0,0.7866,0.1068,0.1066,2.504,-0.22496,-6.90776,0,0.962,0.0193,0.0187,8.003,-0.16997,-6.90776,0,0.7868,0.1067,0.1066,8.313,-0.16687,-6.90776,18.82,-20.72327,0.4917,0.4917,0.0167,0.9657,0.0178,0.0164,0.4682,0.4682,0.0635,0.7866,0.1068,0.1066,0.962,0.0193,0.0187,0.7868,0.1067,0.1066,0.05,0.95,41.532,-20.70804,34.324,7.207,1426.508
127,2026-05-09T06:16:40.916528+00:00,GND,15.155,24.177,24.177,0,0.7866,0.1068,0.1066,9.668,-0.15332,-6.90776,0,0.962,0.0193,0.0187,3.179,-0.21821,-6.90776,0,0.7868,0.1067,0.1066,3.924,-0.21076,-6.90776,16.77,-20.72327,0.4917,0.4917,0.0167,0.9657,0.0178,0.0164,0.4682,0.4682,0.0635,0.7866,0.1068,0.1066,0.962,0.0193,0.0187,0.7868,0.1067,0.1066,0.05,0.95,40.947,-20.70837,36.537,4.41,1430.918
128,2026-05-09T06:16:50.933634+00:00,GND,14.542,21.086,21.086,0,0.7866,0.1068,0.1066,7.893,-0.17107,-6.90776,0,0.962,0.0193,0.0187,8.51,-0.1649,-6.90776,2,0.7868,0.1067,0.1066,13.037,-0.11963,-6.90776,29.44,-20.72327,0.4917,0.4917,0.0167,0.9657,0.0178,0.0164,0.4682,0.4682,0.0635,0.7866,0.1068,0.1066,0.962,0.0193,0.0187,0.7868,0.1067,0.1066,0.05,0.95,50.526,-20.71162,35.925,14.601,1445.519
