ho_id,timestamp,task_type,path,isl_ms,gnd_ms,prop_ms,path_p_isl,path_p_gnd,access_cost_isl,access_cost_gnd,trgsat_bg,tn_bg,amf_inst,amf_p0,amf_p1,amf_p2,amf_ms,amf_rho,amf_x,amf_cost,smf_inst,smf_p0,smf_p1,smf_p2,smf_ms,smf_rho,smf_x,smf_cost,upf_inst,upf_p0,upf_p1,upf_p2,upf_ms,upf_rho,upf_x,upf_cost,core_ms,total_ms,on_amf_p0,on_amf_p1,on_amf_p2,on_smf_p0,on_smf_p1,on_smf_p2,on_upf_p0,on_upf_p1,on_upf_p2,gnd_amf_p0,gnd_amf_p1,gnd_amf_p2,gnd_smf_p0,gnd_smf_p1,gnd_smf_p2,gnd_upf_p0,gnd_upf_p1,gnd_upf_p2,global_oracle_ms,access_regret_ms,inst_regret_ms,global_regret_ms,cum_access_regret_ms,cum_inst_regret_ms,cum_global_regret_ms
5,2026-05-10T22:24:19.791689+00:00,gaming,ISL,18.09,25.416,18.09,0.2334,0.7666,31.362,29.095,0.5926,0.3709,0,0.3333,0.3333,0.3333,1.115,0.5333,-0.38853,-1.30376,0,0.3333,0.3333,0.3333,1.164,0.4167,-0.38355,-2.53231,1,0.3333,0.3333,0.3333,1.878,0.6528,-0.31219,-0.65056,4.157,35.52,0.3673,0.327,0.3057,0.4583,0.2854,0.2563,0.9673,0.0163,0.0163,0.4918,0.4918,0.0164,0.4918,0.4918,0.0164,0.3333,0.3333,0.3333,29.682,2.268,1.793,5.838,18.152,2.77,20.922
7,2026-05-10T22:24:39.810888+00:00,gaming,ISL,15.156,20.285,15.156,0.2148,0.7852,29.505,24.018,0.6254,0.3813,1,0.3673,0.327,0.3057,2.288,0.7619,-0.27117,-0.43991,2,0.4583,0.2854,0.2563,4.955,0.8333,-0.00449,-0.00541,0,0.9673,0.0163,0.0163,0.491,0.4352,-0.45092,-6.90776,7.734,37.239,0.4037,0.3196,0.2766,0.9675,0.0163,0.0163,0.9677,0.0161,0.0161,0.4918,0.4918,0.0164,0.4918,0.4918,0.0164,0.3333,0.3333,0.3333,24.605,5.487,5.37,12.634,23.668,8.27,33.686
11,2026-05-10T22:25:19.902670+00:00,youtube,ISL,15.905,25.729,15.905,0.5,0.5,32.905,29.574,0.6875,0.402,1,0.4037,0.3196,0.2766,2.22,0.7619,-0.27799,-0.45391,0,0.9675,0.0163,0.0163,0.584,0.4167,-0.44163,-6.90776,0,0.9677,0.0161,0.0161,999.0,1.6728,99.4,4.10132,1001.804,1034.709,0.4407,0.3106,0.2486,0.9677,0.0161,0.0161,0.9667,0.0166,0.0166,0.4918,0.4918,0.0164,0.4918,0.4918,0.0164,0.3333,0.3333,0.3333,30.632,3.332,1.105,1004.077,27.0,10.927,1039.315
14,2026-05-10T22:25:49.905554+00:00,youtube,ISL,19.365,25.977,19.365,0.4336,0.5664,38.851,29.909,0.7295,0.4172,0,0.4407,0.3106,0.2486,0.904,0.5333,-0.40961,-1.4611,0,0.9677,0.0161,0.0161,1.463,0.4167,-0.35371,-1.88976,0,0.9667,0.0166,0.0166,999.0,1.6728,99.4,4.10132,1001.367,1040.218,0.4847,0.2948,0.2206,0.9669,0.0165,0.0165,0.9667,0.0167,0.0167,0.4918,0.4918,0.0164,0.4918,0.4918,0.0164,0.9677,0.0161,0.0161,30.968,8.942,0.668,1009.25,35.942,14.211,2051.181
15,2026-05-10T22:25:59.906728+00:00,youtube,ISL,6.338,15.842,6.338,0.4702,0.5298,26.753,19.804,0.7425,0.4223,0,0.4847,0.2948,0.2206,0.92,0.5333,-0.40803,-1.44838,0,0.9669,0.0165,0.0165,0.367,0.4167,-0.46327,-6.90776,0,0.9667,0.0167,0.0167,999.0,1.6728,99.4,4.10132,1000.287,1027.04,0.5279,0.2778,0.1943,0.9677,0.0161,0.0161,0.9666,0.0167,0.0167,0.4918,0.4918,0.0164,0.4918,0.4918,0.0164,0.9677,0.0161,0.0161,20.862,6.949,0.0,1006.178,42.891,14.211,3057.358
21,2026-05-10T22:26:59.990375+00:00,browsing,ISL,20.556,14.635,20.556,0.5,0.5,47.39,18.783,0.8065,0.4517,0,0.5279,0.2778,0.1943,0.514,0.5333,-0.4486,-1.83958,0,0.9677,0.0161,0.0161,0.769,0.4167,-0.42311,-6.90776,0,0.9666,0.0167,0.0167,999.0,1.5278,99.4,4.19059,1000.283,1047.673,0.5952,0.2448,0.16,0.9677,0.0161,0.0161,0.9666,0.0167,0.0167,0.4918,0.4918,0.0164,0.4918,0.4918,0.0164,0.9677,0.0161,0.0161,19.769,28.607,0.0,1027.904,71.498,15.962,4087.014
22,2026-05-10T22:27:10.007588+00:00,browsing,ISL,13.87,23.096,13.87,0.5295,0.4705,41.836,27.276,0.8146,0.4564,1,0.5952,0.2448,0.16,2.73,0.7619,-0.22698,-0.35369,0,0.9677,0.0161,0.0161,0.545,0.4167,-0.44554,-6.90776,0,0.9666,0.0167,0.0167,999.0,1.5278,99.4,4.19059,1002.275,1044.111,0.631,0.2293,0.1397,0.9677,0.0161,0.0161,0.9666,0.0167,0.0167,0.4918,0.4918,0.0164,0.4918,0.4918,0.0164,0.9677,0.0161,0.0161,28.262,14.56,1.576,1015.848,86.058,17.539,5102.862
23,2026-05-10T22:27:20.023610+00:00,browsing,ISL,9.91,21.3,9.91,0.5631,0.4369,38.984,25.512,0.8219,0.4612,0,0.631,0.2293,0.1397,0.661,0.5333,-0.43386,-1.67929,0,0.9677,0.0161,0.0161,0.268,0.4167,-0.47315,-6.90776,0,0.9666,0.0167,0.0167,999.0,1.5278,99.4,4.19059,999.93,1038.914,0.6817,0.2028,0.1155,0.9677,0.0161,0.0161,0.9666,0.0167,0.0167,0.4918,0.4918,0.0164,0.4918,0.4918,0.0164,0.9677,0.0161,0.0161,26.498,13.473,0.0,1012.416,99.531,17.539,6115.278
27,2026-05-10T22:28:00.422978+00:00,browsing,ISL,19.489,22.942,19.489,0.4281,0.5719,52.315,27.284,0.8429,0.4795,0,0.6817,0.2028,0.1155,0.779,0.5333,-0.42212,-1.5677,0,0.9677,0.0161,0.0161,0.297,0.4167,-0.47026,-6.90776,0,0.9666,0.0167,0.0167,999.0,1.5278,99.4,4.19059,1000.076,1052.391,0.7225,0.1811,0.0964,0.9677,0.0161,0.0161,0.9666,0.0167,0.0168,0.4918,0.4918,0.0164,0.4918,0.4918,0.0164,0.9677,0.0161,0.0161,28.271,25.031,0.0,1024.12,124.561,20.074,7141.933
28,2026-05-10T22:28:10.437947+00:00,browsing,ISL,11.762,19.975,11.762,0.4541,0.5459,45.229,24.35,0.846,0.484,0,0.7225,0.1811,0.0964,1.091,0.5333,-0.39087,-1.32005,0,0.9677,0.0161,0.0161,0.404,0.4167,-0.45955,-6.90776,0,0.9666,0.0167,0.0168,999.0,1.5278,99.4,4.19059,1000.496,1045.725,0.7501,0.1669,0.083,0.9677,0.0161,0.0161,0.9665,0.0167,0.0168,0.4918,0.4918,0.0164,0.4918,0.4918,0.0164,0.9677,0.0161,0.0161,25.337,20.879,0.0,1020.388,145.44,20.074,8162.321
29,2026-05-10T22:28:20.455333+00:00,browsing,ISL,16.611,26.245,16.611,0.4851,0.5149,50.554,30.654,0.8482,0.4883,0,0.7501,0.1669,0.083,1.119,0.5333,-0.38806,-1.30056,0,0.9677,0.0161,0.0161,0.276,0.4167,-0.47241,-6.90776,0,0.9665,0.0167,0.0168,999.0,1.5278,99.4,4.19059,1000.395,1050.949,0.7749,0.1536,0.0714,0.9677,0.0161,0.0161,0.9665,0.0167,0.0168,0.4918,0.4918,0.0164,0.4918,0.4918,0.0164,0.9677,0.0161,0.0161,31.64,19.9,0.0,1019.309,165.34,20.074,9181.63
30,2026-05-10T22:28:30.464918+00:00,browsing,ISL,12.231,22.315,12.231,0.5125,0.4875,46.466,26.757,0.8496,0.4927,0,0.7749,0.1536,0.0714,0.795,0.5333,-0.42048,-1.55309,0,0.9677,0.0161,0.0161,0.427,0.4167,-0.45727,-6.90776,0,0.9665,0.0167,0.0168,999.0,1.5278,99.4,4.19059,1000.222,1046.688,0.8062,0.1351,0.0587,0.9677,0.0161,0.0161,0.9665,0.0167,0.0168,0.4918,0.4918,0.0164,0.4918,0.4918,0.0164,0.9677,0.0161,0.0161,27.743,19.709,0.0,1018.945,185.049,20.074,10200.575
31,2026-05-10T22:28:40.468063+00:00,instagram,ISL,12.806,22.458,12.806,0.5,0.5,47.139,26.934,0.85,0.4969,0,0.8062,0.1351,0.0587,0.543,0.5333,-0.44573,-1.80638,0,0.9677,0.0161,0.0161,0.408,0.4167,-0.45918,-6.90776,0,0.9665,0.0167,0.0168,999.0,2.5,99.4,3.7077,999.951,1047.09,0.8431,0.1116,0.0453,0.9677,0.0161,0.0161,0.9664,0.0167,0.0168,0.4918,0.4918,0.0164,0.4918,0.4918,0.0164,0.9677,0.0161,0.0161,28.615,20.206,0.0,1018.475,205.255,20.074,11219.05
37,2026-05-10T22:29:40.560738+00:00,instagram,ISL,15.85,22.27,15.85,0.2466,0.7534,46.987,26.947,0.8341,0.5211,1,0.8431,0.1116,0.0453,2.768,0.7619,-0.22316,-0.34658,0,0.9677,0.0161,0.0161,0.935,0.4167,-0.40647,-3.7102,0,0.9664,0.0167,0.0168,999.0,2.5,99.4,3.7077,1002.704,1049.691,0.8613,0.1006,0.0381,0.9676,0.0162,0.0162,0.9664,0.0167,0.0169,0.4918,0.4918,0.0164,0.4918,0.4918,0.0164,0.9668,0.0166,0.0166,28.628,20.04,2.005,1021.062,225.295,24.765,12242.798
38,2026-05-10T22:29:50.571486+00:00,instagram,ISL,11.085,22.493,11.085,0.2694,0.7306,41.225,27.203,0.8284,0.5249,0,0.8613,0.1006,0.0381,1.625,0.5333,-0.33754,-1.00208,0,0.9676,0.0162,0.0162,0.294,0.4167,-0.47056,-6.90776,0,0.9664,0.0167,0.0169,999.0,2.5,99.4,3.7077,1000.919,1042.144,0.8712,0.0951,0.0337,0.9677,0.0161,0.0161,0.9664,0.0167,0.0169,0.4918,0.4918,0.0164,0.4918,0.4918,0.0164,0.9668,0.0166,0.0166,28.884,14.022,0.22,1013.26,239.317,24.985,13256.058
39,2026-05-10T22:30:00.578430+00:00,instagram,ISL,19.555,24.396,19.555,0.2974,0.7026,48.63,29.139,0.8219,0.5286,0,0.8712,0.0951,0.0337,0.768,0.5333,-0.42325,-1.57789,0,0.9677,0.0161,0.0161,0.45,0.4167,-0.45496,-6.90776,0,0.9664,0.0167,0.0169,999.0,2.5,99.4,3.7077,1000.218,1048.848,0.8912,0.0817,0.027,0.9677,0.0161,0.0161,0.9663,0.0168,0.0169,0.4918,0.4918,0.0164,0.4918,0.4918,0.0164,0.9668,0.0166,0.0166,30.82,19.491,0.0,1018.028,258.808,24.985,14274.086
45,2026-05-10T22:31:00.666087+00:00,mixed,ISL,20.496,22.874,20.496,0.2869,0.7131,42.911,27.81,0.7665,0.5491,0,0.8912,0.0817,0.027,1.508,0.5333,-0.34918,-1.06338,0,0.9677,0.0161,0.0161,0.468,0.4167,-0.45316,-6.90776,0,0.9663,0.0168,0.0169,999.0,1.9444,99.4,3.95355,1000.977,1043.888,0.8999,0.0764,0.0236,0.9677,0.0161,0.0161,0.9663,0.0168,0.0169,0.4918,0.4918,0.0164,0.4918,0.4918,0.0164,0.9669,0.0166,0.0166,29.024,15.101,0.278,1014.863,273.909,29.034,15292.721
47,2026-05-10T22:31:20.699845+00:00,mixed,ISL,19.548,24.157,19.548,0.2314,0.7686,39.963,29.154,0.7425,0.5553,0,0.8999,0.0764,0.0236,0.892,0.5333,-0.41083,-1.47098,0,0.9677,0.0161,0.0161,0.384,0.4167,-0.46158,-6.90776,0,0.9663,0.0168,0.0169,999.0,1.9444,99.4,3.95355,1000.276,1040.239,0.9138,0.0668,0.0193,0.9677,0.0161,0.0161,0.9663,0.0168,0.017,0.4918,0.4918,0.0164,0.4918,0.4918,0.0164,0.967,0.0165,0.0165,30.369,10.808,0.0,1009.87,284.718,29.247,16302.803
48,2026-05-10T22:31:30.716980+00:00,mixed,ISL,15.463,25.561,15.463,0.2578,0.7422,34.95,30.588,0.7295,0.5582,1,0.9138,0.0668,0.0193,2.392,0.7619,-0.26078,-0.41896,0,0.9677,0.0161,0.0161,1.204,0.4167,-0.37956,-2.41844,0,0.9663,0.0168,0.017,999.0,1.9444,99.4,3.95355,1002.597,1037.546,0.9234,0.06,0.0167,0.9671,0.0165,0.0165,0.9663,0.0168,0.017,0.4918,0.4918,0.0164,0.4918,0.4918,0.0164,0.967,0.0165,0.0165,31.803,4.361,1.898,1005.743,289.079,31.145,17308.546
71,2026-05-10T22:35:21.200247+00:00,browsing,ISL,16.255,25.653,16.255,0.5425,0.4575,25.098,31.136,0.3625,0.5986,0,0.9234,0.06,0.0167,0.754,0.5333,-0.42458,-1.59004,2,0.9671,0.0165,0.0165,4.877,0.8333,-0.0123,-0.01487,0,0.9663,0.0168,0.017,999.0,1.5278,99.4,4.19059,1004.631,1029.73,0.9327,0.0507,0.0166,0.9677,0.0161,0.0161,0.9662,0.0168,0.017,0.4918,0.4918,0.0164,0.4918,0.4918,0.0164,0.9677,0.0161,0.0161,32.123,0.0,3.933,997.607,333.742,42.606,18318.027
73,2026-05-10T22:35:41.224442+00:00,browsing,ISL,16.064,24.309,16.064,0.553,0.447,24.571,29.803,0.334,0.5995,1,0.9327,0.0507,0.0166,2.414,0.7619,-0.25855,-0.41453,0,0.9677,0.0161,0.0161,0.795,0.4167,-0.42053,-6.90776,0,0.9662,0.0168,0.017,999.0,1.5278,99.4,4.19059,1002.209,1026.78,0.9381,0.0453,0.0166,0.9677,0.0161,0.0161,0.9662,0.0168,0.017,0.4918,0.4918,0.0164,0.4918,0.4918,0.0164,0.9671,0.0165,0.0165,30.79,0.0,1.51,995.991,341.627,45.125,19315.026
74,2026-05-10T22:35:51.237585+00:00,browsing,ISL,10.999,20.556,10.999,0.615,0.385,19.357,26.054,0.3205,0.5998,0,0.9381,0.0453,0.0166,1.293,0.5333,-0.3707,-1.18766,0,0.9677,0.0161,0.0161,0.4,0.4167,-0.45999,-6.90776,0,0.9662,0.0168,0.017,999.0,1.5278,99.4,4.19059,1000.693,1020.05,0.9421,0.0413,0.0166,0.9677,0.0161,0.0161,0.9662,0.0168,0.017,0.4918,0.4918,0.0164,0.4918,0.4918,0.0164,0.9671,0.0165,0.0165,27.04,0.0,0.0,993.01,341.627,45.125,20308.036
75,2026-05-10T22:36:01.253309+00:00,browsing,ISL,15.087,20.547,15.087,0.6935,0.3065,23.307,26.046,0.3075,0.5999,0,0.9421,0.0413,0.0166,0.528,0.5333,-0.44721,-1.82331,0,0.9677,0.0161,0.0161,0.331,0.4167,-0.46688,-6.90776,0,0.9662,0.0168,0.017,999.0,1.5278,99.4,4.19059,999.859,1023.167,0.9506,0.0328,0.0166,0.9677,0.0161,0.0161,0.9662,0.0168,0.017,0.4918,0.4918,0.0164,0.4918,0.4918,0.0164,0.9671,0.0165,0.0165,27.033,0.0,0.0,996.134,341.627,45.125,21304.17
76,2026-05-10T22:36:11.278666+00:00,browsing,ISL,10.549,22.319,10.549,0.7483,0.2517,18.643,27.819,0.2952,0.6,0,0.9506,0.0328,0.0166,0.851,0.5333,-0.41485,-1.5044,0,0.9677,0.0161,0.0161,0.687,0.4167,-0.4313,-6.90776,0,0.9662,0.0168,0.017,999.0,1.5278,99.4,4.19059,1000.538,1019.182,0.9553,0.0281,0.0166,0.9677,0.0161,0.0161,0.9661,0.0168,0.0171,0.4918,0.4918,0.0164,0.4918,0.4918,0.0164,0.9671,0.0165,0.0165,28.805,0.0,0.0,990.376,341.627,45.125,22294.546
77,2026-05-10T22:36:21.301545+00:00,browsing,ISL,16.041,26.027,16.041,0.8109,0.1891,24.019,31.527,0.2835,0.5999,0,0.9553,0.0281,0.0166,0.722,0.5333,-0.42779,-1.62,0,0.9677,0.0161,0.0161,0.363,0.4167,-0.46367,-6.90776,0,0.9661,0.0168,0.0171,999.0,1.5278,99.4,4.19059,1000.085,1024.105,0.9599,0.0235,0.0166,0.9677,0.0161,0.0161,0.9661,0.0168,0.0171,0.4918,0.4918,0.0164,0.4918,0.4918,0.0164,0.9671,0.0165,0.0165,32.513,0.0,0.0,991.591,341.627,45.125,23286.137
78,2026-05-10T22:36:31.319907+00:00,browsing,ISL,13.37,23.579,13.37,0.848,0.152,21.243,29.076,0.2724,0.5998,0,0.9599,0.0235,0.0166,0.965,0.5333,-0.4035,-1.41291,0,0.9677,0.0161,0.0161,0.326,0.4167,-0.46743,-6.90776,0,0.9661,0.0168,0.0171,999.0,1.5278,99.4,4.19059,1000.291,1021.533,0.9628,0.0206,0.0166,0.9677,0.0161,0.0161,0.9661,0.0168,0.0171,0.4918,0.4918,0.0164,0.4918,0.4918,0.0164,0.9671,0.0165,0.0165,30.063,0.0,0.0,991.47,341.627,45.125,24277.607
79,2026-05-10T22:36:41.337348+00:00,browsing,ISL,20.558,22.959,20.558,0.8836,0.1164,28.334,28.453,0.2621,0.5995,0,0.9628,0.0206,0.0166,1.508,0.5333,-0.34919,-1.06342,0,0.9677,0.0161,0.0161,0.843,0.4167,-0.41569,-6.05094,0,0.9661,0.0168,0.0171,999.0,1.5278,99.4,4.19059,1001.351,1029.685,0.9643,0.0191,0.0166,0.9677,0.0161,0.0161,0.9661,0.0168,0.0171,0.4918,0.4918,0.0164,0.4918,0.4918,0.0164,0.9671,0.0165,0.0165,29.44,0.0,0.653,1000.245,341.627,45.777,25277.852
83,2026-05-10T22:37:21.423466+00:00,instagram,ISL,16.7,21.281,16.7,0.2024,0.7976,24.178,26.748,0.2281,0.5973,0,0.9643,0.0191,0.0166,1.006,0.5333,-0.39935,-1.38143,0,0.9677,0.0161,0.0161,1.274,0.4167,-0.37262,-2.24714,0,0.9661,0.0168,0.0171,999.0,2.5,99.4,3.7077,1001.28,1025.458,0.9666,0.0168,0.0166,0.967,0.0165,0.0165,0.966,0.0168,0.0171,0.4918,0.4918,0.0164,0.4918,0.4918,0.0164,0.9668,0.0166,0.0166,28.429,0.0,0.582,997.028,355.742,47.998,26276.52
84,2026-05-10T22:37:31.463296+00:00,instagram,ISL,7.491,10.742,7.491,0.2478,0.7522,14.914,16.199,0.2216,0.5965,0,0.9666,0.0168,0.0166,0.764,0.5333,-0.4236,-1.58108,0,0.967,0.0165,0.0165,0.733,0.4167,-0.4267,-6.90776,0,0.966,0.0168,0.0171,999.0,2.5,99.4,3.7077,1000.497,1015.411,0.9669,0.0166,0.0166,0.9677,0.0161,0.0161,0.966,0.0168,0.0172,0.4918,0.4918,0.0164,0.4918,0.4918,0.0164,0.9668,0.0166,0.0166,17.88,0.0,0.0,997.531,355.742,47.998,27274.051
92,2026-05-10T22:38:51.652728+00:00,mixed,ISL,11.045,20.685,11.045,0.1775,0.8225,18.299,26.017,0.2004,0.5861,0,0.9669,0.0166,0.0166,0.607,0.5333,-0.43934,-1.73597,0,0.9677,0.0161,0.0161,0.68,0.4167,-0.43201,-6.90776,0,0.966,0.0168,0.0172,999.0,1.9444,99.4,3.95355,1000.286,1018.585,0.9669,0.0165,0.0165,0.9677,0.0161,0.0161,0.966,0.0168,0.0172,0.4918,0.4918,0.0164,0.4918,0.4918,0.0164,0.967,0.0165,0.0165,27.232,0.0,0.0,991.354,394.384,50.889,28268.295
95,2026-05-10T22:39:21.712127+00:00,mixed,ISL,15.463,23.949,15.463,0.1674,0.8326,22.769,29.216,0.2071,0.5805,0,0.9669,0.0165,0.0165,0.635,0.5333,-0.43649,-1.70609,0,0.9677,0.0161,0.0161,0.627,0.4167,-0.43728,-6.90776,0,0.966,0.0168,0.0172,999.0,1.9444,99.4,3.95355,1000.262,1023.031,0.9669,0.0165,0.0165,0.9677,0.0161,0.0161,0.9659,0.0169,0.0172,0.4918,0.4918,0.0164,0.4918,0.4918,0.0164,0.9672,0.0164,0.0164,30.431,0.0,0.0,992.6,411.749,51.913,29261.92
98,2026-05-10T22:39:51.777926+00:00,mixed,ISL,20.033,23.952,20.033,0.1422,0.8578,27.456,29.146,0.2216,0.5739,0,0.9669,0.0165,0.0165,0.598,0.5333,-0.44021,-1.74517,0,0.9677,0.0161,0.0161,0.363,0.4167,-0.46368,-6.90776,0,0.9659,0.0169,0.0172,999.0,1.9444,99.4,3.95355,999.961,1027.417,0.9669,0.0165,0.0165,0.9677,0.0161,0.0161,0.9659,0.0169,0.0172,0.4918,0.4918,0.0164,0.4918,0.4918,0.0164,0.9669,0.0166,0.0166,30.361,0.0,0.0,997.057,428.667,52.928,30259.992
121,2026-05-10T22:43:42.479574+00:00,browsing,ISL,11.238,22.84,11.238,0.862,0.138,22.764,27.315,0.525,0.4969,0,0.9669,0.0165,0.0165,0.827,0.5333,-0.41725,-1.52485,0,0.9677,0.0161,0.0161,0.315,0.4167,-0.46845,-6.90776,0,0.9659,0.0169,0.0172,999.0,1.5278,99.4,4.19059,1000.143,1022.907,0.9669,0.0166,0.0166,0.9677,0.0161,0.0161,0.9659,0.0169,0.0172,0.4918,0.4918,0.0164,0.4918,0.4918,0.0164,0.9677,0.0161,0.0161,28.302,0.0,0.0,994.605,506.048,56.122,31283.875
122,2026-05-10T22:43:52.499464+00:00,browsing,ISL,17.319,25.905,17.319,0.8922,0.1078,29.237,30.347,0.542,0.4927,0,0.9669,0.0166,0.0166,0.798,0.5333,-0.42018,-1.55044,0,0.9677,0.0161,0.0161,0.282,0.4167,-0.47175,-6.90776,0,0.9659,0.0169,0.0172,999.0,1.5278,99.4,4.19059,1000.081,1029.317,0.9669,0.0166,0.0166,0.9677,0.0161,0.0161,0.9659,0.0169,0.0173,0.4918,0.4918,0.0164,0.4918,0.4918,0.0164,0.9677,0.0161,0.0161,31.334,0.0,0.0,997.984,506.048,56.122,32281.859
123,2026-05-10T22:44:02.524979+00:00,browsing,ISL,8.599,20.236,8.599,0.9105,0.0895,20.936,24.645,0.559,0.4883,0,0.9669,0.0166,0.0166,0.914,0.5333,-0.40863,-1.45325,0,0.9677,0.0161,0.0161,0.637,0.4167,-0.43627,-6.90776,0,0.9659,0.0169,0.0173,999.0,1.5278,99.4,4.19059,1000.551,1021.487,0.9668,0.0166,0.0166,0.9677,0.0161,0.0161,0.9658,0.0169,0.0173,0.4918,0.4918,0.0164,0.4918,0.4918,0.0164,0.9677,0.0161,0.0161,25.632,0.0,0.0,995.855,506.048,56.122,33277.714
124,2026-05-10T22:44:12.549841+00:00,browsing,ISL,18.602,24.055,18.602,0.933,0.067,31.391,28.43,0.5758,0.484,0,0.9668,0.0166,0.0166,0.591,0.5333,-0.44091,-1.75281,0,0.9677,0.0161,0.0161,0.46,0.4167,-0.45402,-6.90776,0,0.9658,0.0169,0.0173,999.0,1.5278,99.4,4.19059,1000.051,1031.441,0.9669,0.0165,0.0165,0.9677,0.0161,0.0161,0.9658,0.0169,0.0173,0.4918,0.4918,0.0164,0.4918,0.4918,0.0164,0.9677,0.0161,0.0161,29.417,2.96,0.0,1002.024,509.008,56.122,34279.738
126,2026-05-10T22:44:32.604984+00:00,browsing,ISL,13.262,22.96,13.262,0.923,0.077,27.054,27.27,0.6091,0.475,0,0.9669,0.0165,0.0165,1.104,0.5333,-0.38965,-1.3115,0,0.9677,0.0161,0.0161,0.963,0.4167,-0.40375,-3.47362,0,0.9658,0.0169,0.0173,999.0,1.5278,99.4,4.19059,1001.066,1028.12,0.9668,0.0166,0.0166,0.9675,0.0162,0.0162,0.9658,0.0169,0.0173,0.4918,0.4918,0.0164,0.4918,0.4918,0.0164,0.9677,0.0161,0.0161,28.256,0.0,0.367,999.863,509.008,57.417,35280.53
128,2026-05-10T22:44:52.669300+00:00,browsing,ISL,19.451,24.166,19.451,0.9236,0.0764,34.397,28.41,0.6415,0.4658,0,0.9668,0.0166,0.0166,2.001,0.5333,-0.2999,-0.82627,0,0.9675,0.0162,0.0162,0.253,0.4167,-0.47469,-6.90776,0,0.9658,0.0169,0.0173,999.0,1.5278,99.4,4.19059,1001.254,1035.651,0.9668,0.0166,0.0166,0.9677,0.0161,0.0161,0.9658,0.0169,0.0173,0.4918,0.4918,0.0164,0.4918,0.4918,0.0164,0.9677,0.0161,0.0161,29.397,5.987,0.555,1006.254,515.702,57.973,36286.784
129,2026-05-10T22:45:02.701816+00:00,browsing,ISL,18.739,26.043,18.739,0.9348,0.0652,34.325,30.255,0.6572,0.4612,0,0.9668,0.0166,0.0166,1.143,0.5333,-0.3857,-1.28438,0,0.9677,0.0161,0.0161,0.899,0.4167,-0.4101,-4.14974,0,0.9658,0.0169,0.0173,999.0,1.5278,99.4,4.19059,1001.042,1035.367,0.9668,0.0166,0.0166,0.9677,0.0162,0.0162,0.9658,0.0169,0.0173,0.4918,0.4918,0.0164,0.4918,0.4918,0.0164,0.9677,0.0161,0.0161,31.241,4.07,0.343,1004.125,519.771,58.316,37290.909
130,2026-05-10T22:45:12.721486+00:00,browsing,ISL,6.533,17.007,6.533,0.9444,0.0556,22.802,21.186,0.6725,0.4564,0,0.9668,0.0166,0.0166,1.617,0.5333,-0.33826,-1.00579,0,0.9677,0.0162,0.0162,0.384,0.4167,-0.46156,-6.90776,0,0.9658,0.0169,0.0173,999.0,1.5278,99.4,4.19059,1001.002,1023.804,0.9668,0.0166,0.0166,0.9677,0.0161,0.0161,0.9657,0.0169,0.0174,0.4918,0.4918,0.0164,0.4918,0.4918,0.0164,0.9677,0.0161,0.0161,22.173,1.616,0.303,1001.631,521.387,58.619,38292.54
171,2026-05-10T22:52:03.734870+00:00,browsing,ISL,20.399,25.839,20.399,0.9574,0.0426,37.399,29.0,0.6875,0.2483,0,0.9668,0.0166,0.0166,1.516,0.5333,-0.34845,-1.05942,0,0.9677,0.0161,0.0161,1.403,0.4167,-0.35971,-1.98999,0,0.9657,0.0169,0.0174,999.0,1.5278,99.4,4.19059,1001.918,1039.317,0.9668,0.0166,0.0166,0.9669,0.0165,0.0165,0.9657,0.0169,0.0174,0.4918,0.4918,0.0164,0.4918,0.4918,0.0164,0.9676,0.0162,0.0162,29.987,8.399,1.22,1009.331,529.786,73.842,39315.874
172,2026-05-10T22:52:13.758977+00:00,browsing,ISL,19.333,20.177,19.333,0.9633,0.0367,35.602,23.321,0.6725,0.2436,0,0.9668,0.0166,0.0166,0.998,0.5333,-0.40016,-1.38752,0,0.9669,0.0165,0.0165,0.531,0.4167,-0.44689,-6.90776,0,0.9657,0.0169,0.0174,999.0,1.5278,99.4,4.19059,1000.529,1036.131,0.9668,0.0166,0.0166,0.9677,0.0161,0.0161,0.9657,0.0169,0.0174,0.4918,0.4918,0.0164,0.4918,0.4918,0.0164,0.9676,0.0162,0.0162,24.308,12.281,0.0,1011.824,542.067,73.842,40327.698
173,2026-05-10T22:52:23.791010+00:00,browsing,ISL,15.303,21.044,15.303,0.9687,0.0313,30.888,24.171,0.6572,0.2388,0,0.9668,0.0166,0.0166,0.874,0.5333,-0.4126,-1.48553,0,0.9677,0.0161,0.0161,1.423,0.4167,-0.35775,-1.95613,0,0.9657,0.0169,0.0174,999.0,1.5278,99.4,4.19059,1001.297,1032.185,0.9669,0.0166,0.0166,0.9669,0.0165,0.0165,0.9657,0.0169,0.0174,0.4918,0.4918,0.0164,0.4918,0.4918,0.0164,0.9676,0.0162,0.0162,25.158,6.717,0.598,1007.027,548.784,74.44,41334.725
174,2026-05-10T22:52:33.810698+00:00,browsing,ISL,16.15,26.034,16.15,0.974,0.026,31.096,29.145,0.6415,0.2342,0,0.9669,0.0166,0.0166,1.276,0.5333,-0.37243,-1.19834,0,0.9669,0.0165,0.0165,0.306,0.4167,-0.46941,-6.90776,0,0.9657,0.0169,0.0174,999.0,1.5278,99.4,4.19059,1000.582,1031.678,0.9668,0.0166,0.0166,0.9677,0.0161,0.0161,0.9656,0.0169,0.0174,0.4918,0.4918,0.0164,0.4918,0.4918,0.0164,0.9676,0.0162,0.0162,30.132,1.951,0.0,1001.546,550.735,74.44,42336.271
175,2026-05-10T22:52:43.846046+00:00,browsing,ISL,19.83,23.898,19.83,0.9751,0.0249,34.178,26.994,0.6254,0.2296,0,0.9668,0.0166,0.0166,0.814,0.5333,-0.4186,-1.53658,0,0.9677,0.0161,0.0161,0.699,0.4167,-0.43005,-6.90776,0,0.9656,0.0169,0.0174,999.0,1.5278,99.4,4.19059,1000.513,1034.692,0.9669,0.0166,0.0166,0.9677,0.0161,0.0161,0.9656,0.0169,0.0175,0.4918,0.4918,0.0164,0.4918,0.4918,0.0164,0.9676,0.0162,0.0162,27.98,7.185,0.0,1006.712,557.92,74.44,43342.982
176,2026-05-10T22:52:53.863013+00:00,browsing,ISL,15.979,22.135,15.979,0.9752,0.0248,29.771,25.216,0.6091,0.225,0,0.9669,0.0166,0.0166,0.75,0.5333,-0.42505,-1.59437,0,0.9677,0.0161,0.0161,0.365,0.4167,-0.46351,-6.90776,0,0.9656,0.0169,0.0175,999.0,1.5278,99.4,4.19059,1000.114,1029.885,0.9669,0.0166,0.0166,0.9677,0.0161,0.0161,0.9656,0.0169,0.0175,0.4918,0.4918,0.0164,0.4918,0.4918,0.0164,0.9676,0.0162,0.0162,26.203,4.554,0.0,1003.682,562.474,74.44,44346.665
177,2026-05-10T22:53:03.888433+00:00,browsing,ISL,4.458,14.075,4.458,0.9752,0.0248,17.73,17.141,0.5926,0.2205,0,0.9669,0.0166,0.0166,0.538,0.5333,-0.44624,-1.81215,0,0.9677,0.0161,0.0161,0.562,0.4167,-0.44378,-6.90776,0,0.9656,0.0169,0.0175,999.0,1.5278,99.4,4.19059,1000.1,1017.83,0.9669,0.0165,0.0165,0.9677,0.0161,0.0161,0.9656,0.0169,0.0175,0.4918,0.4918,0.0164,0.4918,0.4918,0.0164,0.9676,0.0162,0.0162,18.127,0.59,0.0,999.703,563.064,74.44,45346.368
178,2026-05-10T22:53:13.908176+00:00,browsing,ISL,15.103,22.051,15.103,0.9754,0.0246,27.891,25.102,0.5758,0.216,0,0.9669,0.0165,0.0165,0.587,0.5333,-0.44131,-1.75714,0,0.9677,0.0161,0.0161,0.524,0.4167,-0.44756,-6.90776,0,0.9656,0.0169,0.0175,999.0,1.5278,99.4,4.19059,1000.111,1028.002,0.9669,0.0165,0.0165,0.9677,0.0161,0.0161,0.9655,0.017,0.0175,0.4918,0.4918,0.0164,0.4918,0.4918,0.0164,0.9676,0.0162,0.0162,26.088,2.789,0.0,1001.914,565.853,74.44,46348.282
179,2026-05-10T22:53:23.929863+00:00,browsing,ISL,14.681,15.233,14.681,0.9754,0.0246,27.018,18.27,0.559,0.2117,0,0.9669,0.0165,0.0165,0.722,0.5333,-0.42781,-1.62025,0,0.9677,0.0161,0.0161,0.289,0.4167,-0.47106,-6.90776,0,0.9655,0.017,0.0175,999.0,1.5278,99.4,4.19059,1000.011,1027.029,0.9669,0.0166,0.0166,0.9677,0.0161,0.0161,0.9655,0.017,0.0175,0.4918,0.4918,0.0164,0.4918,0.4918,0.0164,0.9676,0.0162,0.0162,19.256,8.749,0.0,1007.773,574.602,74.44,47356.055
180,2026-05-10T22:53:33.955344+00:00,browsing,ISL,5.808,17.354,5.808,0.9755,0.0245,17.725,20.377,0.542,0.2073,0,0.9669,0.0166,0.0166,0.832,0.5333,-0.41685,-1.52136,0,0.9677,0.0161,0.0161,0.49,0.4167,-0.45102,-6.90776,0,0.9655,0.017,0.0175,999.0,1.5278,99.4,4.19059,1000.321,1018.047,0.9669,0.0166,0.0166,0.9677,0.0161,0.0161,0.9655,0.017,0.0175,0.4918,0.4918,0.0164,0.4918,0.4918,0.0164,0.9676,0.0162,0.0162,21.364,0.0,0.0,996.682,574.602,74.44,48352.737
196,2026-05-10T22:56:14.277836+00:00,mixed,ISL,17.678,26.382,17.678,0.0244,0.9756,25.772,29.229,0.2952,0.1477,0,0.9669,0.0166,0.0166,0.611,0.5333,-0.43889,-1.73112,0,0.9677,0.0161,0.0161,0.641,0.4167,-0.4359,-6.90776,0,0.9655,0.017,0.0175,999.0,1.9444,99.4,3.95355,1000.252,1026.024,0.9669,0.0165,0.0165,0.9677,0.0161,0.0161,0.9655,0.017,0.0176,0.4918,0.4918,0.0164,0.4918,0.4918,0.0164,0.967,0.0165,0.0165,30.444,0.0,0.0,995.58,609.064,83.28,49357.159
210,2026-05-10T22:58:34.605607+00:00,gaming,ISL,16.596,26.039,16.596,0.0244,0.9756,23.849,28.796,0.2004,0.1139,0,0.9669,0.0165,0.0165,1.077,0.5333,-0.39228,-1.33004,0,0.9677,0.0161,0.0161,0.293,0.4167,-0.4707,-6.90776,0,0.9655,0.017,0.0176,0.932,0.4352,-0.40675,-2.72827,2.303,26.152,0.9668,0.0166,0.0166,0.9677,0.0161,0.0161,0.9672,0.0164,0.0164,0.9672,0.0164,0.0164,0.4918,0.4918,0.0164,0.9667,0.0167,0.0167,26.213,0.0,0.0,0.0,654.28,86.19,49379.916
221,2026-05-10T23:00:24.825581+00:00,browsing,ISL,17.095,25.804,17.095,0.9755,0.0245,24.704,28.529,0.2435,0.1014,0,0.9668,0.0166,0.0166,0.742,0.5333,-0.42584,-1.60175,0,0.9677,0.0161,0.0161,1.257,0.4167,-0.37432,-2.2863,0,0.9672,0.0164,0.0164,999.0,1.5278,99.4,4.19059,1000.998,1025.703,0.9669,0.0166,0.0166,0.967,0.0165,0.0165,0.9667,0.0167,0.0167,0.9672,0.0164,0.0164,0.4918,0.4918,0.0164,0.9677,0.0161,0.0161,29.516,0.0,0.3,996.187,698.336,90.966,50380.578
222,2026-05-10T23:00:34.841733+00:00,browsing,ISL,10.749,21.036,10.749,0.9755,0.0245,18.437,23.76,0.2524,0.1009,0,0.9669,0.0166,0.0166,1.362,0.5333,-0.36385,-1.14637,0,0.967,0.0165,0.0165,0.935,0.4167,-0.40646,-3.70889,0,0.9667,0.0167,0.0167,999.0,1.5278,99.4,4.19059,1001.297,1019.734,0.9668,0.0166,0.0166,0.9676,0.0162,0.0162,0.9667,0.0167,0.0167,0.9672,0.0164,0.0164,0.4918,0.4918,0.0164,0.9677,0.0161,0.0161,24.747,0.0,0.598,994.987,698.336,91.564,51375.566
223,2026-05-10T23:00:44.858135+00:00,browsing,ISL,11.55,21.542,11.55,0.9756,0.0244,19.326,24.265,0.2621,0.1005,0,0.9668,0.0166,0.0166,0.661,0.5333,-0.4339,-1.67971,0,0.9676,0.0162,0.0162,0.564,0.4167,-0.44362,-6.90776,0,0.9667,0.0167,0.0167,999.0,1.5278,99.4,4.19059,1000.225,1019.55,0.9669,0.0166,0.0166,0.9677,0.0161,0.0161,0.9666,0.0167,0.0167,0.9672,0.0164,0.0164,0.4918,0.4918,0.0164,0.9677,0.0161,0.0161,25.252,0.0,0.0,994.299,698.336,91.564,52369.864
224,2026-05-10T23:00:54.872158+00:00,browsing,ISL,25.915,21.992,25.915,0.9756,0.0244,33.787,24.715,0.2724,0.1002,0,0.9669,0.0166,0.0166,1.648,0.5333,-0.33516,-0.99002,0,0.9677,0.0161,0.0161,0.345,0.4167,-0.46552,-6.90776,0,0.9666,0.0167,0.0167,999.0,1.5278,99.4,4.19059,1000.993,1034.78,0.9668,0.0166,0.0166,0.9677,0.0161,0.0161,0.9666,0.0167,0.0167,0.9672,0.0164,0.0164,0.4918,0.4918,0.0164,0.9677,0.0161,0.0161,25.702,9.072,0.295,1009.079,707.408,91.859,53378.943
226,2026-05-10T23:01:14.908295+00:00,browsing,ISL,15.796,25.728,15.796,0.9756,0.0244,23.89,28.45,0.2952,0.1,0,0.9668,0.0166,0.0166,1.326,0.5333,-0.36738,-1.16742,0,0.9677,0.0161,0.0161,0.325,0.4167,-0.46746,-6.90776,0,0.9666,0.0167,0.0167,999.0,1.5278,99.4,4.19059,1000.652,1024.541,0.9668,0.0166,0.0166,0.9677,0.0161,0.0161,0.9666,0.0167,0.0167,0.9672,0.0164,0.0164,0.4918,0.4918,0.0164,0.9677,0.0161,0.0161,29.437,0.0,0.0,995.105,713.557,92.191,54374.379
227,2026-05-10T23:01:24.924088+00:00,browsing,ISL,12.456,22.539,12.456,0.9756,0.0244,20.676,25.261,0.3075,0.1001,0,0.9668,0.0166,0.0166,0.94,0.5333,-0.40601,-1.43241,0,0.9677,0.0161,0.0161,1.525,0.4167,-0.34749,-1.79556,0,0.9666,0.0167,0.0167,999.0,1.5278,99.4,4.19059,1001.465,1022.141,0.9668,0.0166,0.0166,0.9669,0.0166,0.0166,0.9666,0.0167,0.0167,0.9672,0.0164,0.0164,0.4918,0.4918,0.0164,0.9677,0.0161,0.0161,26.248,0.0,0.766,995.893,713.557,92.957,55370.273
228,2026-05-10T23:01:34.959940+00:00,browsing,ISL,19.229,23.709,19.229,0.9756,0.0244,27.587,26.431,0.3205,0.1002,0,0.9668,0.0166,0.0166,1.063,0.5333,-0.39368,-1.33996,0,0.9669,0.0166,0.0166,0.777,0.4167,-0.42234,-6.90776,0,0.9666,0.0167,0.0167,999.0,1.5278,99.4,4.19059,1000.84,1028.427,0.9668,0.0166,0.0166,0.9677,0.0161,0.0161,0.9665,0.0167,0.0168,0.9672,0.0164,0.0164,0.4918,0.4918,0.0164,0.9677,0.0161,0.0161,27.418,1.156,0.141,1001.009,714.713,93.098,56371.282
229,2026-05-10T23:01:44.976726+00:00,browsing,ISL,11.481,22.194,11.481,0.9756,0.0244,19.989,24.918,0.334,0.1005,0,0.9668,0.0166,0.0166,0.926,0.5333,-0.40736,-1.44307,0,0.9677,0.0161,0.0161,1.8,0.4167,-0.32001,-1.46111,0,0.9665,0.0167,0.0168,999.0,1.5278,99.4,4.19059,1001.726,1021.715,0.9668,0.0166,0.0166,0.9668,0.0166,0.0166,0.9665,0.0167,0.0168,0.9672,0.0164,0.0164,0.4918,0.4918,0.0164,0.9677,0.0161,0.0161,25.904,0.0,1.028,995.811,714.713,94.126,57367.093
230,2026-05-10T23:01:54.997585+00:00,browsing,ISL,19.948,25.452,19.948,0.9756,0.0244,28.617,28.177,0.348,0.1009,0,0.9668,0.0166,0.0166,1.532,0.5333,-0.34681,-1.05057,0,0.9668,0.0166,0.0166,0.501,0.4167,-0.4499,-6.90776,0,0.9665,0.0167,0.0168,999.0,1.5278,99.4,4.19059,1001.033,1029.65,0.9668,0.0166,0.0166,0.9677,0.0161,0.0161,0.9665,0.0167,0.0168,0.9672,0.0164,0.0164,0.4918,0.4918,0.0164,0.9677,0.0161,0.0161,29.163,0.44,0.334,1000.487,715.153,94.46,58367.579
271,2026-05-10T23:08:45.815137+00:00,browsing,ISL,10.889,20.769,10.889,0.9756,0.0244,45.223,23.778,0.85,0.2031,0,0.9668,0.0166,0.0166,0.661,0.5333,-0.4339,-1.67962,0,0.9677,0.0161,0.0161,1.262,0.4167,-0.37383,-2.27488,0,0.9665,0.0167,0.0168,999.0,1.5278,99.4,4.19059,1000.923,1046.145,0.9669,0.0166,0.0166,0.967,0.0165,0.0165,0.9665,0.0167,0.0168,0.9672,0.0164,0.0164,0.4918,0.4918,0.0164,0.9677,0.0161,0.0161,24.765,21.444,0.224,1021.381,754.521,102.478,59396.754
272,2026-05-10T23:08:55.824376+00:00,browsing,ISL,16.056,21.121,16.056,0.9756,0.0244,50.291,24.144,0.8496,0.2073,0,0.9669,0.0166,0.0166,0.687,0.5333,-0.43135,-1.65433,0,0.967,0.0165,0.0165,0.281,0.4167,-0.47193,-6.90776,0,0.9665,0.0167,0.0168,999.0,1.5278,99.4,4.19059,999.967,1050.258,0.9669,0.0166,0.0166,0.9677,0.0161,0.0161,0.9665,0.0167,0.0168,0.9672,0.0164,0.0164,0.4918,0.4918,0.0164,0.9677,0.0161,0.0161,25.131,26.147,0.0,1025.127,780.668,102.478,60421.881
273,2026-05-10T23:09:05.824176+00:00,browsing,ISL,16.266,22.471,16.266,0.9756,0.0244,50.209,25.508,0.8482,0.2117,0,0.9669,0.0166,0.0166,1.391,0.5333,-0.36093,-1.12931,0,0.9677,0.0161,0.0161,0.447,0.4167,-0.45527,-6.90776,0,0.9665,0.0167,0.0168,999.0,1.5278,99.4,4.19059,1000.838,1051.046,0.9668,0.0166,0.0166,0.9677,0.0161,0.0161,0.9664,0.0167,0.0168,0.9672,0.0164,0.0164,0.4918,0.4918,0.0164,0.9677,0.0161,0.0161,26.494,24.701,0.139,1024.552,805.369,102.617,61446.433
274,2026-05-10T23:09:15.841687+00:00,browsing,ISL,5.274,13.676,5.274,0.9756,0.0244,38.741,16.727,0.846,0.216,0,0.9668,0.0166,0.0166,0.827,0.5333,-0.4173,-1.52529,0,0.9677,0.0161,0.0161,0.648,0.4167,-0.43521,-6.90776,0,0.9664,0.0167,0.0168,999.0,1.5278,99.4,4.19059,1000.475,1039.216,0.9669,0.0166,0.0166,0.9677,0.0161,0.0161,0.9664,0.0167,0.0169,0.9672,0.0164,0.0164,0.4918,0.4918,0.0164,0.9677,0.0161,0.0161,17.714,22.014,0.0,1021.502,827.383,102.617,62467.935
275,2026-05-10T23:09:25.853611+00:00,browsing,ISL,16.445,20.765,16.445,0.9756,0.0244,49.271,23.83,0.8429,0.2205,0,0.9669,0.0166,0.0166,0.605,0.5333,-0.43949,-1.73757,0,0.9677,0.0161,0.0161,1.577,0.4167,-0.34229,-1.72315,0,0.9664,0.0167,0.0169,999.0,1.5278,99.4,4.19059,1001.182,1050.453,0.9669,0.0165,0.0165,0.9669,0.0166,0.0166,0.9664,0.0167,0.0169,0.9672,0.0164,0.0164,0.4918,0.4918,0.0164,0.9677,0.0161,0.0161,24.817,25.441,0.483,1025.636,852.823,103.101,63493.572
276,2026-05-10T23:09:35.859414+00:00,browsing,ISL,14.222,17.159,14.222,0.9756,0.0244,46.264,20.24,0.8389,0.225,0,0.9669,0.0165,0.0165,0.764,0.5333,-0.42363,-1.58141,0,0.9669,0.0166,0.0166,0.41,0.4167,-0.45896,-6.90776,0,0.9664,0.0167,0.0169,999.0,1.5278,99.4,4.19059,1000.174,1046.438,0.9669,0.0166,0.0166,0.9677,0.0161,0.0161,0.9664,0.0167,0.0169,0.9672,0.0164,0.0164,0.4918,0.4918,0.0164,0.9677,0.0161,0.0161,21.226,26.024,0.0,1025.211,878.847,103.101,64518.783
277,2026-05-10T23:09:45.877708+00:00,browsing,ISL,11.151,20.55,11.151,0.9756,0.0244,42.289,23.646,0.8341,0.2296,0,0.9669,0.0166,0.0166,1.013,0.5333,-0.39867,-1.37636,0,0.9677,0.0161,0.0161,0.518,0.4167,-0.44822,-6.90776,0,0.9664,0.0167,0.0169,999.0,1.5278,99.4,4.19059,1000.531,1042.82,0.9668,0.0166,0.0166,0.9677,0.0161,0.0161,0.9663,0.0167,0.0169,0.9672,0.0164,0.0164,0.4918,0.4918,0.0164,0.9677,0.0161,0.0161,24.632,18.643,0.0,1018.187,897.49,103.101,65536.971
278,2026-05-10T23:09:55.881757+00:00,browsing,ISL,16.162,20.66,16.162,0.9756,0.0244,46.302,23.772,0.8284,0.2342,0,0.9668,0.0166,0.0166,1.38,0.5333,-0.36197,-1.13538,1,0.9677,0.0161,0.0161,1.653,0.5556,-0.33474,-0.92263,0,0.9663,0.0167,0.0169,999.0,1.5278,99.4,4.19059,1002.033,1048.335,0.9668,0.0166,0.0166,0.9677,0.0161,0.0161,0.9663,0.0168,0.0169,0.9672,0.0164,0.0164,0.4918,0.4918,0.0164,0.9677,0.0161,0.0161,24.759,22.53,1.334,1023.576,920.02,104.435,66560.547
