ho_id,timestamp,task_type,path,isl_ms,gnd_ms,prop_ms,path_p_isl,path_p_gnd,access_cost_isl,access_cost_gnd,inv_cost_p_isl,inv_cost_p_gnd,amf_inst,amf_p0,amf_p1,amf_p2,amf_ms,amf_rho,amf_x,amf_cost,smf_inst,smf_p0,smf_p1,smf_p2,smf_ms,smf_rho,smf_x,smf_cost,upf_inst,upf_p0,upf_p1,upf_p2,upf_ms,upf_rho,upf_x,upf_cost,core_ms,total_ms,on_amf_p0,on_amf_p1,on_amf_p2,on_smf_p0,on_smf_p1,on_smf_p2,on_upf_p0,on_upf_p1,on_upf_p2,gnd_amf_p0,gnd_amf_p1,gnd_amf_p2,gnd_smf_p0,gnd_smf_p1,gnd_smf_p2,gnd_upf_p0,gnd_upf_p1,gnd_upf_p2,on_amf_B0,on_amf_B1,on_amf_B2,on_smf_B0,on_smf_B1,on_smf_B2,on_upf_B0,on_upf_B1,on_upf_B2,gnd_amf_B0,gnd_amf_B1,gnd_amf_B2,gnd_smf_B0,gnd_smf_B1,gnd_smf_B2,gnd_upf_B0,gnd_upf_B1,gnd_upf_B2,global_oracle_ms,access_regret_ms,inst_regret_ms,global_regret_ms,cum_access_regret_ms,cum_inst_regret_ms,cum_global_regret_ms
1,2026-05-16T05:18:29.910119+00:00,youtube,ISL,0.294,40.261,0.294,0.5,0.5,7.827,47.386,0.8582,0.1418,0,0.3333,0.3333,0.3333,0.226,0.2667,-0.03741,-0.10372,0,0.3333,0.3333,0.3333,0.205,0.2593,-0.03449,-0.09806,1,0.3333,0.3333,0.3333,2.737,0.5704,-0.02631,-0.03285,3.168,10.995,0.3333,0.3333,0.3333,0.3333,0.3333,0.3333,0.3333,0.3333,0.3333,0.3333,0.3333,0.3333,0.3333,0.3333,0.3333,0.3333,0.3333,0.3333,1.0031,0.9979,0.996,1.003,0.9985,0.9968,1.0164,1.001,1.0121,1.0,1.0,1.0,1.0,1.0,1.0,1.0,1.0,1.0,9.903,0.0,1.092,1.092,0.0,1.092,1.092
2,2026-05-16T05:18:35.912260+00:00,youtube,ISL,42.068,43.723,42.068,0.5193,0.4807,49.778,55.098,0.5254,0.4746,1,0.3514,0.3285,0.3201,0.52,0.3726,-0.00801,-0.01511,0,0.3495,0.3302,0.3203,1.201,0.26,0.06507,0.16166,2,0.3461,0.3163,0.3376,1.331,0.4198,-0.16688,-0.34004,3.052,52.83,0.3514,0.3285,0.3201,0.3495,0.3302,0.3203,0.3461,0.3163,0.3376,0.3333,0.3333,0.3333,0.3333,0.3333,0.3333,0.3333,0.3333,0.3333,1.0034,0.9984,0.9921,0.9986,0.9971,0.9936,1.0332,1.0036,1.0236,1.0,1.0,1.0,1.0,1.0,1.0,1.0,1.0,1.0,51.854,0.0,0.976,0.976,0.0,2.067,2.067
3,2026-05-16T05:18:41.925824+00:00,youtube,ISL,34.725,25.922,34.725,0.5192,0.4808,46.675,37.297,0.4442,0.5558,0,0.3654,0.3269,0.3076,0.31,0.2676,-0.02898,-0.0796,2,0.357,0.3313,0.3117,0.696,0.4215,0.01457,0.0236,2,0.3593,0.3003,0.3404,0.75,0.4246,-0.22496,-0.5034,1.756,48.431,0.3654,0.3269,0.3076,0.357,0.3313,0.3117,0.3593,0.3003,0.3404,0.3333,0.3333,0.3333,0.3333,0.3333,0.3333,0.3333,0.3333,0.3333,1.0058,0.9963,0.9882,0.9988,0.9956,0.9929,1.0501,1.0063,1.0419,1.0,1.0,1.0,1.0,1.0,1.0,1.0,1.0,1.0,37.879,9.378,0.0,10.552,9.378,2.067,12.619
5,2026-05-16T05:18:53.952024+00:00,youtube,ISL,17.621,29.79,17.621,0.5166,0.4834,29.571,41.165,0.5819,0.4181,2,0.3834,0.3217,0.2949,3.412,0.4612,0.28115,0.34585,1,0.3692,0.3285,0.3023,0.38,0.3319,-0.017,-0.03623,0,0.3701,0.2819,0.3481,0.613,0.4084,-0.2387,-0.61877,4.405,33.976,0.3834,0.3217,0.2949,0.3692,0.3285,0.3023,0.3701,0.2819,0.3481,0.3602,0.3282,0.3117,0.361,0.3313,0.3076,0.35,0.3308,0.3192,1.0061,0.9943,0.9798,0.999,0.9967,0.9898,1.0739,1.0089,1.0542,1.0014,0.9992,0.9986,1.0025,1.0001,0.9974,1.0022,0.996,0.9992,31.648,0.0,2.328,2.328,9.378,5.591,16.143
7,2026-05-16T05:19:05.977838+00:00,youtube,ISL,18.372,28.865,18.372,0.5237,0.4763,30.322,40.24,0.5703,0.4297,1,0.4007,0.3186,0.2807,0.997,0.3712,0.03967,0.07122,0,0.3811,0.3286,0.2903,0.924,0.259,0.03736,0.09576,2,0.3897,0.263,0.3473,0.77,0.4373,-0.22304,-0.5174,2.69,33.011,0.4007,0.3186,0.2807,0.3811,0.3286,0.2903,0.3897,0.263,0.3473,0.3855,0.326,0.2885,0.3882,0.328,0.2837,0.3635,0.3374,0.299,1.0063,0.9923,0.976,0.9964,0.9952,0.9866,1.0915,1.0114,1.0732,1.0028,1.0014,0.9972,1.005,1.0007,0.9962,1.0044,0.9963,0.9969,32.398,0.0,0.614,0.614,21.21,6.514,27.405
11,2026-05-16T05:19:30.037722+00:00,youtube,ISL,15.604,25.202,15.604,0.5277,0.4723,27.554,36.577,0.5703,0.4297,2,0.4166,0.314,0.2694,1.114,0.4555,0.05144,0.07247,0,0.3908,0.3281,0.2811,0.311,0.2583,-0.02391,-0.06661,2,0.4013,0.2446,0.3542,0.87,0.4452,-0.213,-0.49803,2.295,29.85,0.4166,0.314,0.2694,0.3908,0.3281,0.2811,0.4013,0.2446,0.3542,0.4709,0.3007,0.2284,0.4715,0.3112,0.2173,0.3978,0.3545,0.2477,1.0066,0.9903,0.974,0.9983,0.9938,0.9835,1.1094,1.014,1.0913,1.0081,1.0008,0.9963,1.0153,1.0024,0.9926,1.0114,0.9984,0.9945,29.631,0.0,0.219,0.219,26.554,7.041,31.295
12,2026-05-16T05:19:36.046518+00:00,youtube,ISL,19.883,25.192,19.883,0.5311,0.4689,31.833,36.567,0.5346,0.4654,2,0.4322,0.3086,0.2592,1.644,0.4545,0.1044,0.14143,2,0.4065,0.3242,0.2693,0.684,0.4173,0.01342,0.02153,0,0.4134,0.2267,0.36,0.549,0.4314,-0.24508,-0.69637,2.877,34.711,0.4322,0.3086,0.2592,0.4065,0.3242,0.2693,0.4134,0.2267,0.36,0.4709,0.3007,0.2284,0.4715,0.3112,0.2173,0.3978,0.3545,0.2477,1.0068,0.9883,0.9701,0.9985,0.9923,0.9829,1.1371,1.0165,1.1038,1.0081,1.0008,0.9963,1.0153,1.0024,0.9926,1.0114,0.9984,0.9945,33.909,0.0,0.801,0.801,26.554,7.842,32.096
13,2026-05-16T05:19:42.053609+00:00,youtube,ISL,16.157,29.04,16.157,0.5326,0.4674,28.107,40.415,0.5898,0.4102,2,0.4485,0.3034,0.2481,1.053,0.4527,0.04531,0.06375,0,0.4192,0.3205,0.2603,0.178,0.2589,-0.0372,-0.10605,2,0.4382,0.2073,0.3545,2.492,0.4579,-0.05082,-0.09973,3.723,31.83,0.4485,0.3034,0.2481,0.4192,0.3205,0.2603,0.4382,0.2073,0.3545,0.4709,0.3007,0.2284,0.4715,0.3112,0.2173,0.3978,0.3545,0.2477,1.0071,0.9863,0.9684,1.0017,0.9909,0.9798,1.1556,1.0189,1.1068,1.0081,1.0008,0.9963,1.0153,1.0024,0.9926,1.0114,0.9984,0.9945,30.183,0.0,1.647,1.647,26.554,9.489,33.742
16,2026-05-16T05:20:00.079850+00:00,youtube,ISL,21.942,29.951,21.942,0.5432,0.4568,33.892,41.326,0.5494,0.4506,2,0.4643,0.2974,0.2383,2.04,0.4519,0.14404,0.18909,0,0.4369,0.315,0.248,1.187,0.2597,0.0637,0.15834,1,0.4605,0.194,0.3455,1.975,0.5812,-0.10249,-0.13777,5.203,39.094,0.4643,0.2974,0.2383,0.4369,0.315,0.248,0.4605,0.194,0.3455,0.5318,0.2793,0.1889,0.5266,0.2951,0.1783,0.4201,0.3635,0.2164,1.0074,0.9843,0.9634,0.9975,0.9895,0.9768,1.1744,1.0232,1.1193,1.0127,1.001,0.9935,1.023,1.0036,0.9903,1.0159,0.9994,0.9925,35.968,0.0,3.126,3.126,48.621,12.76,56.071
20,2026-05-16T05:20:24.114618+00:00,youtube,ISL,16.581,29.127,16.581,0.5438,0.4562,28.531,40.502,0.5867,0.4133,1,0.4812,0.2919,0.2269,0.918,0.3675,0.03185,0.05703,1,0.4449,0.3148,0.2403,1.251,0.3298,0.07006,0.13543,1,0.4777,0.1793,0.3431,2.427,0.5836,-0.05728,-0.07482,4.596,33.127,0.4812,0.2919,0.2269,0.4449,0.3148,0.2403,0.4777,0.1793,0.3431,0.6173,0.2424,0.1402,0.607,0.2636,0.1293,0.4518,0.3713,0.1769,1.0076,0.9827,0.9597,0.9977,0.9858,0.9737,1.1934,1.0254,1.1318,1.0172,0.9989,0.9901,1.03,1.004,0.9868,1.0217,1.0001,0.9912,30.607,0.0,2.52,2.52,49.25,16.057,59.369
21,2026-05-16T05:20:30.118033+00:00,youtube,ISL,30.082,28.959,30.082,0.5475,0.4525,42.032,40.334,0.4897,0.5103,0,0.4976,0.2861,0.2163,0.441,0.2687,-0.01586,-0.04291,0,0.46,0.309,0.2309,0.278,0.2587,-0.02721,-0.07629,2,0.4957,0.1643,0.34,0.849,0.4695,-0.2151,-0.54149,1.568,43.6,0.4976,0.2861,0.2163,0.46,0.309,0.2309,0.4957,0.1643,0.34,0.6173,0.2424,0.1402,0.607,0.2636,0.1293,0.4518,0.3713,0.1769,1.0089,0.9807,0.9562,1.0,0.9844,0.9707,1.2126,1.0278,1.1519,1.0172,0.9989,0.9901,1.03,1.004,0.9868,1.0217,1.0001,0.9912,40.916,1.698,0.0,2.684,50.948,16.057,62.053
22,2026-05-16T05:20:36.134351+00:00,youtube,ISL,21.426,25.303,21.426,0.5473,0.4527,33.376,36.678,0.5236,0.4764,2,0.5154,0.2791,0.2055,0.913,0.4462,0.03133,0.04389,1,0.4767,0.3034,0.2199,2.326,0.3281,0.17765,0.31067,2,0.5091,0.1485,0.3424,0.881,0.4778,-0.21188,-0.54316,4.121,37.496,0.5154,0.2791,0.2055,0.4767,0.3034,0.2199,0.5091,0.1485,0.3424,0.6173,0.2424,0.1402,0.607,0.2636,0.1293,0.4518,0.3713,0.1769,1.0091,0.9787,0.9549,1.0001,0.9766,0.9677,1.232,1.0301,1.1721,1.0172,0.9989,0.9901,1.03,1.004,0.9868,1.0217,1.0001,0.9912,35.452,0.0,2.045,2.045,50.948,18.102,64.097
23,2026-05-16T05:20:42.142136+00:00,youtube,ISL,28.68,25.693,28.68,0.5484,0.4516,40.63,37.068,0.4771,0.5229,1,0.5313,0.2722,0.1965,1.764,0.3654,0.11641,0.19271,1,0.4946,0.2936,0.2118,1.354,0.3255,0.08043,0.15209,0,0.5223,0.1335,0.3443,3.035,0.4791,0.00352,0.00778,6.154,46.784,0.5313,0.2722,0.1965,0.4946,0.2936,0.2118,0.5223,0.1335,0.3443,0.6173,0.2424,0.1402,0.607,0.2636,0.1293,0.4518,0.3713,0.1769,1.0094,0.9737,0.9514,1.0003,0.9725,0.9647,1.2318,1.0324,1.1846,1.0172,0.9989,0.9901,1.03,1.004,0.9868,1.0217,1.0001,0.9912,37.65,3.563,4.077,9.134,54.51,22.179,73.231
25,2026-05-16T05:20:54.155822+00:00,youtube,ISL,31.703,25.419,31.703,0.5518,0.4482,43.653,36.794,0.4574,0.5426,1,0.5495,0.2632,0.1873,0.481,0.3635,-0.01185,-0.02189,0,0.5103,0.2867,0.203,1.622,0.2593,0.10721,0.25284,2,0.5189,0.1263,0.3548,1.216,0.4914,-0.17842,-0.4486,3.319,46.973,0.5495,0.2632,0.1873,0.5103,0.2867,0.203,0.5189,0.1263,0.3548,0.6427,0.231,0.1263,0.6324,0.2522,0.1154,0.462,0.3733,0.1647,1.0097,0.9743,0.9479,0.9938,0.9712,0.9618,1.2514,1.0347,1.2006,1.0179,0.9987,0.9887,1.0319,1.0041,0.9856,1.0234,1.0003,0.9904,37.376,6.86,1.243,9.597,69.766,23.531,89.839
26,2026-05-16T05:21:00.156123+00:00,youtube,ISL,42.398,33.41,42.398,0.5506,0.4494,54.348,44.785,0.4518,0.5482,0,0.5646,0.2581,0.1773,0.364,0.2692,-0.02358,-0.06467,0,0.5155,0.2871,0.1973,0.328,0.2577,-0.02223,-0.06163,2,0.5341,0.1135,0.3524,1.065,0.498,-0.19346,-0.50756,1.757,56.105,0.5646,0.2581,0.1773,0.5155,0.2871,0.1973,0.5341,0.1135,0.3524,0.6427,0.231,0.1263,0.6324,0.2522,0.1154,0.462,0.3733,0.1647,1.0116,0.9724,0.9444,0.9957,0.9698,0.9588,1.2712,1.0369,1.2192,1.0179,0.9987,0.9887,1.0319,1.0041,0.9856,1.0234,1.0003,0.9904,45.367,9.563,0.0,10.738,79.33,23.531,100.577
27,2026-05-16T05:21:06.166173+00:00,youtube,ISL,21.528,29.485,21.528,0.5494,0.4506,33.478,40.86,0.5496,0.4504,0,0.583,0.2499,0.1672,0.195,0.2698,-0.04055,-0.11434,0,0.5317,0.281,0.1874,0.256,0.2581,-0.02943,-0.08263,0,0.5473,0.1011,0.3516,1.057,0.4944,-0.19431,-0.60279,1.507,34.985,0.583,0.2499,0.1672,0.5317,0.281,0.1874,0.5473,0.1011,0.3516,0.6427,0.231,0.1263,0.6324,0.2522,0.1154,0.462,0.3733,0.1647,1.0151,0.9705,0.9409,0.9981,0.9685,0.9559,1.2943,1.0391,1.2315,1.0179,0.9987,0.9887,1.0319,1.0041,0.9856,1.0234,1.0003,0.9904,35.555,0.0,0.0,0.0,79.33,23.531,100.577
30,2026-05-16T05:21:24.189676+00:00,gaming,ISL,14.463,26.435,14.463,0.5581,0.4419,26.413,37.81,0.5887,0.4113,1,0.6033,0.2402,0.1565,1.395,0.207,0.07947,0.13459,2,0.5486,0.274,0.1774,0.575,0.2317,0.0025,0.00393,2,0.3333,0.3333,0.3333,1.405,0.4444,-0.15951,-0.15578,3.375,29.788,0.6033,0.2402,0.1565,0.5486,0.274,0.1774,0.3333,0.3333,0.3333,0.6975,0.2023,0.1002,0.6802,0.2288,0.0911,0.3333,0.3333,0.3333,1.0161,0.9668,0.9392,0.9989,0.9681,0.9558,1.5,1.0165,1.0048,1.022,0.996,0.9859,1.0363,1.0043,0.9833,1.0,1.0,1.0,27.653,0.0,2.135,2.135,101.412,26.246,122.308
32,2026-05-16T05:21:36.215011+00:00,gaming,ISL,21.735,25.846,21.735,0.5613,0.4387,33.685,37.221,0.5249,0.4751,1,0.6207,0.231,0.1483,0.333,0.2063,-0.02667,-0.04962,2,0.562,0.2685,0.1695,2.131,0.2317,0.15813,0.22145,0,0.3746,0.3271,0.2983,0.285,0.1667,-0.27155,-6.90776,2.749,36.434,0.6207,0.231,0.1483,0.562,0.2685,0.1695,0.3746,0.3271,0.2983,0.7225,0.1889,0.0885,0.7019,0.2175,0.0806,0.3483,0.3483,0.3034,1.0171,0.9683,0.9375,0.9998,0.9676,0.9501,1.5,1.0333,1.0061,1.0244,0.996,0.9849,1.039,1.0048,0.9824,1.0147,1.0042,0.9988,34.925,0.0,1.509,1.509,101.412,27.805,123.867
36,2026-05-16T05:22:00.247215+00:00,gaming,ISL,19.963,25.557,19.963,0.5703,0.4297,31.913,36.932,0.5364,0.4636,0,0.6352,0.2251,0.1397,0.216,0.155,-0.03845,-0.10868,1,0.5769,0.2636,0.1595,0.308,0.1843,-0.0242,-0.05051,0,0.4175,0.3195,0.263,0.29,0.1667,-0.27099,-6.90776,0.814,32.727,0.6352,0.2251,0.1397,0.5769,0.2636,0.1595,0.4175,0.3195,0.263,0.786,0.1538,0.0601,0.7612,0.1835,0.0553,0.3877,0.3877,0.2246,1.0204,0.9676,0.9358,1.0006,0.9691,0.9486,1.5,1.0505,1.0074,1.0303,0.9979,0.9819,1.0482,1.0056,0.9806,1.0598,1.0049,0.9965,33.153,0.0,0.0,0.0,120.498,28.482,141.967
37,2026-05-16T05:22:06.255469+00:00,gaming,ISL,16.179,29.271,16.179,0.5719,0.4281,28.129,40.646,0.591,0.409,1,0.6534,0.2159,0.1306,1.541,0.2064,0.09412,0.15701,0,0.5892,0.2596,0.1512,0.109,0.1482,-0.04415,-0.12752,0,0.4604,0.31,0.2295,0.151,0.1667,-0.28494,-6.90776,1.8,29.93,0.6534,0.2159,0.1306,0.5892,0.2596,0.1512,0.4604,0.31,0.2295,0.786,0.1538,0.0601,0.7612,0.1835,0.0553,0.3877,0.3877,0.2246,1.0214,0.9633,0.9341,1.0045,0.9687,0.9471,1.5,1.0681,1.0087,1.0303,0.9979,0.9819,1.0482,1.0056,0.9806,1.0598,1.0049,0.9965,29.369,0.0,0.56,0.56,120.498,29.043,142.527
38,2026-05-16T05:22:12.269796+00:00,gaming,ISL,18.743,29.375,18.743,0.5758,0.4242,30.693,40.75,0.5704,0.4296,2,0.6703,0.2064,0.1232,0.424,0.2491,-0.01758,-0.02496,0,0.6066,0.2513,0.1421,0.312,0.1488,-0.02377,-0.06676,0,0.5027,0.299,0.1983,0.955,0.1667,-0.20446,-6.90776,1.692,32.385,0.6703,0.2064,0.1232,0.6066,0.2513,0.1421,0.5027,0.299,0.1983,0.786,0.1538,0.0601,0.7612,0.1835,0.0553,0.3877,0.3877,0.2246,1.0224,0.9626,0.9348,1.0065,0.9682,0.9457,1.5,1.0861,1.01,1.0303,0.9979,0.9819,1.0482,1.0056,0.9806,1.0598,1.0049,0.9965,31.933,0.0,0.452,0.452,120.498,29.494,142.979
40,2026-05-16T05:22:24.280455+00:00,gaming,ISL,14.952,25.517,14.952,0.578,0.422,26.902,36.892,0.5783,0.4217,0,0.6846,0.1989,0.1165,0.339,0.1558,-0.02615,-0.07292,1,0.6214,0.2445,0.1341,0.43,0.1844,-0.012,-0.02472,2,0.5435,0.2868,0.1697,3.282,0.4489,0.02825,0.02534,4.051,30.953,0.6846,0.1989,0.1165,0.6214,0.2445,0.1341,0.5435,0.2868,0.1697,0.8036,0.1437,0.0527,0.7789,0.1726,0.0485,0.399,0.399,0.2019,1.0246,0.9619,0.9331,1.0073,0.969,0.9442,1.5,1.1045,1.0093,1.0318,0.9991,0.9809,1.051,1.0057,0.9798,1.0758,1.0071,0.9959,28.142,0.0,2.811,2.811,120.498,32.682,146.167
41,2026-05-16T05:22:30.288648+00:00,gaming,ISL,29.526,27.034,29.526,0.5817,0.4183,41.476,38.409,0.4808,0.5192,0,0.7005,0.1906,0.1089,0.145,0.1561,-0.04545,-0.13094,2,0.6338,0.2393,0.1268,0.498,0.2289,-0.00519,-0.00813,0,0.5826,0.2739,0.1434,0.152,0.1667,-0.28477,-6.90776,0.796,42.271,0.7005,0.1906,0.1089,0.6338,0.2393,0.1268,0.5826,0.2739,0.1434,0.8036,0.1437,0.0527,0.7789,0.1726,0.0485,0.399,0.399,0.2019,1.0286,0.9612,0.9315,1.0081,0.9685,0.9445,1.5,1.1233,1.0106,1.0318,0.9991,0.9809,1.051,1.0057,0.9798,1.0758,1.0071,0.9959,38.887,3.067,0.0,3.384,123.565,32.682,149.551
44,2026-05-16T05:22:48.319801+00:00,gaming,ISL,19.799,29.811,19.799,0.5813,0.4187,31.749,41.186,0.5647,0.4353,0,0.7179,0.1812,0.1009,0.381,0.1567,-0.02187,-0.06096,1,0.6463,0.2332,0.1205,0.479,0.1845,-0.00709,-0.01452,2,0.6189,0.2605,0.1206,3.904,0.4491,0.09042,0.07887,4.765,36.514,0.7179,0.1812,0.1009,0.6463,0.2332,0.1205,0.6189,0.2605,0.1206,0.8385,0.1217,0.0398,0.8109,0.152,0.0371,0.4189,0.4189,0.1621,1.0304,0.9605,0.9298,1.0089,0.969,0.943,1.5,1.1426,1.0084,1.0363,0.9991,0.9789,1.0536,1.0063,0.9781,1.109,1.0112,0.9952,32.989,0.0,3.525,3.525,126.22,36.502,155.265
46,2026-05-16T05:23:00.331835+00:00,gaming,ISL,13.18,29.844,13.18,0.5882,0.4118,25.13,41.219,0.6213,0.3787,0,0.7325,0.1734,0.0941,0.927,0.157,0.03272,0.08461,0,0.6585,0.2277,0.1138,0.441,0.1495,-0.01086,-0.03006,1,0.6529,0.247,0.1001,3.297,0.2708,0.02973,0.05567,4.666,29.795,0.7325,0.1734,0.0941,0.6585,0.2277,0.1138,0.6529,0.247,0.1001,0.8534,0.112,0.0346,0.8253,0.1423,0.0324,0.4279,0.4279,0.1442,1.0281,0.9598,0.9281,1.0098,0.9685,0.9416,1.5,1.141,1.0097,1.038,0.9991,0.9779,1.0569,1.0065,0.9773,1.1232,1.0135,0.994,26.37,0.0,3.426,3.426,137.628,39.928,169.319
49,2026-05-16T05:23:18.365179+00:00,gaming,ISL,35.214,30.36,35.214,0.5937,0.4063,47.164,41.735,0.4695,0.5305,2,0.7423,0.1685,0.0892,0.456,0.2475,-0.01437,-0.02023,0,0.6711,0.2215,0.1074,0.08,0.1496,-0.04698,-0.13769,0,0.6962,0.2193,0.0844,0.105,0.1667,-0.28952,-6.90776,0.641,47.805,0.7423,0.1685,0.0892,0.6711,0.2215,0.1074,0.6962,0.2193,0.0844,0.8769,0.0965,0.0266,0.8512,0.1243,0.0245,0.4434,0.4434,0.1132,1.0291,0.9591,0.9287,1.014,0.9681,0.9401,1.5,1.1607,1.0109,1.0385,0.9991,0.9759,1.0596,1.0071,0.9756,1.1619,1.0182,0.9917,42.214,5.429,0.0,5.591,146.552,40.335,178.052
50,2026-05-16T05:23:24.373663+00:00,gaming,ISL,37.961,33.197,37.961,0.5929,0.4071,49.911,44.572,0.4717,0.5283,0,0.7549,0.1614,0.0838,0.107,0.1568,-0.04926,-0.14345,0,0.6874,0.2126,0.1,0.483,0.1502,-0.00666,-0.0184,0,0.7244,0.2061,0.0695,0.271,0.1667,-0.27288,-6.90776,0.862,50.773,0.7549,0.1614,0.0838,0.6874,0.2126,0.1,0.7244,0.2061,0.0695,0.8769,0.0965,0.0266,0.8512,0.1243,0.0245,0.4434,0.4434,0.1132,1.0335,0.9584,0.927,1.0146,0.9677,0.9387,1.5,1.1808,1.0122,1.0385,0.9991,0.9759,1.0596,1.0071,0.9756,1.1619,1.0182,0.9917,45.051,5.339,0.0,5.722,151.891,40.335,183.774
51,2026-05-16T05:23:30.384293+00:00,gaming,ISL,30.626,29.1,30.626,0.5923,0.4077,42.576,40.475,0.4873,0.5127,1,0.7706,0.1523,0.0771,0.465,0.2045,-0.0135,-0.02458,0,0.6991,0.2067,0.0943,0.204,0.1503,-0.03455,-0.09974,0,0.7495,0.1936,0.0569,1.053,0.1667,-0.19467,-6.90776,1.723,44.299,0.7706,0.1523,0.0771,0.6991,0.2067,0.0943,0.7495,0.1936,0.0569,0.8769,0.0965,0.0266,0.8512,0.1243,0.0245,0.4434,0.4434,0.1132,1.0345,0.9591,0.9254,1.0176,0.9672,0.9373,1.5,1.2014,1.0135,1.0385,0.9991,0.9759,1.0596,1.0071,0.9756,1.1619,1.0182,0.9917,40.954,2.102,0.483,3.346,153.992,40.818,187.12
52,2026-05-16T05:23:36.390639+00:00,gaming,ISL,16.011,21.637,16.011,0.592,0.408,27.961,33.012,0.5414,0.4586,0,0.7821,0.1462,0.0717,0.637,0.1576,0.00369,0.00998,0,0.7133,0.1988,0.0879,0.541,0.1508,-0.00089,-0.00245,0,0.7717,0.1819,0.0464,0.087,0.1667,-0.29127,-6.90776,1.265,29.227,0.7821,0.1462,0.0717,0.7133,0.1988,0.0879,0.7717,0.1819,0.0464,0.8769,0.0965,0.0266,0.8512,0.1243,0.0245,0.4434,0.4434,0.1132,1.0342,0.9584,0.9237,1.0177,0.9668,0.9358,1.5,1.2224,1.0147,1.0385,0.9991,0.9759,1.0596,1.0071,0.9756,1.1619,1.0182,0.9917,29.201,0.0,0.025,0.025,153.992,40.843,187.145
53,2026-05-16T05:23:42.406752+00:00,gaming,ISL,24.494,33.417,24.494,0.5941,0.4059,36.444,44.792,0.5514,0.4486,0,0.7925,0.1403,0.0671,0.482,0.1576,-0.01182,-0.03265,0,0.724,0.1931,0.0829,0.14,0.1508,-0.04095,-0.11983,0,0.7913,0.1711,0.0377,0.082,0.1667,-0.29179,-6.90776,0.704,37.149,0.7925,0.1403,0.0671,0.724,0.1931,0.0829,0.7913,0.1711,0.0377,0.8769,0.0965,0.0266,0.8512,0.1243,0.0245,0.4434,0.4434,0.1132,1.0352,0.9577,0.9221,1.0213,0.9664,0.9344,1.5,1.244,1.016,1.0385,0.9991,0.9759,1.0596,1.0071,0.9756,1.1619,1.0182,0.9917,37.684,0.0,0.0,0.0,153.992,40.843,187.145
54,2026-05-16T05:23:48.408962+00:00,gaming,ISL,29.325,26.156,29.325,0.5958,0.4042,41.275,37.531,0.4762,0.5238,2,0.8037,0.1339,0.0624,0.603,0.2459,0.00029,0.0004,0,0.7382,0.1849,0.0769,0.112,0.1513,-0.04379,-0.12923,0,0.8083,0.1612,0.0305,0.756,0.1667,-0.22441,-6.90776,1.471,42.746,0.8037,0.1339,0.0624,0.7382,0.1849,0.0769,0.8083,0.1612,0.0305,0.8769,0.0965,0.0266,0.8512,0.1243,0.0245,0.4434,0.4434,0.1132,1.0362,0.957,0.9221,1.0253,0.9659,0.933,1.5,1.2661,1.0172,1.0385,0.9991,0.9759,1.0596,1.0071,0.9756,1.1619,1.0182,0.9917,38.01,3.745,0.231,4.737,157.737,41.074,191.881
55,2026-05-16T05:23:54.413374+00:00,gaming,ISL,17.343,25.18,17.343,0.5952,0.4048,29.293,36.555,0.5551,0.4449,0,0.8142,0.1276,0.0582,0.615,0.1579,0.00148,0.00401,2,0.7524,0.1764,0.0712,0.32,0.2262,-0.023,-0.03609,0,0.8231,0.1523,0.0246,0.134,0.1667,-0.28657,-6.90776,1.069,30.362,0.8142,0.1276,0.0582,0.7524,0.1764,0.0712,0.8231,0.1523,0.0246,0.8769,0.0965,0.0266,0.8512,0.1243,0.0245,0.4434,0.4434,0.1132,1.0361,0.9563,0.9204,1.0261,0.9655,0.934,1.5,1.2887,1.0185,1.0385,0.9991,0.9759,1.0596,1.0071,0.9756,1.1619,1.0182,0.9917,30.533,0.0,0.0,0.0,157.737,41.074,191.881
56,2026-05-16T05:24:00.425750+00:00,gaming,ISL,20.405,22.171,20.405,0.5976,0.4024,32.355,33.546,0.509,0.491,0,0.8235,0.1221,0.0543,0.987,0.1579,0.03869,0.09979,0,0.7626,0.1703,0.0671,0.112,0.152,-0.04382,-0.12996,0,0.8358,0.1444,0.0197,0.379,0.1667,-0.26206,-6.90776,1.478,33.833,0.8235,0.1221,0.0543,0.7626,0.1703,0.0671,0.8358,0.1444,0.0197,0.8769,0.0965,0.0266,0.8512,0.1243,0.0245,0.4434,0.4434,0.1132,1.0333,0.9556,0.9188,1.0301,0.9651,0.9326,1.5,1.3119,1.0197,1.0385,0.9991,0.9759,1.0596,1.0071,0.9756,1.1619,1.0182,0.9917,33.595,0.0,0.238,0.238,157.737,41.312,192.12
57,2026-05-16T05:24:06.427739+00:00,gaming,ISL,13.52,26.622,13.52,0.5982,0.4018,25.47,37.997,0.5987,0.4013,0,0.8305,0.1182,0.0512,0.103,0.1575,-0.04968,-0.14544,0,0.776,0.1621,0.062,0.522,0.1526,-0.00276,-0.0077,0,0.846,0.1374,0.0167,0.165,0.1667,-0.28352,-6.90776,0.79,26.26,0.8305,0.1182,0.0512,0.776,0.1621,0.062,0.846,0.1374,0.0167,0.8769,0.0965,0.0266,0.8512,0.1243,0.0245,0.4434,0.4434,0.1132,1.0378,0.9549,0.9172,1.0303,0.9646,0.9312,1.5,1.3356,1.0209,1.0385,0.9991,0.9759,1.0596,1.0071,0.9756,1.1619,1.0182,0.9917,26.71,0.0,0.0,0.0,157.737,41.312,192.12
61,2026-05-16T05:24:30.483041+00:00,instagram,ISL,43.143,36.592,43.143,0.6095,0.3905,55.093,47.967,0.4654,0.5346,2,0.8425,0.1107,0.0467,2.298,0.6114,0.16977,0.20877,0,0.7854,0.1566,0.058,1.918,0.3816,0.13681,0.32037,2,0.3333,0.3333,0.3333,2.485,0.6667,-0.05149,-0.08058,6.701,61.794,0.8425,0.1107,0.0467,0.7854,0.1566,0.058,0.3333,0.3333,0.3333,0.9075,0.075,0.0175,0.884,0.0994,0.0167,0.3567,0.3272,0.3161,1.037,0.9514,0.9117,1.0224,0.9621,0.9264,1.0,1.0,1.0024,1.0414,0.9986,0.9743,1.0697,1.0064,0.9723,1.0008,0.9976,0.9986,48.616,7.126,2.611,13.178,193.548,44.685,229.58
66,2026-05-16T05:25:00.614339+00:00,instagram,ISL,17.379,30.131,17.379,0.6165,0.3835,29.329,41.506,0.586,0.414,0,0.8516,0.1052,0.0432,1.681,0.395,0.10812,0.25655,0,0.7885,0.1557,0.0559,0.39,0.3787,-0.01599,-0.04521,2,0.3228,0.3228,0.3544,2.43,0.6683,-0.05703,-0.0899,4.501,33.831,0.8516,0.1052,0.0432,0.7885,0.1557,0.0559,0.3228,0.3228,0.3544,0.9333,0.0501,0.0167,0.9108,0.0725,0.0167,0.4432,0.3109,0.2459,1.0304,0.948,0.9059,1.0237,0.9595,0.9217,1.0,1.0,1.0051,1.0514,0.9983,0.9668,1.0736,1.0059,0.9661,1.0032,0.9986,0.9954,33.419,0.0,0.412,0.412,212.184,45.263,238.737
67,2026-05-16T05:25:06.591813+00:00,instagram,ISL,25.169,29.438,25.169,0.6199,0.3801,37.119,40.813,0.5237,0.4763,0,0.8564,0.1026,0.041,0.326,0.3925,-0.02737,-0.0771,0,0.7997,0.1486,0.0516,0.664,0.3791,0.01143,0.03107,2,0.3119,0.3119,0.3763,3.822,0.6701,0.0822,0.11648,4.813,41.931,0.8564,0.1026,0.041,0.7997,0.1486,0.0516,0.3119,0.3119,0.3763,0.9333,0.0501,0.0167,0.9108,0.0725,0.0167,0.4432,0.3109,0.2459,1.0327,0.9446,0.9003,1.0228,0.957,0.9171,1.0,1.0,1.0019,1.0514,0.9983,0.9668,1.0736,1.0059,0.9661,1.0032,0.9986,0.9954,41.208,0.0,0.723,0.723,212.184,45.986,239.46
68,2026-05-16T05:25:12.611517+00:00,instagram,ISL,43.127,36.103,43.127,0.6208,0.3792,55.077,47.478,0.463,0.537,0,0.8666,0.096,0.0374,0.999,0.3934,0.03993,0.10251,0,0.8087,0.1432,0.0481,0.463,0.3788,-0.00868,-0.02428,2,0.3028,0.3028,0.3945,4.92,0.668,0.19199,0.25207,6.382,61.459,0.8666,0.096,0.0374,0.8087,0.1432,0.0481,0.3028,0.3028,0.3945,0.9333,0.0501,0.0167,0.9108,0.0725,0.0167,0.4432,0.3109,0.2459,1.0299,0.9412,0.8947,1.0235,0.9544,0.9125,1.0,1.0,0.9955,1.0514,0.9983,0.9668,1.0736,1.0059,0.9661,1.0032,0.9986,0.9954,48.127,7.599,2.293,13.333,219.784,48.279,252.792
69,2026-05-16T05:25:18.629214+00:00,instagram,ISL,18.458,24.84,18.458,0.62,0.38,30.408,36.215,0.5436,0.4564,0,0.8732,0.0919,0.0348,0.566,0.3923,-0.00344,-0.00935,0,0.8186,0.1368,0.0445,0.446,0.3791,-0.01042,-0.02924,2,0.2947,0.2947,0.4105,2.995,0.6637,-0.00049,-0.00072,4.007,34.414,0.8732,0.0919,0.0348,0.8186,0.1368,0.0445,0.2947,0.2947,0.4105,0.9333,0.0501,0.0167,0.9108,0.0725,0.0167,0.4432,0.3109,0.2459,1.0302,0.9379,0.8892,1.0244,0.9519,0.908,1.0,1.0,0.9955,1.0514,0.9983,0.9668,1.0736,1.0059,0.9661,1.0032,0.9986,0.9954,34.497,0.0,0.0,0.0,219.784,48.279,252.792
71,2026-05-16T05:25:30.645486+00:00,instagram,ISL,11.153,21.635,11.153,0.6219,0.3781,23.103,33.01,0.5883,0.4117,1,0.8813,0.0867,0.032,0.915,0.5002,0.03149,0.05381,0,0.8283,0.1306,0.0412,0.302,0.3794,-0.02482,-0.07126,2,0.2843,0.2843,0.4314,2.862,0.6637,-0.01379,-0.02081,4.079,27.181,0.8813,0.0867,0.032,0.8283,0.1306,0.0412,0.2843,0.2843,0.4314,0.9385,0.0449,0.0167,0.9164,0.0669,0.0167,0.4665,0.3041,0.2293,1.0294,0.9363,0.8839,1.0265,0.9494,0.9035,1.0,1.0,0.9961,1.0541,0.9979,0.965,1.0718,1.0057,0.9646,1.0046,0.9979,0.9939,27.192,0.0,0.0,0.0,219.784,48.395,252.908
75,2026-05-16T05:25:54.683247+00:00,instagram,ISL,18.967,29.352,18.967,0.6298,0.3702,30.917,40.727,0.5685,0.4315,0,0.8879,0.0827,0.0295,0.444,0.3921,-0.01557,-0.04304,0,0.8385,0.1237,0.0378,0.446,0.3802,-0.01039,-0.02925,2,0.2735,0.2735,0.453,2.146,0.6641,-0.08541,-0.13715,3.036,33.953,0.8879,0.0827,0.0295,0.8385,0.1237,0.0378,0.2735,0.2735,0.453,0.9504,0.0329,0.0167,0.9309,0.0525,0.0167,0.5363,0.2804,0.1833,1.0306,0.9331,0.8786,1.0274,0.947,0.8991,1.0,1.0,1.0003,1.0616,0.9965,0.9595,1.0782,1.0054,0.96,1.0032,0.9961,0.9901,35.006,0.0,0.0,0.0,233.01,48.765,262.208
76,2026-05-16T05:26:00.695762+00:00,instagram,ISL,29.208,26.049,29.208,0.6324,0.3676,41.158,37.424,0.4762,0.5238,0,0.8956,0.0775,0.0269,0.379,0.3926,-0.02208,-0.0617,0,0.8474,0.1178,0.0348,0.327,0.3805,-0.02232,-0.06404,2,0.2613,0.2613,0.4774,2.195,0.6669,-0.08047,-0.12923,2.901,44.059,0.8956,0.0775,0.0269,0.8474,0.1178,0.0348,0.2613,0.2613,0.4774,0.9504,0.0329,0.0167,0.9309,0.0525,0.0167,0.5363,0.2804,0.1833,1.0325,0.9298,0.8734,1.0293,0.9445,0.8947,1.0,1.0,1.0043,1.0616,0.9965,0.9595,1.0782,1.0054,0.96,1.0032,0.9961,0.9901,38.073,3.734,0.0,5.987,236.744,48.765,268.195
78,2026-05-16T05:26:12.700804+00:00,instagram,ISL,29.596,28.721,29.596,0.6331,0.3669,41.546,40.096,0.4911,0.5089,0,0.9032,0.0724,0.0244,0.488,0.3933,-0.01125,-0.03099,0,0.8566,0.1115,0.0319,0.605,0.3812,0.0055,0.01515,2,0.2491,0.2491,0.5019,2.338,0.6695,-0.06619,-0.10539,3.431,44.977,0.9032,0.0724,0.0244,0.8566,0.1115,0.0319,0.2491,0.2491,0.5019,0.9537,0.0296,0.0167,0.935,0.0483,0.0167,0.5598,0.2709,0.1693,1.0334,0.9266,0.8682,1.0288,0.9421,0.8904,1.0,1.0,1.0075,1.063,0.996,0.9576,1.0797,1.0052,0.9585,1.004,0.995,0.9886,40.745,1.45,0.0,4.232,241.339,48.973,272.634
80,2026-05-16T05:26:24.714157+00:00,instagram,ISL,11.429,21.316,11.429,0.6349,0.3651,23.379,32.691,0.583,0.417,0,0.9098,0.0679,0.0223,1.704,0.3937,0.11042,0.26051,0,0.8638,0.1067,0.0295,0.502,0.381,-0.00478,-0.01337,2,0.2371,0.2371,0.5259,3.76,0.6717,0.07604,0.10848,5.967,29.346,0.9098,0.0679,0.0223,0.8638,0.1067,0.0295,0.2371,0.2371,0.5259,0.9566,0.0268,0.0167,0.9388,0.0445,0.0167,0.5821,0.2619,0.156,1.0267,0.9234,0.8632,1.0292,0.9397,0.8862,1.0,1.0,1.0045,1.0641,0.9955,0.9558,1.0828,1.0051,0.957,1.0017,0.9944,0.9872,27.468,0.0,1.877,1.877,247.612,51.049,277.543
81,2026-05-16T05:26:30.751859+00:00,instagram,ISL,20.661,24.838,20.661,0.6394,0.3606,32.611,36.213,0.5262,0.4738,0,0.9129,0.066,0.0211,0.514,0.3911,-0.00857,-0.02339,0,0.8713,0.1015,0.0272,1.039,0.3812,0.04885,0.1269,2,0.2274,0.2274,0.5452,2.46,0.6697,-0.05405,-0.08517,4.012,36.623,0.9129,0.066,0.0211,0.8713,0.1015,0.0272,0.2274,0.2274,0.5452,0.9566,0.0268,0.0167,0.9388,0.0445,0.0167,0.5821,0.2619,0.156,1.0274,0.9202,0.8582,1.0258,0.9373,0.882,1.0,1.0,1.0071,1.0641,0.9955,0.9558,1.0828,1.0051,0.957,1.0017,0.9944,0.9872,36.7,0.0,0.0,0.0,247.612,51.049,277.543
82,2026-05-16T05:26:36.751675+00:00,instagram,ISL,11.963,25.518,11.963,0.6405,0.3595,23.913,36.893,0.6067,0.3933,0,0.9188,0.0619,0.0193,0.962,0.3914,0.03624,0.09302,0,0.8761,0.0984,0.0255,0.453,0.3799,-0.00967,-0.02717,2,0.2158,0.2158,0.5684,2.219,0.6714,-0.0781,-0.12605,3.635,27.548,0.9188,0.0619,0.0193,0.8761,0.0984,0.0255,0.2158,0.2158,0.5684,0.9566,0.0268,0.0167,0.9388,0.0445,0.0167,0.5821,0.2619,0.156,1.0248,0.9171,0.8534,1.0266,0.9349,0.8779,1.0,1.0,1.0109,1.0641,0.9955,0.9558,1.0828,1.0051,0.957,1.0017,0.9944,0.9872,28.003,0.0,0.0,0.0,247.612,51.049,277.543
83,2026-05-16T05:26:42.780732+00:00,instagram,ISL,36.677,29.103,36.677,0.6457,0.3543,48.627,40.478,0.4543,0.5457,0,0.9231,0.059,0.0179,0.361,0.3904,-0.02394,-0.06671,1,0.8831,0.0934,0.0235,0.627,0.4452,0.00772,0.01504,2,0.2038,0.2038,0.5924,2.183,0.674,-0.08173,-0.13289,3.17,51.797,0.9231,0.059,0.0179,0.8831,0.0934,0.0235,0.2038,0.2038,0.5924,0.9566,0.0268,0.0167,0.9388,0.0445,0.0167,0.5821,0.2619,0.156,1.0268,0.914,0.8485,1.0258,0.9345,0.8738,1.0,1.0,1.015,1.0641,0.9955,0.9558,1.0828,1.0051,0.957,1.0017,0.9944,0.9872,41.127,8.149,0.0,10.67,255.761,51.049,288.213
84,2026-05-16T05:26:48.786340+00:00,instagram,ISL,25.996,22.067,25.996,0.6446,0.3554,37.946,33.442,0.4685,0.5315,0,0.9284,0.0549,0.0167,0.343,0.3912,-0.02565,-0.07181,0,0.8884,0.0899,0.0217,0.498,0.3799,-0.00522,-0.01456,2,0.1919,0.1919,0.6161,3.151,0.6767,0.01513,0.02277,3.993,41.938,0.9284,0.0549,0.0167,0.8884,0.0899,0.0217,0.1919,0.1919,0.6161,0.9566,0.0268,0.0167,0.9388,0.0445,0.0167,0.5821,0.2619,0.156,1.029,0.9109,0.8438,1.0262,0.9321,0.8697,1.0,1.0,1.0144,1.0641,0.9955,0.9558,1.0828,1.0051,0.957,1.0017,0.9944,0.9872,34.091,4.503,0.0,7.847,260.264,51.049,296.06
85,2026-05-16T05:26:54.787060+00:00,instagram,ISL,29.414,26.32,29.414,0.6436,0.3564,41.364,37.695,0.4768,0.5232,0,0.9324,0.051,0.0167,0.433,0.392,-0.01671,-0.04626,0,0.8946,0.0854,0.02,0.295,0.3801,-0.02554,-0.07355,2,0.182,0.182,0.6361,2.357,0.6762,-0.06434,-0.10337,3.084,44.448,0.9324,0.051,0.0167,0.8946,0.0854,0.02,0.182,0.182,0.6361,0.9566,0.0268,0.0167,0.9388,0.0445,0.0167,0.5821,0.2619,0.156,1.0303,0.9079,0.8391,1.0284,0.9298,0.8657,1.0,1.0,1.0175,1.0641,0.9955,0.9558,1.0828,1.0051,0.957,1.0017,0.9944,0.9872,38.345,3.668,0.0,6.103,263.933,51.049,302.164
86,2026-05-16T05:27:00.802234+00:00,instagram,ISL,18.504,25.12,18.504,0.643,0.357,30.454,36.495,0.5451,0.4549,0,0.9359,0.0475,0.0167,1.11,0.3925,0.05102,0.12886,0,0.9014,0.0804,0.0182,1.307,0.3809,0.07569,0.18992,2,0.1709,0.1709,0.6582,2.228,0.6783,-0.07725,-0.12595,4.645,35.099,0.9359,0.0475,0.0167,0.9014,0.0804,0.0182,0.1709,0.1709,0.6582,0.9566,0.0268,0.0167,0.9388,0.0445,0.0167,0.5821,0.2619,0.156,1.0268,0.9049,0.8345,1.0234,0.9274,0.8618,1.0,1.0,1.0214,1.0641,0.9955,0.9558,1.0828,1.0051,0.957,1.0017,0.9944,0.9872,34.543,0.0,0.555,0.555,263.933,51.604,302.719
87,2026-05-16T05:27:06.820359+00:00,instagram,ISL,25.44,33.894,25.44,0.6449,0.3551,37.39,45.269,0.5477,0.4523,0,0.938,0.0453,0.0167,0.346,0.3912,-0.02541,-0.0711,0,0.9045,0.0784,0.0172,0.327,0.379,-0.0223,-0.06372,2,0.1599,0.1599,0.6802,4.653,0.6809,0.1653,0.22459,5.326,42.716,0.938,0.0453,0.0167,0.9045,0.0784,0.0172,0.1599,0.1599,0.6802,0.9566,0.0268,0.0167,0.9388,0.0445,0.0167,0.5821,0.2619,0.156,1.029,0.9019,0.83,1.0253,0.9251,0.8579,1.0,1.0,1.0155,1.0641,0.9955,0.9558,1.0828,1.0051,0.957,1.0017,0.9944,0.9872,41.479,0.0,1.237,1.237,263.933,52.841,303.955
89,2026-05-16T05:27:18.852597+00:00,instagram,ISL,18.01,21.425,18.01,0.6459,0.3541,29.96,32.8,0.5226,0.4774,0,0.9413,0.042,0.0167,0.942,0.392,0.03424,0.08824,0,0.9096,0.0737,0.0167,0.453,0.3797,-0.00968,-0.02719,2,0.1524,0.1524,0.6952,2.609,0.677,-0.03914,-0.06159,4.004,33.964,0.9413,0.042,0.0167,0.9096,0.0737,0.0167,0.1524,0.1524,0.6952,0.9594,0.0239,0.0167,0.9423,0.041,0.0167,0.6034,0.2535,0.1431,1.0265,0.8989,0.8255,1.0261,0.9228,0.854,1.0,1.0,1.0174,1.0663,0.9951,0.954,1.0884,1.005,0.9555,1.0025,0.9945,0.9858,33.449,0.0,0.0,0.515,263.933,52.841,304.471
91,2026-05-16T05:27:30.885433+00:00,instagram,ISL,28.666,25.813,28.666,0.6496,0.3504,40.616,37.188,0.478,0.522,0,0.9435,0.0398,0.0167,0.916,0.3911,0.03157,0.08147,0,0.9137,0.0697,0.0167,0.434,0.38,-0.01163,-0.03279,2,0.1427,0.1427,0.7145,2.502,0.6782,-0.0498,-0.07923,3.851,44.468,0.9435,0.0398,0.0167,0.9137,0.0697,0.0167,0.1427,0.1427,0.7145,0.9617,0.0216,0.0167,0.9456,0.0377,0.0167,0.6255,0.244,0.1304,1.0242,0.896,0.8211,1.0271,0.9206,0.8502,1.0,1.0,1.0197,1.0671,0.9946,0.9522,1.0906,1.0049,0.954,1.0033,0.9939,0.9835,37.837,3.428,0.0,6.631,277.008,53.236,317.703
94,2026-05-16T05:27:48.918734+00:00,instagram,ISL,29.61,26.645,29.61,0.6535,0.3465,41.56,38.02,0.4778,0.5222,0,0.9456,0.0377,0.0167,0.73,0.3902,0.01298,0.03428,0,0.9176,0.0658,0.0167,0.276,0.3804,-0.02742,-0.07929,2,0.1333,0.1333,0.7335,2.297,0.6798,-0.07031,-0.11419,3.303,44.862,0.9456,0.0377,0.0167,0.9176,0.0658,0.0167,0.1333,0.1333,0.7335,0.9661,0.0172,0.0167,0.9514,0.0319,0.0167,0.6684,0.2226,0.1089,1.0233,0.8931,0.8168,1.0294,0.9183,0.8465,1.0,1.0,1.0232,1.0724,0.9937,0.9486,1.0978,1.0046,0.9502,1.0031,0.9914,0.9807,38.669,3.54,0.0,6.193,291.684,53.823,329.586
95,2026-05-16T05:27:54.936583+00:00,instagram,ISL,19.915,25.37,19.915,0.653,0.347,31.865,36.745,0.5356,0.4644,0,0.9478,0.0355,0.0167,1.327,0.3898,0.0727,0.17763,0,0.9218,0.0616,0.0167,1.002,0.3813,0.0452,0.11799,2,0.1239,0.1239,0.7523,2.487,0.6821,-0.05132,-0.08225,4.816,36.681,0.9478,0.0355,0.0167,0.9218,0.0616,0.0167,0.1239,0.1239,0.7523,0.9661,0.0172,0.0167,0.9514,0.0319,0.0167,0.6684,0.2226,0.1089,1.0186,0.8902,0.8125,1.0262,0.9161,0.8427,1.0,1.0,1.0257,1.0724,0.9937,0.9486,1.0978,1.0046,0.9502,1.0031,0.9914,0.9807,35.955,0.0,0.726,0.726,291.684,54.549,330.312
97,2026-05-16T05:28:06.954598+00:00,instagram,ISL,18.589,26.407,18.589,0.6541,0.3459,30.539,37.782,0.553,0.447,0,0.9492,0.0341,0.0167,0.479,0.388,-0.01214,-0.03303,0,0.924,0.0593,0.0167,0.542,0.3801,-0.00084,-0.00234,2,0.1152,0.1152,0.7696,4.236,0.6838,0.1236,0.17336,5.256,35.796,0.9492,0.0341,0.0167,0.924,0.0593,0.0167,0.1152,0.1152,0.7696,0.9667,0.0167,0.0167,0.954,0.0294,0.0167,0.6874,0.2137,0.099,1.0195,0.8874,0.8083,1.0263,0.9138,0.8391,1.0,1.0,1.0211,1.0756,0.9932,0.9468,1.1027,1.0045,0.9487,1.0039,0.9915,0.9793,34.629,0.0,1.167,1.167,291.684,55.716,331.479
99,2026-05-16T05:28:18.994762+00:00,instagram,ISL,26.674,22.504,26.674,0.6564,0.3436,38.624,33.879,0.4673,0.5327,0,0.9515,0.0318,0.0167,0.64,0.3884,0.00398,0.0106,0,0.9272,0.0562,0.0167,0.348,0.3801,-0.02016,-0.05759,2,0.1087,0.1087,0.7825,2.266,0.6807,-0.07342,-0.11975,3.254,41.878,0.9515,0.0318,0.0167,0.9272,0.0562,0.0167,0.1087,0.1087,0.7825,0.9667,0.0167,0.0167,0.9563,0.027,0.0167,0.7064,0.2038,0.0899,1.0192,0.8845,0.8041,1.028,0.9116,0.8354,1.0,1.0,1.0247,1.0755,0.9927,0.945,1.1073,1.0044,0.9472,1.0071,0.9909,0.9779,34.528,4.745,0.0,7.35,296.43,55.716,338.829
100,2026-05-16T05:28:24.992260+00:00,instagram,ISL,41.222,26.176,41.222,0.6554,0.3446,53.172,37.551,0.4139,0.5861,0,0.9535,0.0298,0.0167,0.566,0.3883,-0.00338,-0.00908,0,0.9306,0.0527,0.0167,0.498,0.3807,-0.00523,-0.01464,2,0.1006,0.1006,0.7989,4.156,0.6831,0.11561,0.16292,5.22,58.392,0.9535,0.0298,0.0167,0.9306,0.0527,0.0167,0.1006,0.1006,0.7989,0.9667,0.0167,0.0167,0.9563,0.027,0.0167,0.7064,0.2038,0.0899,1.0195,0.8817,0.8,1.0284,0.9094,0.8318,1.0,1.0,1.0204,1.0755,0.9927,0.945,1.1073,1.0044,0.9472,1.0071,0.9909,0.9779,38.2,15.621,1.13,20.192,312.051,56.846,359.021
102,2026-05-16T05:28:37.003759+00:00,instagram,ISL,20.285,21.986,20.285,0.6544,0.3456,32.235,33.361,0.5086,0.4914,0,0.9555,0.0279,0.0167,0.346,0.3884,-0.0254,-0.07055,0,0.9336,0.0498,0.0167,0.304,0.3809,-0.02457,-0.0708,2,0.0947,0.0947,0.8106,2.397,0.6802,-0.06032,-0.09717,3.047,35.282,0.9555,0.0279,0.0167,0.9336,0.0498,0.0167,0.0947,0.0947,0.8106,0.9667,0.0167,0.0167,0.9585,0.0248,0.0167,0.7248,0.194,0.0812,1.0216,0.8789,0.796,1.0305,0.9072,0.8283,1.0,1.0,1.0233,1.078,0.9923,0.9433,1.1086,1.0042,0.9457,1.0079,0.9903,0.9759,34.01,0.0,0.0,1.273,318.175,57.135,363.267
104,2026-05-16T05:28:49.021703+00:00,instagram,ISL,17.216,29.769,17.216,0.654,0.346,29.166,41.144,0.5852,0.4148,0,0.9575,0.0258,0.0167,0.327,0.3892,-0.0273,-0.07621,0,0.9368,0.0466,0.0167,0.538,0.3817,-0.00118,-0.0033,2,0.0875,0.0875,0.8251,2.332,0.6822,-0.0668,-0.10855,3.197,32.363,0.9575,0.0258,0.0167,0.9368,0.0466,0.0167,0.0875,0.0875,0.8251,0.9667,0.0167,0.0167,0.9605,0.0228,0.0167,0.7423,0.1843,0.0734,1.0239,0.8762,0.792,1.0306,0.9051,0.8247,1.0,1.0,1.0266,1.0803,0.9918,0.9415,1.1109,1.0041,0.9443,1.0078,0.9897,0.9745,33.255,0.0,0.0,0.0,318.175,57.145,363.276
106,2026-05-16T05:29:01.048892+00:00,instagram,ISL,24.813,29.829,24.813,0.6611,0.3389,36.763,41.204,0.5285,0.4715,0,0.9595,0.0238,0.0167,0.784,0.39,0.01837,0.04813,0,0.9393,0.044,0.0167,0.322,0.3817,-0.02282,-0.06574,2,0.0806,0.0806,0.8388,4.066,0.6844,0.10661,0.15145,5.172,41.935,0.9595,0.0238,0.0167,0.9393,0.044,0.0167,0.0806,0.0806,0.8388,0.9667,0.0167,0.0167,0.9624,0.0209,0.0167,0.7589,0.1748,0.0662,1.0225,0.8735,0.788,1.0326,0.9029,0.8213,1.0,1.0,1.0225,1.0782,0.9913,0.9397,1.1147,1.004,0.9428,1.009,0.9891,0.9732,40.853,0.0,1.082,1.082,331.202,58.414,374.132
107,2026-05-16T05:29:07.405286+00:00,instagram,ISL,42.814,36.057,42.814,0.662,0.338,54.764,47.432,0.4641,0.5359,0,0.9609,0.0224,0.0167,0.531,0.3895,-0.00687,-0.01863,0,0.9422,0.0411,0.0167,0.364,0.3824,-0.01862,-0.0534,2,0.0756,0.0756,0.8488,2.339,0.6817,-0.06607,-0.10721,3.234,57.999,0.9609,0.0224,0.0167,0.9422,0.0411,0.0167,0.0756,0.0756,0.8488,0.9667,0.0167,0.0167,0.9624,0.0209,0.0167,0.7589,0.1748,0.0662,1.0231,0.8708,0.7841,1.0342,0.9008,0.8178,1.0,1.0,1.0258,1.0782,0.9913,0.9397,1.1147,1.004,0.9428,1.009,0.9891,0.9732,48.081,7.332,0.0,9.917,338.534,58.414,384.049
109,2026-05-16T05:29:19.410972+00:00,instagram,ISL,36.396,28.867,36.396,0.6624,0.3376,48.346,40.242,0.4543,0.5457,0,0.9624,0.0209,0.0167,0.416,0.3897,-0.0184,-0.05075,0,0.9448,0.0385,0.0167,0.777,0.383,0.02267,0.06127,2,0.0695,0.0695,0.8609,2.993,0.6839,-0.00073,-0.00112,4.185,52.531,0.9624,0.0209,0.0167,0.9448,0.0385,0.0167,0.0695,0.0695,0.8609,0.9667,0.0167,0.0167,0.9641,0.0192,0.0167,0.7748,0.1655,0.0597,1.0246,0.8681,0.7803,1.0325,0.8986,0.8144,1.0,1.0,1.0258,1.0793,0.9909,0.938,1.1169,1.0039,0.9413,1.0119,0.9885,0.9718,40.891,8.104,0.096,11.64,349.577,58.51,395.689
110,2026-05-16T05:29:25.418093+00:00,instagram,ISL,12.215,22.805,12.215,0.6613,0.3387,24.165,34.18,0.5858,0.4142,0,0.964,0.0194,0.0167,0.914,0.3903,0.03137,0.08083,0,0.9466,0.0367,0.0167,0.497,0.3824,-0.00525,-0.01475,2,0.0644,0.0644,0.8712,4.376,0.6839,0.1376,0.19119,5.787,29.952,0.964,0.0194,0.0167,0.9466,0.0367,0.0167,0.0644,0.0644,0.8712,0.9667,0.0167,0.0167,0.9641,0.0192,0.0167,0.7748,0.1655,0.0597,1.0223,0.8654,0.7765,1.0329,0.8965,0.811,1.0,1.0,1.0208,1.0793,0.9909,0.938,1.1169,1.0039,0.9413,1.0119,0.9885,0.9718,28.255,0.0,1.698,1.698,349.577,60.208,397.387
111,2026-05-16T05:29:31.427407+00:00,instagram,ISL,18.242,21.89,18.242,0.6656,0.3344,30.192,33.265,0.5242,0.4758,0,0.965,0.0183,0.0167,0.425,0.3894,-0.01752,-0.04821,0,0.9488,0.0346,0.0167,0.96,0.3825,0.04101,0.10798,2,0.0604,0.0604,0.8791,2.316,0.6805,-0.06841,-0.11104,3.701,33.893,0.965,0.0183,0.0167,0.9488,0.0346,0.0167,0.0604,0.0604,0.8791,0.9667,0.0167,0.0167,0.9641,0.0192,0.0167,0.7748,0.1655,0.0597,1.0237,0.8628,0.7727,1.0299,0.8944,0.8077,1.0,1.0,1.0242,1.0793,0.9909,0.938,1.1169,1.0039,0.9413,1.0119,0.9885,0.9718,33.914,0.0,0.0,0.0,349.577,60.208,397.387
116,2026-05-16T05:30:01.480440+00:00,instagram,ISL,32.271,31.427,32.271,0.6677,0.3323,44.221,42.802,0.4918,0.5082,0,0.9664,0.017,0.0167,0.917,0.39,0.03168,0.08152,0,0.9502,0.0331,0.0167,0.557,0.3815,0.00068,0.00189,2,0.0554,0.0554,0.8892,2.804,0.6828,-0.01957,-0.03055,4.278,48.499,0.9664,0.017,0.0167,0.9502,0.0331,0.0167,0.0554,0.0554,0.8892,0.9667,0.0167,0.0167,0.9667,0.0167,0.0167,0.8313,0.1299,0.0388,1.0215,0.8602,0.769,1.0299,0.8923,0.8044,1.0,1.0,1.025,1.0862,0.989,0.9311,1.1254,1.0018,0.9355,1.02,0.9847,0.9663,43.452,1.419,0.188,5.047,369.016,60.831,414.008
118,2026-05-16T05:30:13.491086+00:00,instagram,ISL,7.238,23.044,7.238,0.668,0.332,19.188,34.419,0.6421,0.3579,0,0.9667,0.0167,0.0167,0.602,0.3891,0.00018,0.00049,0,0.9521,0.0313,0.0167,1.389,0.3814,0.08387,0.20863,2,0.0511,0.0511,0.8978,4.182,0.6834,0.11823,0.16635,6.173,25.361,0.9667,0.0167,0.0167,0.9521,0.0313,0.0167,0.0511,0.0511,0.8978,0.9667,0.0167,0.0167,0.9667,0.0167,0.0167,0.8432,0.1221,0.0347,1.0215,0.8576,0.7653,1.0244,0.8903,0.8011,1.0,1.0,1.0206,1.0867,0.9886,0.9293,1.1293,1.0016,0.9341,1.0222,0.9841,0.9649,23.278,0.0,2.083,2.083,369.729,62.914,416.092
120,2026-05-16T05:30:25.503077+00:00,mixed,ISL,30.121,21.871,30.121,0.6776,0.3224,42.071,33.246,0.4414,0.5586,0,0.9667,0.0167,0.0167,0.884,0.3113,0.02837,0.07318,0,0.9529,0.0304,0.0167,0.203,0.3035,-0.03473,-0.10132,2,0.3333,0.3333,0.3333,2.739,0.5333,-0.02608,-0.03996,3.826,45.897,0.9667,0.0167,0.0167,0.9529,0.0304,0.0167,0.3333,0.3333,0.3333,0.9667,0.0167,0.0167,0.9667,0.0167,0.0167,0.3333,0.3333,0.3333,1.0194,0.8558,0.7628,1.0275,0.8889,0.7988,1.0077,1.0003,1.0012,1.0893,0.9881,0.9276,1.1313,1.0015,0.9326,1.0,1.0,1.0,33.811,8.825,1.073,12.086,384.552,63.988,430.691
121,2026-05-16T05:30:31.508411+00:00,mixed,ISL,38.145,33.246,38.145,0.6759,0.3241,50.095,44.621,0.4711,0.5289,0,0.9667,0.0167,0.0167,0.24,0.3107,-0.03602,-0.10167,0,0.955,0.0283,0.0167,0.368,0.3044,-0.0182,-0.0519,2,0.3398,0.327,0.3332,1.557,0.534,-0.14429,-0.24644,2.165,52.26,0.9667,0.0167,0.0167,0.955,0.0283,0.0167,0.3398,0.327,0.3332,0.9667,0.0167,0.0167,0.9667,0.0167,0.0167,0.3333,0.3333,0.3333,1.0225,0.8541,0.7602,1.029,0.8876,0.7965,1.0154,1.0006,1.0092,1.0893,0.9881,0.9276,1.1313,1.0015,0.9326,1.0,1.0,1.0,45.185,5.475,0.0,7.075,390.027,63.988,437.766
122,2026-05-16T05:30:37.518948+00:00,mixed,ISL,13.781,26.034,13.781,0.6753,0.3247,25.731,37.409,0.5925,0.4075,0,0.9667,0.0167,0.0167,0.458,0.3116,-0.01418,-0.03884,0,0.9568,0.0265,0.0167,0.978,0.3049,0.04278,0.11199,0,0.3441,0.3185,0.3374,1.052,0.5416,-0.19478,-0.35701,2.488,28.219,0.9667,0.0167,0.0167,0.9568,0.0265,0.0167,0.3441,0.3185,0.3374,0.9667,0.0167,0.0167,0.9667,0.0167,0.0167,0.3333,0.3333,0.3333,1.0236,0.8524,0.7577,1.0259,0.8862,0.7942,1.0276,1.0008,1.015,1.0893,0.9881,0.9276,1.1313,1.0015,0.9326,1.0,1.0,1.0,28.483,0.0,0.0,0.0,390.027,63.988,437.766
123,2026-05-16T05:30:43.529006+00:00,mixed,ISL,30.174,28.628,30.174,0.6793,0.3207,42.124,40.003,0.4871,0.5129,0,0.9667,0.0167,0.0167,0.307,0.312,-0.02931,-0.08223,0,0.9578,0.0255,0.0167,0.229,0.304,-0.03207,-0.0933,0,0.3523,0.3091,0.3386,3.254,0.5481,0.02544,0.03843,3.791,45.915,0.9667,0.0167,0.0167,0.9578,0.0255,0.0167,0.3523,0.3091,0.3386,0.9667,0.0167,0.0167,0.9667,0.0167,0.0167,0.3333,0.3333,0.3333,1.0261,0.8507,0.7552,1.0288,0.8849,0.7919,1.0265,1.0011,1.0208,1.0893,0.9881,0.9276,1.1313,1.0015,0.9326,1.0,1.0,1.0,40.567,2.121,1.038,5.348,392.148,65.026,443.114
125,2026-05-16T05:30:55.547818+00:00,mixed,ISL,28.172,25.102,28.172,0.6829,0.3171,40.122,36.477,0.4762,0.5238,0,0.9667,0.0167,0.0167,2.067,0.3127,0.14674,0.33081,0,0.9596,0.0237,0.0167,0.415,0.3048,-0.01354,-0.03837,2,0.3514,0.304,0.3446,1.544,0.5444,-0.14556,-0.25448,4.026,44.148,0.9667,0.0167,0.0167,0.9596,0.0237,0.0167,0.3514,0.304,0.3446,0.9667,0.0167,0.0167,0.9667,0.0167,0.0167,0.3479,0.3395,0.3126,1.0179,0.849,0.7527,1.0299,0.8835,0.7897,1.0341,1.0013,1.0291,1.0929,0.9878,0.9262,1.1303,1.0015,0.9314,1.0033,0.9995,0.9989,37.042,3.645,1.274,7.107,404.95,66.535,457.424
127,2026-05-16T05:31:07.570565+00:00,mixed,ISL,25.583,38.636,25.583,0.6872,0.3128,37.533,50.011,0.5713,0.4287,0,0.9667,0.0167,0.0167,0.257,0.3102,-0.03432,-0.09647,0,0.961,0.0223,0.0167,0.588,0.3052,0.0038,0.01052,2,0.3556,0.2953,0.3491,1.391,0.5488,-0.16093,-0.28863,2.236,39.769,0.9667,0.0167,0.0167,0.961,0.0223,0.0167,0.3556,0.2953,0.3491,0.9667,0.0167,0.0167,0.9667,0.0167,0.0167,0.3615,0.3467,0.2918,1.0208,0.8474,0.7503,1.0296,0.8822,0.7874,1.0417,1.0016,1.0386,1.0935,0.9876,0.9249,1.1357,1.0016,0.9303,1.0038,0.9996,0.9979,40.285,0.0,0.0,0.0,420.834,66.586,471.171
129,2026-05-16T05:31:19.591154+00:00,mixed,ISL,14.048,21.707,14.048,0.6885,0.3115,25.998,33.082,0.56,0.44,0,0.9667,0.0167,0.0167,0.285,0.3111,-0.03152,-0.08848,0,0.9622,0.0211,0.0167,0.519,0.3051,-0.00312,-0.00871,1,0.3592,0.2862,0.3546,2.141,0.6529,-0.08589,-0.11198,2.945,28.943,0.9667,0.0167,0.0167,0.9622,0.0211,0.0167,0.3592,0.2862,0.3546,0.9667,0.0167,0.0167,0.9667,0.0167,0.0167,0.3751,0.3528,0.272,1.0235,0.8457,0.7478,1.0298,0.8809,0.7852,1.0492,1.005,1.0441,1.0961,0.9873,0.9235,1.1419,1.0016,0.9291,1.0071,0.9996,0.9968,28.75,0.0,0.193,0.193,420.834,66.779,471.364
130,2026-05-16T05:31:25.605145+00:00,mixed,ISL,19.16,21.6,19.16,0.6913,0.3087,31.11,32.975,0.5146,0.4854,0,0.9667,0.0167,0.0167,0.325,0.3119,-0.02751,-0.07697,0,0.9634,0.0199,0.0167,0.3,0.3051,-0.02501,-0.07225,2,0.3635,0.2799,0.3566,1.32,0.5569,-0.16804,-0.30896,1.944,33.054,0.9667,0.0167,0.0167,0.9634,0.0199,0.0167,0.3635,0.2799,0.3566,0.9667,0.0167,0.0167,0.9667,0.0167,0.0167,0.3751,0.3528,0.272,1.0258,0.844,0.7454,1.032,0.8796,0.783,1.0567,1.0052,1.0544,1.0961,0.9873,0.9235,1.1419,1.0016,0.9291,1.0071,0.9996,0.9968,33.539,0.0,0.0,0.0,420.834,66.779,471.364
132,2026-05-16T05:31:37.624688+00:00,mixed,ISL,17.399,26.435,17.399,0.6914,0.3086,29.349,37.81,0.563,0.437,0,0.9667,0.0167,0.0167,2.005,0.3126,0.14053,0.31881,0,0.9648,0.0186,0.0167,1.572,0.3058,0.10224,0.24929,0,0.3667,0.2705,0.3627,3.44,0.5636,0.04402,0.06733,7.018,36.367,0.9667,0.0167,0.0167,0.9648,0.0186,0.0167,0.3667,0.2705,0.3627,0.9667,0.0167,0.0167,0.9667,0.0167,0.0167,0.3879,0.3585,0.2536,1.0179,0.8424,0.743,1.0256,0.8783,0.7808,1.0548,1.0053,1.0598,1.1007,0.987,0.9221,1.143,1.0016,0.9279,1.0104,0.9998,0.9964,32.101,0.0,4.266,4.266,420.834,71.118,475.703
133,2026-05-16T05:31:43.627926+00:00,mixed,ISL,35.73,24.917,35.73,0.6938,0.3062,47.68,36.292,0.4322,0.5678,0,0.9667,0.0167,0.0167,1.103,0.3102,0.05032,0.12575,0,0.9652,0.0181,0.0167,0.335,0.3039,-0.02148,-0.06142,0,0.3651,0.2656,0.3694,1.87,0.5626,-0.11302,-0.19832,3.308,50.989,0.9667,0.0167,0.0167,0.9652,0.0181,0.0167,0.3651,0.2656,0.3694,0.9667,0.0167,0.0167,0.9667,0.0167,0.0167,0.3879,0.3585,0.2536,1.0145,0.8407,0.7406,1.0274,0.877,0.7786,1.0611,1.0055,1.065,1.1007,0.987,0.9221,1.143,1.0016,0.9279,1.0104,0.9998,0.9964,36.857,11.388,0.556,14.132,432.222,71.674,489.835
134,2026-05-16T05:31:49.633423+00:00,mixed,ISL,32.906,36.493,32.906,0.6921,0.3079,44.856,47.868,0.5162,0.4838,0,0.9667,0.0167,0.0167,0.257,0.3092,-0.03427,-0.09598,0,0.9664,0.017,0.0167,0.46,0.3044,-0.00898,-0.02525,0,0.3692,0.2582,0.3726,1.417,0.5659,-0.15832,-0.29344,2.134,46.99,0.9667,0.0167,0.0167,0.9664,0.017,0.0167,0.3692,0.2582,0.3726,0.9667,0.0167,0.0167,0.9667,0.0167,0.0167,0.3879,0.3585,0.2536,1.0174,0.8391,0.7382,1.0282,0.8757,0.7764,1.0708,1.0056,1.0702,1.1007,0.987,0.9221,1.143,1.0016,0.9279,1.0104,0.9998,0.9964,47.608,0.0,0.0,0.0,432.222,71.674,489.835
135,2026-05-16T05:31:55.643344+00:00,mixed,ISL,31.565,29.367,31.565,0.6926,0.3074,43.515,40.742,0.4835,0.5165,0,0.9667,0.0167,0.0167,0.666,0.3101,0.00655,0.01734,0,0.9667,0.0167,0.0167,0.324,0.3046,-0.02264,-0.06504,2,0.376,0.2498,0.3742,1.491,0.5708,-0.1509,-0.28016,2.48,45.995,0.9667,0.0167,0.0167,0.9667,0.0167,0.0167,0.376,0.2498,0.3742,0.9667,0.0167,0.0167,0.9667,0.0167,0.0167,0.3879,0.3585,0.2536,1.0169,0.8375,0.7359,1.0301,0.8744,0.7742,1.0781,1.0058,1.0795,1.1007,0.987,0.9221,1.143,1.0016,0.9279,1.0104,0.9998,0.9964,41.306,2.773,0.0,4.689,434.995,71.674,494.524
136,2026-05-16T05:32:01.653740+00:00,mixed,ISL,7.879,21.534,7.879,0.6922,0.3078,19.829,32.909,0.624,0.376,0,0.9667,0.0167,0.0167,0.62,0.3099,0.00196,0.00522,0,0.9667,0.0167,0.0167,0.522,0.3052,-0.00277,-0.00774,2,0.3793,0.241,0.3797,1.847,0.5757,-0.11534,-0.20814,2.988,22.818,0.9667,0.0167,0.0167,0.9667,0.0167,0.0167,0.3793,0.241,0.3797,0.9667,0.0167,0.0167,0.9667,0.0167,0.0167,0.3879,0.3585,0.2536,1.0167,0.8358,0.7335,1.0303,0.8731,0.7721,1.0854,1.006,1.0861,1.1007,0.987,0.9221,1.143,1.0016,0.9279,1.0104,0.9998,0.9964,22.582,0.0,0.236,0.236,434.995,71.911,494.761
137,2026-05-16T05:32:07.660121+00:00,mixed,ISL,24.137,31.123,24.137,0.6993,0.3007,36.087,42.498,0.5408,0.4592,0,0.9667,0.0167,0.0167,0.544,0.3099,-0.00561,-0.0151,0,0.9667,0.0167,0.0167,0.565,0.3053,0.00148,0.00412,2,0.3836,0.233,0.3834,4.112,0.5793,0.11124,0.16592,5.221,41.308,0.9667,0.0167,0.0167,0.9667,0.0167,0.0167,0.3836,0.233,0.3834,0.9667,0.0167,0.0167,0.9667,0.0167,0.0167,0.3879,0.3585,0.2536,1.0171,0.8342,0.7312,1.0302,0.8718,0.77,1.0926,1.0061,1.0817,1.1007,0.987,0.9221,1.143,1.0016,0.9279,1.0104,0.9998,0.9964,38.839,0.0,2.469,2.469,434.995,74.38,497.23
138,2026-05-16T05:32:13.660289+00:00,mixed,ISL,14.536,21.928,14.536,0.7005,0.2995,26.486,33.303,0.557,0.443,0,0.9667,0.0167,0.0167,0.641,0.31,0.00411,0.01092,0,0.9667,0.0167,0.0167,0.524,0.3052,-0.00258,-0.00721,0,0.3933,0.2282,0.3785,1.344,0.5827,-0.16563,-0.32036,2.509,28.995,0.9667,0.0167,0.0167,0.9667,0.0167,0.0167,0.3933,0.2282,0.3785,0.9667,0.0167,0.0167,0.9667,0.0167,0.0167,0.3879,0.3585,0.2536,1.0168,0.8326,0.7289,1.0304,0.8705,0.7678,1.1033,1.0063,1.0866,1.1007,0.987,0.9221,1.143,1.0016,0.9279,1.0104,0.9998,0.9964,29.238,0.0,0.0,0.0,434.995,74.38,497.23
140,2026-05-16T05:32:25.676677+00:00,mixed,ISL,24.46,28.916,24.46,0.7041,0.2959,36.41,40.291,0.5253,0.4747,0,0.9667,0.0167,0.0167,0.282,0.3099,-0.03179,-0.08893,0,0.9667,0.0167,0.0167,0.608,0.3053,0.00576,0.01588,1,0.4015,0.2198,0.3787,2.309,0.6559,-0.0691,-0.08945,3.199,39.609,0.9667,0.0167,0.0167,0.9667,0.0167,0.0167,0.4015,0.2198,0.3787,0.9667,0.0167,0.0167,0.9667,0.0167,0.0167,0.4008,0.3639,0.2353,1.0195,0.831,0.7266,1.03,0.8692,0.7657,1.1103,1.0089,1.0915,1.1043,0.9867,0.9207,1.1432,1.0016,0.9268,1.015,1.0,0.9953,39.162,0.0,0.446,0.446,437.929,74.826,498.377
141,2026-05-16T05:32:31.681437+00:00,mixed,ISL,33.189,36.461,33.189,0.7049,0.2951,45.139,47.836,0.5145,0.4855,0,0.9667,0.0167,0.0167,0.456,0.3107,-0.01437,-0.03926,0,0.9667,0.0167,0.0167,1.204,0.3052,0.06542,0.16647,0,0.4064,0.2136,0.38,1.668,0.5922,-0.1332,-0.25293,3.328,48.468,0.9667,0.0167,0.0167,0.9667,0.0167,0.0167,0.4064,0.2136,0.38,0.9667,0.0167,0.0167,0.9667,0.0167,0.0167,0.4008,0.3639,0.2353,1.0207,0.8294,0.7243,1.0255,0.868,0.7636,1.1185,1.009,1.0963,1.1043,0.9867,0.9207,1.1432,1.0016,0.9268,1.015,1.0,0.9953,47.891,0.0,0.576,0.576,437.929,75.402,498.954
142,2026-05-16T05:32:37.690176+00:00,mixed,ISL,15.631,29.134,15.631,0.7053,0.2947,27.581,40.509,0.5949,0.4051,0,0.9667,0.0167,0.0167,0.259,0.3111,-0.0341,-0.09609,0,0.9667,0.0167,0.0167,0.439,0.3039,-0.01111,-0.03127,2,0.4129,0.206,0.381,1.843,0.5847,-0.11571,-0.21252,2.541,30.122,0.9667,0.0167,0.0167,0.9667,0.0167,0.0167,0.4129,0.206,0.381,0.9667,0.0167,0.0167,0.9667,0.0167,0.0167,0.4008,0.3639,0.2353,1.0236,0.8279,0.7221,1.0264,0.8667,0.7616,1.1253,1.0091,1.1031,1.1043,0.9867,0.9207,1.1432,1.0016,0.9268,1.015,1.0,0.9953,30.333,0.0,0.0,0.0,437.929,75.402,498.954
143,2026-05-16T05:32:43.696840+00:00,mixed,ISL,19.331,29.637,19.331,0.7088,0.2912,31.281,41.012,0.5673,0.4327,0,0.9667,0.0167,0.0167,0.888,0.3119,0.02881,0.07442,0,0.9667,0.0167,0.0167,0.353,0.3041,-0.01966,-0.05611,2,0.4174,0.1985,0.3841,1.508,0.5883,-0.14922,-0.28639,2.749,34.031,0.9667,0.0167,0.0167,0.9667,0.0167,0.0167,0.4174,0.1985,0.3841,0.9667,0.0167,0.0167,0.9667,0.0167,0.0167,0.4008,0.3639,0.2353,1.0215,0.8263,0.7198,1.0281,0.8655,0.7595,1.1321,1.0092,1.1126,1.1043,0.9867,0.9207,1.1432,1.0016,0.9268,1.015,1.0,0.9953,34.033,0.0,0.0,0.0,437.929,75.402,498.954
144,2026-05-16T05:32:49.700770+00:00,mixed,ISL,14.165,26.045,14.165,0.7111,0.2889,26.115,37.42,0.589,0.411,0,0.9667,0.0167,0.0167,0.847,0.3113,0.02474,0.06411,0,0.9667,0.0167,0.0167,0.211,0.3046,-0.03393,-0.09921,0,0.4202,0.1904,0.3894,1.514,0.6038,-0.14858,-0.29367,2.572,28.687,0.9667,0.0167,0.0167,0.9667,0.0167,0.0167,0.4202,0.1904,0.3894,0.9667,0.0167,0.0167,0.9667,0.0167,0.0167,0.4008,0.3639,0.2353,1.0197,0.8247,0.7176,1.0311,0.8642,0.7574,1.1418,1.0093,1.1171,1.1043,0.9867,0.9207,1.1432,1.0016,0.9268,1.015,1.0,0.9953,28.867,0.0,0.0,0.0,437.929,75.402,498.954
146,2026-05-16T05:33:01.716754+00:00,mixed,ISL,43.62,38.359,43.62,0.719,0.281,55.57,49.734,0.4723,0.5277,0,0.9667,0.0167,0.0167,0.797,0.3108,0.01965,0.0512,0,0.9667,0.0167,0.0167,0.831,0.3055,0.02806,0.07508,2,0.4282,0.1828,0.389,2.807,0.5958,-0.01933,-0.03295,4.434,60.003,0.9667,0.0167,0.0167,0.9667,0.0167,0.0167,0.4282,0.1828,0.389,0.9667,0.0167,0.0167,0.9667,0.0167,0.0167,0.4132,0.3687,0.2181,1.0183,0.8232,0.7154,1.029,0.8629,0.7554,1.1483,1.0093,1.118,1.1084,0.9864,0.9194,1.149,1.0017,0.9256,1.0183,1.0002,0.9945,50.299,5.835,1.682,9.705,459.134,77.084,521.782
147,2026-05-16T05:33:07.724845+00:00,mixed,ISL,17.704,25.22,17.704,0.7185,0.2815,29.654,36.595,0.5524,0.4476,0,0.9667,0.0167,0.0167,0.71,0.3103,0.01099,0.02892,0,0.9667,0.0167,0.0167,0.41,0.3049,-0.01404,-0.03982,2,0.4356,0.177,0.3874,3.952,0.5963,0.09522,0.14766,5.072,34.725,0.9667,0.0167,0.0167,0.9667,0.0167,0.0167,0.4356,0.177,0.3874,0.9667,0.0167,0.0167,0.9667,0.0167,0.0167,0.4132,0.3687,0.2181,1.0174,0.8216,0.7132,1.0302,0.8617,0.7534,1.1547,1.0094,1.114,1.1084,0.9864,0.9194,1.149,1.0017,0.9256,1.0183,1.0002,0.9945,32.406,0.0,2.32,2.32,459.134,79.404,524.102
148,2026-05-16T05:33:13.726058+00:00,mixed,ISL,11.176,21.685,11.176,0.7205,0.2795,23.126,33.06,0.5884,0.4116,0,0.9667,0.0167,0.0167,0.306,0.3101,-0.02935,-0.08184,0,0.9667,0.0167,0.0167,1.093,0.3052,0.0543,0.14018,2,0.4459,0.1724,0.3817,1.884,0.5942,-0.11165,-0.20786,3.283,26.409,0.9667,0.0167,0.0167,0.9667,0.0167,0.0167,0.4459,0.1724,0.3817,0.9667,0.0167,0.0167,0.9667,0.0167,0.0167,0.4132,0.3687,0.2181,1.0199,0.8201,0.711,1.0264,0.8605,0.7513,1.1611,1.0095,1.1207,1.1084,0.9864,0.9194,1.149,1.0017,0.9256,1.0183,1.0002,0.9945,25.878,0.0,0.531,0.531,459.134,79.935,524.633
149,2026-05-16T05:33:19.731275+00:00,mixed,ISL,13.165,25.455,13.165,0.7247,0.2753,25.115,36.83,0.5946,0.4054,0,0.9667,0.0167,0.0167,0.732,0.3108,0.01325,0.03481,0,0.9667,0.0167,0.0167,0.995,0.3041,0.04455,0.11606,2,0.4503,0.1655,0.3842,3.302,0.5977,0.03024,0.04952,5.03,30.146,0.9667,0.0167,0.0167,0.9667,0.0167,0.0167,0.4503,0.1655,0.3842,0.9667,0.0167,0.0167,0.9667,0.0167,0.0167,0.4132,0.3687,0.2181,1.0189,0.8186,0.7089,1.0232,0.8592,0.7493,1.1673,1.0096,1.1193,1.1084,0.9864,0.9194,1.149,1.0017,0.9256,1.0183,1.0002,0.9945,27.867,0.0,2.278,2.278,459.134,82.213,526.911
151,2026-05-16T05:33:31.736272+00:00,browsing,ISL,41.685,28.918,41.685,0.7293,0.2707,53.635,40.293,0.429,0.571,0,0.9667,0.0167,0.0167,0.396,0.3493,-0.02041,-0.05623,0,0.9667,0.0167,0.0167,0.347,0.3411,-0.02034,-0.05793,1,0.3333,0.3333,0.3333,3.148,0.6667,0.01476,0.01972,3.89,57.525,0.9667,0.0167,0.0167,0.9667,0.0167,0.0167,0.3333,0.3333,0.3333,0.9667,0.0167,0.0167,0.9667,0.0167,0.0167,0.3447,0.3447,0.3107,1.0206,0.8167,0.7063,1.0249,0.8577,0.747,1.0135,0.9994,1.0059,1.1062,0.9861,0.9179,1.1559,1.0016,0.9243,1.0037,1.0004,0.9994,40.855,13.342,1.422,16.67,477.207,83.938,546.708
153,2026-05-16T05:33:43.746421+00:00,browsing,ISL,13.296,25.971,13.296,0.7293,0.2707,25.246,37.346,0.5967,0.4033,0,0.9667,0.0167,0.0167,0.297,0.3499,-0.03031,-0.08491,0,0.9667,0.0167,0.0167,1.508,0.3416,0.0958,0.23391,1,0.3465,0.3211,0.3323,2.049,0.6663,-0.09505,-0.13788,3.854,29.1,0.9667,0.0167,0.0167,0.9667,0.0167,0.0167,0.3465,0.3211,0.3323,0.9667,0.0167,0.0167,0.9667,0.0167,0.0167,0.3559,0.3559,0.2881,1.0231,0.8148,0.7038,1.0189,0.8562,0.7447,1.0271,1.0037,1.0118,1.1107,0.9857,0.9164,1.1613,1.0016,0.9231,1.0069,1.0007,0.9983,27.714,0.0,1.386,1.386,484.296,85.323,553.012
154,2026-05-16T05:33:49.753992+00:00,browsing,ISL,22.615,31.163,22.615,0.7331,0.2669,34.565,42.538,0.5517,0.4483,0,0.9667,0.0167,0.0167,0.526,0.3508,-0.00742,-0.02014,0,0.9667,0.0167,0.0167,0.805,0.3396,0.02551,0.0677,1,0.359,0.3116,0.3295,2.322,0.6691,-0.06778,-0.09664,3.653,38.218,0.9667,0.0167,0.0167,0.9667,0.0167,0.0167,0.359,0.3116,0.3295,0.9667,0.0167,0.0167,0.9667,0.0167,0.0167,0.3559,0.3559,0.2881,1.0237,0.813,0.7013,1.017,0.8547,0.7424,1.0407,1.0066,1.0176,1.1107,0.9857,0.9164,1.1613,1.0016,0.9231,1.0069,1.0007,0.9983,37.033,0.0,1.185,1.185,484.296,86.508,554.196
155,2026-05-16T05:33:55.768614+00:00,browsing,ISL,27.346,25.632,27.346,0.7346,0.2654,39.296,37.007,0.485,0.515,0,0.9667,0.0167,0.0167,0.41,0.351,-0.01897,-0.0524,0,0.9667,0.0167,0.0167,0.247,0.339,-0.0303,-0.08711,2,0.3724,0.3011,0.3265,1.946,0.5766,-0.10541,-0.18797,2.603,41.899,0.9667,0.0167,0.0167,0.9667,0.0167,0.0167,0.3724,0.3011,0.3265,0.9667,0.0167,0.0167,0.9667,0.0167,0.0167,0.3559,0.3559,0.2881,1.0253,0.8111,0.7,1.0196,0.8532,0.7401,1.0543,1.0073,1.0235,1.1107,0.9857,0.9164,1.1613,1.0016,0.9231,1.0069,1.0007,0.9983,37.569,2.289,0.135,4.33,486.585,86.643,558.526
156,2026-05-16T05:34:01.779286+00:00,browsing,ISL,35.489,29.312,35.489,0.7343,0.2657,47.439,40.687,0.4617,0.5383,0,0.9667,0.0167,0.0167,0.566,0.3515,-0.00339,-0.00918,0,0.9667,0.0167,0.0167,0.539,0.3399,-0.00112,-0.00309,2,0.387,0.2892,0.3238,3.466,0.58,0.04655,0.07281,4.57,52.009,0.9667,0.0167,0.0167,0.9667,0.0167,0.0167,0.387,0.2892,0.3238,0.9667,0.0167,0.0167,0.9667,0.0167,0.0167,0.3559,0.3559,0.2881,1.0255,0.8093,0.7,1.0197,0.8517,0.7378,1.068,1.008,1.0215,1.1107,0.9857,0.9164,1.1613,1.0016,0.9231,1.0069,1.0007,0.9983,41.249,6.752,2.102,10.76,493.337,88.745,569.286
157,2026-05-16T05:34:07.779829+00:00,browsing,ISL,11.298,21.861,11.298,0.7335,0.2665,23.248,33.236,0.5884,0.4116,0,0.9667,0.0167,0.0167,0.312,0.3516,-0.02883,-0.08097,0,0.9667,0.0167,0.0167,0.89,0.3399,0.03398,0.08923,0,0.4055,0.2794,0.3151,1.308,0.534,-0.16921,-0.39978,2.509,25.757,0.9667,0.0167,0.0167,0.9667,0.0167,0.0167,0.4055,0.2794,0.3151,0.9667,0.0167,0.0167,0.9667,0.0167,0.0167,0.3559,0.3559,0.2881,1.0279,0.8075,0.7,1.0172,0.8502,0.7355,1.0819,1.0086,1.0272,1.1107,0.9857,0.9164,1.1613,1.0016,0.9231,1.0069,1.0007,0.9983,25.716,0.0,0.041,0.041,493.337,88.786,569.327
158,2026-05-16T05:34:13.784008+00:00,browsing,ISL,20.431,25.322,20.431,0.7375,0.2625,32.381,36.697,0.5312,0.4688,0,0.9667,0.0167,0.0167,1.446,0.3524,0.08459,0.20462,0,0.9667,0.0167,0.0167,0.793,0.3391,0.02427,0.06443,1,0.4219,0.2672,0.311,2.203,0.6724,-0.07972,-0.11533,4.441,36.822,0.9667,0.0167,0.0167,0.9667,0.0167,0.0167,0.4219,0.2672,0.311,0.9667,0.0167,0.0167,0.9667,0.0167,0.0167,0.3559,0.3559,0.2881,1.0226,0.8057,0.7,1.0154,0.8487,0.7333,1.0956,1.0121,1.0327,1.1107,0.9857,0.9164,1.1613,1.0016,0.9231,1.0069,1.0007,0.9983,34.849,0.0,1.973,1.973,493.337,90.759,571.3
160,2026-05-16T05:34:25.791871+00:00,browsing,ISL,17.869,25.84,17.869,0.7381,0.2619,29.819,37.215,0.5552,0.4448,0,0.9667,0.0167,0.0167,0.309,0.3506,-0.02915,-0.08168,0,0.9667,0.0167,0.0167,0.624,0.3385,0.00735,0.01994,1,0.4376,0.2565,0.3059,2.175,0.6748,-0.0825,-0.12007,3.107,32.926,0.9667,0.0167,0.0167,0.9667,0.0167,0.0167,0.4376,0.2565,0.3059,0.9667,0.0167,0.0167,0.9667,0.0167,0.0167,0.3654,0.3654,0.2692,1.025,0.8039,0.7,1.0149,0.8472,0.7311,1.1093,1.0158,1.0382,1.1146,0.9854,0.9149,1.1618,1.0015,0.9218,1.0107,1.0011,0.9993,32.287,0.0,0.639,0.639,493.337,91.398,571.939
161,2026-05-16T05:34:31.800398+00:00,browsing,ISL,11.791,22.068,11.791,0.74,0.26,23.741,33.443,0.5848,0.4152,0,0.9667,0.0167,0.0167,0.537,0.3514,-0.00633,-0.01718,0,0.9667,0.0167,0.0167,0.345,0.3383,-0.02054,-0.05801,1,0.4539,0.2459,0.3002,3.782,0.6772,0.07823,0.10164,4.664,28.405,0.9667,0.0167,0.0167,0.9667,0.0167,0.0167,0.4539,0.2459,0.3002,0.9667,0.0167,0.0167,0.9667,0.0167,0.0167,0.3654,0.3654,0.2692,1.0255,0.8021,0.7,1.0166,0.8458,0.7288,1.1229,1.013,1.0436,1.1146,0.9854,0.9149,1.1618,1.0015,0.9218,1.0107,1.0011,0.9993,26.21,0.0,2.195,2.195,493.337,93.593,574.134
162,2026-05-16T05:34:37.800829+00:00,browsing,ISL,18.113,25.675,18.113,0.7437,0.2563,30.063,37.05,0.5521,0.4479,0,0.9667,0.0167,0.0167,0.376,0.3516,-0.02238,-0.06226,0,0.9667,0.0167,0.0167,0.446,0.3389,-0.01043,-0.02907,0,0.4726,0.2321,0.2954,0.91,0.5614,-0.20898,-0.56267,1.732,31.795,0.9667,0.0167,0.0167,0.9667,0.0167,0.0167,0.4726,0.2321,0.2954,0.9667,0.0167,0.0167,0.9667,0.0167,0.0167,0.3654,0.3654,0.2692,1.0274,0.8004,0.7,1.0174,0.8443,0.7267,1.144,1.0135,1.0489,1.1146,0.9854,0.9149,1.1618,1.0015,0.9218,1.0107,1.0011,0.9993,32.531,0.0,0.0,0.0,493.337,93.593,574.134
163,2026-05-16T05:34:43.805746+00:00,browsing,ISL,17.926,21.748,17.926,0.7455,0.2545,29.876,33.123,0.5258,0.4742,0,0.9667,0.0167,0.0167,0.424,0.3522,-0.0176,-0.04871,0,0.9667,0.0167,0.0167,0.515,0.3391,-0.0035,-0.00968,0,0.4983,0.2167,0.285,1.502,0.572,-0.14979,-0.37384,2.441,32.317,0.9667,0.0167,0.0167,0.9667,0.0167,0.0167,0.4983,0.2167,0.285,0.9667,0.0167,0.0167,0.9667,0.0167,0.0167,0.3654,0.3654,0.2692,1.0288,0.7986,0.7,1.0177,0.8428,0.7245,1.1569,1.014,1.0541,1.1146,0.9854,0.9149,1.1618,1.0015,0.9218,1.0107,1.0011,0.9993,32.344,0.0,0.0,0.0,493.337,93.593,574.134
164,2026-05-16T05:34:49.817144+00:00,browsing,ISL,18.674,28.646,18.674,0.7466,0.2534,30.624,40.021,0.5665,0.4335,0,0.9667,0.0167,0.0167,0.463,0.3527,-0.01374,-0.03784,0,0.9667,0.0167,0.0167,0.558,0.3392,0.00085,0.00233,0,0.5164,0.2049,0.2786,2.146,0.5784,-0.08541,-0.19701,3.167,33.791,0.9667,0.0167,0.0167,0.9667,0.0167,0.0167,0.5164,0.2049,0.2786,0.9667,0.0167,0.0167,0.9667,0.0167,0.0167,0.3654,0.3654,0.2692,1.0299,0.7968,0.7,1.0176,0.8414,0.7223,1.1631,1.0145,1.0593,1.1146,0.9854,0.9149,1.1618,1.0015,0.9218,1.0107,1.0011,0.9993,33.092,0.0,0.699,0.699,493.337,94.292,574.833
165,2026-05-16T05:34:55.828669+00:00,browsing,ISL,36.323,30.147,36.323,0.7487,0.2513,48.273,41.522,0.4624,0.5376,0,0.9667,0.0167,0.0167,0.392,0.3531,-0.02076,-0.05786,0,0.9667,0.0167,0.0167,0.392,0.3392,-0.01576,-0.04432,2,0.528,0.1962,0.2758,1.55,0.6003,-0.14498,-0.28244,2.335,50.608,0.9667,0.0167,0.0167,0.9667,0.0167,0.0167,0.528,0.1962,0.2758,0.9667,0.0167,0.0167,0.9667,0.0167,0.0167,0.3654,0.3654,0.2692,1.0317,0.7951,0.7,1.0189,0.84,0.7202,1.1764,1.015,1.0686,1.1146,0.9854,0.9149,1.1618,1.0015,0.9218,1.0107,1.0011,0.9993,42.084,6.751,0.0,8.524,500.088,94.292,583.357
166,2026-05-16T05:35:01.836341+00:00,browsing,ISL,14.475,21.749,14.475,0.7479,0.2521,26.425,33.124,0.5562,0.4438,0,0.9667,0.0167,0.0167,0.942,0.3537,0.03424,0.08847,0,0.9667,0.0167,0.0167,1.108,0.3396,0.05583,0.14238,1,0.5449,0.1839,0.2712,2.277,0.6767,-0.07231,-0.1047,4.328,30.753,0.9667,0.0167,0.0167,0.9667,0.0167,0.0167,0.5449,0.1839,0.2712,0.9667,0.0167,0.0167,0.9667,0.0167,0.0167,0.3654,0.3654,0.2692,1.0292,0.7934,0.7,1.0151,0.8385,0.718,1.1896,1.0182,1.0735,1.1146,0.9854,0.9149,1.1618,1.0015,0.9218,1.0107,1.0011,0.9993,28.894,0.0,1.859,1.859,500.088,96.151,585.216
168,2026-05-16T05:35:13.866519+00:00,browsing,ISL,29.512,26.349,29.512,0.7507,0.2493,41.462,37.724,0.4764,0.5236,0,0.9667,0.0167,0.0167,0.67,0.3529,0.00698,0.01868,0,0.9667,0.0167,0.0167,1.815,0.3384,0.1265,0.29577,0,0.5633,0.1736,0.2631,1.103,0.5948,-0.18971,-0.5327,3.588,45.049,0.9667,0.0167,0.0167,0.9667,0.0167,0.0167,0.5633,0.1736,0.2631,0.9667,0.0167,0.0167,0.9667,0.0167,0.0167,0.3757,0.3757,0.2486,1.0287,0.7917,0.7,1.0077,0.8371,0.7159,1.2094,1.0186,1.0782,1.1157,0.985,0.9134,1.1641,1.0015,0.9205,1.015,1.0015,0.9981,38.286,3.738,1.119,6.763,505.023,97.299,592.008
169,2026-05-16T05:35:19.877695+00:00,browsing,ISL,15.389,25.509,15.389,0.7502,0.2498,27.339,36.884,0.5743,0.4257,0,0.9667,0.0167,0.0167,1.032,0.3527,0.04321,0.11006,0,0.9667,0.0167,0.0167,1.366,0.3359,0.08163,0.19963,0,0.5894,0.1599,0.2507,1.209,0.6047,-0.17905,-0.50371,3.608,30.947,0.9667,0.0167,0.0167,0.9667,0.0167,0.0167,0.5894,0.1599,0.2507,0.9667,0.0167,0.0167,0.9667,0.0167,0.0167,0.3757,0.3757,0.2486,1.0257,0.7899,0.7,1.0024,0.8357,0.7138,1.2278,1.019,1.0829,1.1157,0.985,0.9134,1.1641,1.0015,0.9205,1.015,1.0015,0.9981,29.808,0.0,1.14,1.14,505.023,98.438,593.148
170,2026-05-16T05:35:25.883951+00:00,browsing,ISL,14.344,25.642,14.344,0.7528,0.2472,26.294,37.017,0.5847,0.4153,0,0.9667,0.0167,0.0167,0.48,0.3517,-0.01203,-0.03295,0,0.9667,0.0167,0.0167,0.589,0.3341,0.00386,0.01038,0,0.6144,0.147,0.2386,2.042,0.6139,-0.09576,-0.23948,3.111,29.405,0.9667,0.0167,0.0167,0.9667,0.0167,0.0167,0.6144,0.147,0.2386,0.9667,0.0167,0.0167,0.9667,0.0167,0.0167,0.3757,0.3757,0.2486,1.0266,0.7882,0.7,1.0021,0.8343,0.7117,1.2356,1.0193,1.0875,1.1157,0.985,0.9134,1.1641,1.0015,0.9205,1.015,1.0015,0.9981,28.762,0.0,0.642,0.642,505.023,99.081,593.79
173,2026-05-16T05:35:43.901279+00:00,browsing,ISL,34.719,22.467,34.719,0.7566,0.2434,46.669,33.842,0.4203,0.5797,0,0.9667,0.0167,0.0167,1.155,0.352,0.05546,0.13881,0,0.9667,0.0167,0.0167,0.859,0.334,0.03094,0.08023,2,0.6285,0.1386,0.2329,2.013,0.6163,-0.09868,-0.18799,4.027,50.696,0.9667,0.0167,0.0167,0.9667,0.0167,0.0167,0.6285,0.1386,0.2329,0.9667,0.0167,0.0167,0.9667,0.0167,0.0167,0.3955,0.3937,0.2108,1.0229,0.7866,0.7,0.9999,0.8329,0.7096,1.248,1.0197,1.0934,1.1209,0.9843,0.9104,1.1626,1.0014,0.918,1.0211,1.0017,0.9959,34.404,12.827,1.559,16.292,522.802,101.053,613.542
174,2026-05-16T05:35:49.911877+00:00,browsing,ISL,42.833,36.338,42.833,0.7548,0.2452,54.783,47.713,0.4655,0.5345,0,0.9667,0.0167,0.0167,0.34,0.3507,-0.02596,-0.07241,0,0.9667,0.0167,0.0167,0.399,0.3333,-0.01514,-0.04178,1,0.6465,0.1286,0.2249,2.184,0.6798,-0.08161,-0.11963,2.923,57.706,0.9667,0.0167,0.0167,0.9667,0.0167,0.0167,0.6465,0.1286,0.2249,0.9667,0.0167,0.0167,0.9667,0.0167,0.0167,0.3955,0.3937,0.2108,1.025,0.7849,0.7,1.0011,0.8315,0.7075,1.2603,1.0234,1.0978,1.1209,0.9843,0.9104,1.1626,1.0014,0.918,1.0211,1.0017,0.9959,48.275,7.07,0.455,9.431,529.872,101.507,622.973
175,2026-05-16T05:35:55.921841+00:00,browsing,ISL,12.614,21.748,12.614,0.7542,0.2458,24.564,33.123,0.5742,0.4258,0,0.9667,0.0167,0.0167,1.203,0.3514,0.06032,0.14986,0,0.9667,0.0167,0.0167,0.464,0.3337,-0.0086,-0.02353,0,0.6643,0.1201,0.2156,1.853,0.6301,-0.11468,-0.30414,3.52,28.084,0.9667,0.0167,0.0167,0.9667,0.0167,0.0167,0.6643,0.1201,0.2156,0.9667,0.0167,0.0167,0.9667,0.0167,0.0167,0.3955,0.3937,0.2108,1.021,0.7832,0.7,1.0018,0.8301,0.7055,1.2704,1.0236,1.1021,1.1209,0.9843,0.9104,1.1626,1.0014,0.918,1.0211,1.0017,0.9959,27.032,0.0,1.052,1.052,529.872,102.56,624.025
176,2026-05-16T05:36:01.934518+00:00,browsing,ISL,15.275,24.997,15.275,0.7573,0.2427,27.225,36.372,0.5719,0.4281,0,0.9667,0.0167,0.0167,0.38,0.3501,-0.02198,-0.06082,0,0.9667,0.0167,0.0167,0.246,0.3339,-0.03041,-0.08607,2,0.6806,0.1117,0.2077,2.72,0.6245,-0.02801,-0.05034,3.346,30.571,0.9667,0.0167,0.0167,0.9667,0.0167,0.0167,0.6806,0.1117,0.2077,0.9667,0.0167,0.0167,0.9667,0.0167,0.0167,0.3955,0.3937,0.2108,1.0228,0.7815,0.7,1.0044,0.8287,0.7035,1.2823,1.0239,1.1036,1.1209,0.9843,0.9104,1.1626,1.0014,0.918,1.0211,1.0017,0.9959,29.694,0.0,0.878,0.878,529.872,103.437,624.903
177,2026-05-16T05:36:07.938939+00:00,browsing,ISL,19.555,25.25,19.555,0.7598,0.2402,31.505,36.625,0.5376,0.4624,0,0.9667,0.0167,0.0167,0.727,0.3507,0.01271,0.03353,0,0.9667,0.0167,0.0167,0.336,0.3348,-0.02143,-0.05999,0,0.6996,0.1033,0.1971,1.828,0.6411,-0.11717,-0.31841,2.891,34.396,0.9667,0.0167,0.0167,0.9667,0.0167,0.0167,0.6996,0.1033,0.1971,0.9667,0.0167,0.0167,0.9667,0.0167,0.0167,0.3955,0.3937,0.2108,1.0219,0.7799,0.7,1.0062,0.8273,0.7014,1.293,1.0241,1.1077,1.1209,0.9843,0.9104,1.1626,1.0014,0.918,1.0211,1.0017,0.9959,33.974,0.0,0.423,0.423,529.872,103.86,625.325
178,2026-05-16T05:36:13.944175+00:00,browsing,ISL,15.862,29.262,15.862,0.7611,0.2389,27.812,40.637,0.5937,0.4063,0,0.9667,0.0167,0.0167,0.458,0.3503,-0.01417,-0.03878,0,0.9667,0.0167,0.0167,0.283,0.3354,-0.02675,-0.07561,0,0.7159,0.0955,0.1886,1.468,0.6465,-0.15317,-0.44768,2.209,30.021,0.9667,0.0167,0.0167,0.9667,0.0167,0.0167,0.7159,0.0955,0.1886,0.9667,0.0167,0.0167,0.9667,0.0167,0.0167,0.3955,0.3937,0.2108,1.023,0.7783,0.7,1.0084,0.8259,0.7,1.309,1.0243,1.1118,1.1209,0.9843,0.9104,1.1626,1.0014,0.918,1.0211,1.0017,0.9959,30.28,0.0,0.0,0.0,529.872,103.86,625.325
179,2026-05-16T05:36:19.947542+00:00,browsing,ISL,17.299,29.83,17.299,0.7641,0.2359,29.249,41.205,0.5848,0.4152,0,0.9667,0.0167,0.0167,0.477,0.3507,-0.01228,-0.03355,0,0.9667,0.0167,0.0167,0.721,0.3361,0.01714,0.04555,0,0.7367,0.0864,0.1769,2.116,0.6545,-0.0884,-0.23508,3.315,32.564,0.9667,0.0167,0.0167,0.9667,0.0167,0.0167,0.7367,0.0864,0.1769,0.9667,0.0167,0.0167,0.9667,0.0167,0.0167,0.3955,0.3937,0.2108,1.024,0.7766,0.7,1.0072,0.8246,0.7,1.3166,1.0246,1.1158,1.1209,0.9843,0.9104,1.1626,1.0014,0.918,1.0211,1.0017,0.9959,31.718,0.0,0.846,0.846,529.872,104.706,626.172
181,2026-05-16T05:36:31.963013+00:00,youtube,ISL,29.637,26.08,29.637,0.7687,0.2313,41.587,37.455,0.4739,0.5261,0,0.9667,0.0167,0.0167,0.433,0.2731,-0.01673,-0.04607,0,0.9667,0.0167,0.0167,0.261,0.2611,-0.02894,-0.08218,2,0.569,0.0897,0.3413,0.974,0.5109,-0.20257,-0.55889,1.668,43.254,0.9667,0.0167,0.0167,0.9667,0.0167,0.0167,0.569,0.0897,0.3413,0.9667,0.0167,0.0167,0.9667,0.0167,0.0167,0.4912,0.3767,0.1321,1.0253,0.7756,0.7,1.0096,0.8237,0.7,1.3144,1.0413,1.2525,1.1218,0.9841,0.9092,1.1646,1.0015,0.9169,1.0308,1.0009,0.9881,38.038,4.131,0.0,5.217,543.887,104.734,639.806
182,2026-05-16T05:36:37.971810+00:00,youtube,ISL,15.037,25.157,15.037,0.7682,0.2318,26.987,36.532,0.5751,0.4249,0,0.9667,0.0167,0.0167,0.212,0.2734,-0.03876,-0.11056,0,0.9667,0.0167,0.0167,0.705,0.2618,0.01553,0.04141,2,0.5803,0.0788,0.3409,1.056,0.5196,-0.19441,-0.54046,1.974,28.96,0.9667,0.0167,0.0167,0.9667,0.0167,0.0167,0.5803,0.0788,0.3409,0.9667,0.0167,0.0167,0.9667,0.0167,0.0167,0.4912,0.3767,0.1321,1.0287,0.7745,0.7,1.0084,0.8229,0.7,1.3346,1.0434,1.2727,1.1218,0.9841,0.9092,1.1646,1.0015,0.9169,1.0308,1.0009,0.9881,29.063,0.0,0.0,0.0,543.887,104.734,639.806
183,2026-05-16T05:36:43.987135+00:00,youtube,ISL,21.644,25.621,21.644,0.7708,0.2292,33.594,36.996,0.5241,0.4759,0,0.9667,0.0167,0.0167,0.247,0.2743,-0.03528,-0.10043,0,0.9667,0.0167,0.0167,0.208,0.2614,-0.03415,-0.0979,0,0.5919,0.069,0.3391,1.191,0.519,-0.18093,-0.58322,1.646,35.24,0.9667,0.0167,0.0167,0.9667,0.0167,0.0167,0.5919,0.069,0.3391,0.9667,0.0167,0.0167,0.9667,0.0167,0.0167,0.4912,0.3767,0.1321,1.0317,0.7735,0.7,1.0114,0.822,0.7,1.3568,1.0455,1.2846,1.1218,0.9841,0.9092,1.1646,1.0015,0.9169,1.0308,1.0009,0.9881,35.67,0.0,0.0,0.0,543.887,104.734,639.806
184,2026-05-16T05:36:49.996338+00:00,youtube,ISL,13.065,26.214,13.065,0.7715,0.2285,25.015,37.589,0.6004,0.3996,0,0.9667,0.0167,0.0167,0.219,0.2751,-0.03805,-0.10913,0,0.9667,0.0167,0.0167,0.445,0.2622,-0.01046,-0.02901,0,0.6124,0.0604,0.3272,1.86,0.5277,-0.114,-0.32949,2.525,27.54,0.9667,0.0167,0.0167,0.9667,0.0167,0.0167,0.6124,0.0604,0.3272,0.9667,0.0167,0.0167,0.9667,0.0167,0.0167,0.4912,0.3767,0.1321,1.0351,0.7724,0.7,1.0123,0.8212,0.7,1.368,1.0476,1.2965,1.1218,0.9841,0.9092,1.1646,1.0015,0.9169,1.0308,1.0009,0.9881,27.092,0.0,0.449,0.449,543.887,105.182,640.254
185,2026-05-16T05:36:56.010241+00:00,youtube,ISL,16.336,29.102,16.336,0.7751,0.2249,28.286,40.477,0.5886,0.4114,0,0.9667,0.0167,0.0167,0.501,0.276,-0.00987,-0.02721,0,0.9667,0.0167,0.0167,0.733,0.2624,0.01833,0.04881,2,0.6203,0.0545,0.3252,1.148,0.5378,-0.18523,-0.53003,2.382,30.668,0.9667,0.0167,0.0167,0.9667,0.0167,0.0167,0.6203,0.0545,0.3252,0.9667,0.0167,0.0167,0.9667,0.0167,0.0167,0.4912,0.3767,0.1321,1.0358,0.7714,0.7,1.0109,0.8203,0.7,1.3883,1.0496,1.3162,1.1218,0.9841,0.9092,1.1646,1.0015,0.9169,1.0308,1.0009,0.9881,30.362,0.0,0.306,0.306,543.887,105.488,640.56
186,2026-05-16T05:37:02.025761+00:00,youtube,ISL,16.2,29.162,16.2,0.7778,0.2222,28.15,40.537,0.5902,0.4098,0,0.9667,0.0167,0.0167,0.274,0.2762,-0.03257,-0.093,0,0.9667,0.0167,0.0167,0.589,0.2621,0.00391,0.0106,2,0.6315,0.0472,0.3213,1.314,0.546,-0.16864,-0.4772,2.177,30.327,0.9667,0.0167,0.0167,0.9667,0.0167,0.0167,0.6315,0.0472,0.3213,0.9667,0.0167,0.0167,0.9667,0.0167,0.0167,0.4912,0.3767,0.1321,1.0387,0.7704,0.7,1.0106,0.8195,0.7,1.4087,1.0516,1.3335,1.1218,0.9841,0.9092,1.1646,1.0015,0.9169,1.0308,1.0009,0.9881,30.226,0.0,0.101,0.101,543.887,105.589,640.661
187,2026-05-16T05:37:08.038322+00:00,youtube,ISL,30.898,29.276,30.898,0.7805,0.2195,42.848,40.651,0.4868,0.5132,0,0.9667,0.0167,0.0167,0.256,0.277,-0.03443,-0.09888,0,0.9667,0.0167,0.0167,0.734,0.262,0.01842,0.04897,2,0.6445,0.0407,0.3148,1.167,0.5531,-0.1833,-0.54253,2.157,45.005,0.9667,0.0167,0.0167,0.9667,0.0167,0.0167,0.6445,0.0407,0.3148,0.9667,0.0167,0.0167,0.9667,0.0167,0.0167,0.4912,0.3767,0.1321,1.0416,0.7693,0.7,1.0092,0.8187,0.7,1.429,1.0536,1.3537,1.1218,0.9841,0.9092,1.1646,1.0015,0.9169,1.0308,1.0009,0.9881,41.233,2.197,0.081,3.772,546.084,105.67,644.433
188,2026-05-16T05:37:14.355601+00:00,youtube,ISL,20.734,22.278,20.734,0.7803,0.2197,32.684,33.653,0.5073,0.4927,0,0.9667,0.0167,0.0167,0.66,0.2778,0.00596,0.01617,0,0.9667,0.0167,0.0167,0.167,0.2616,-0.03834,-0.11073,0,0.6544,0.0349,0.3107,1.097,0.5557,-0.19027,-0.69088,1.924,34.608,0.9667,0.0167,0.0167,0.9667,0.0167,0.0167,0.6544,0.0349,0.3107,0.9667,0.0167,0.0167,0.9667,0.0167,0.0167,0.4912,0.3767,0.1321,1.0412,0.7683,0.7,1.0126,0.8178,0.7,1.4566,1.0556,1.3648,1.1218,0.9841,0.9092,1.1646,1.0015,0.9169,1.0308,1.0009,0.9881,34.236,0.0,0.0,0.372,546.084,105.67,644.805
189,2026-05-16T05:37:20.056031+00:00,youtube,ISL,19.451,26.87,19.451,0.7806,0.2194,31.401,38.245,0.5491,0.4509,0,0.9667,0.0167,0.0167,2.211,0.2776,0.16111,0.36227,0,0.9667,0.0167,0.0167,0.87,0.2625,0.03195,0.08357,0,0.6801,0.0294,0.2904,2.396,0.5665,-0.06042,-0.17317,5.476,36.877,0.9667,0.0167,0.0167,0.9667,0.0167,0.0167,0.6801,0.0294,0.2904,0.9667,0.0167,0.0167,0.9667,0.0167,0.0167,0.4912,0.3767,0.1321,1.0324,0.7673,0.7,1.0102,0.817,0.7,1.4621,1.0575,1.3757,1.1218,0.9841,0.9092,1.1646,1.0015,0.9169,1.0308,1.0009,0.9881,33.477,0.0,3.4,3.4,546.084,109.07,648.205
190,2026-05-16T05:37:26.080052+00:00,youtube,ISL,22.929,38.621,22.929,0.7821,0.2179,34.879,49.996,0.5891,0.4109,0,0.9667,0.0167,0.0167,0.314,0.2753,-0.02859,-0.08085,0,0.9667,0.0167,0.0167,0.57,0.2619,0.00204,0.00555,0,0.6814,0.0267,0.2919,1.167,0.5686,-0.18334,-0.67608,2.051,36.93,0.9667,0.0167,0.0167,0.9667,0.0167,0.0167,0.6814,0.0267,0.2919,0.9667,0.0167,0.0167,0.9667,0.0167,0.0167,0.4912,0.3767,0.1321,1.0348,0.7662,0.7,1.0101,0.8162,0.7,1.489,1.0594,1.3865,1.1218,0.9841,0.9092,1.1646,1.0015,0.9169,1.0308,1.0009,0.9881,36.955,0.0,0.0,0.0,546.084,109.07,648.205
191,2026-05-16T05:37:32.071848+00:00,youtube,ISL,43.822,38.655,43.822,0.7841,0.2159,55.772,50.03,0.4729,0.5271,0,0.9667,0.0167,0.0167,0.462,0.2759,-0.01381,-0.03828,0,0.9667,0.0167,0.0167,0.221,0.2619,-0.03288,-0.09421,0,0.7054,0.0224,0.2722,1.076,0.579,-0.19239,-0.73283,1.759,57.531,0.9667,0.0167,0.0167,0.9667,0.0167,0.0167,0.7054,0.0224,0.2722,0.9667,0.0167,0.0167,0.9667,0.0167,0.0167,0.4912,0.3767,0.1321,1.0359,0.7652,0.7,1.0129,0.8153,0.7,1.5,1.0613,1.3971,1.1218,0.9841,0.9092,1.1646,1.0015,0.9169,1.0308,1.0009,0.9881,50.612,5.742,0.0,6.919,551.827,109.07,655.124
192,2026-05-16T05:37:38.085690+00:00,youtube,ISL,15.127,25.602,15.127,0.7837,0.2163,27.077,36.977,0.5773,0.4227,0,0.9667,0.0167,0.0167,0.337,0.2762,-0.02633,-0.07444,0,0.9667,0.0167,0.0167,0.497,0.2626,-0.00531,-0.01462,0,0.7281,0.0188,0.2532,1.708,0.5833,-0.12924,-0.42918,2.541,29.618,0.9667,0.0167,0.0167,0.9667,0.0167,0.0167,0.7281,0.0188,0.2532,0.9667,0.0167,0.0167,0.9667,0.0167,0.0167,0.4912,0.3767,0.1321,1.0381,0.7642,0.7,1.0133,0.8145,0.7,1.5,1.0631,1.4074,1.1218,0.9841,0.9092,1.1646,1.0015,0.9169,1.0308,1.0009,0.9881,29.153,0.0,0.465,0.465,551.827,109.535,655.589
193,2026-05-16T05:37:44.092477+00:00,youtube,ISL,36.317,26.336,36.317,0.7862,0.2138,48.267,37.711,0.4386,0.5614,0,0.9667,0.0167,0.0167,0.472,0.2768,-0.0128,-0.03553,0,0.9667,0.0167,0.0167,0.603,0.2627,0.00529,0.01436,0,0.7397,0.0167,0.2436,1.008,0.5833,-0.19916,-0.77164,2.083,50.351,0.9667,0.0167,0.0167,0.9667,0.0167,0.0167,0.7397,0.0167,0.2436,0.9667,0.0167,0.0167,0.9667,0.0167,0.0167,0.4912,0.3767,0.1321,1.0392,0.7632,0.7,1.0129,0.8137,0.7,1.5,1.0649,1.4177,1.1218,0.9841,0.9092,1.1646,1.0015,0.9169,1.0308,1.0009,0.9881,38.293,10.556,0.007,12.057,562.383,109.542,667.647
194,2026-05-16T05:37:50.102417+00:00,youtube,ISL,43.103,36.274,43.103,0.785,0.215,55.053,47.649,0.464,0.536,0,0.9667,0.0167,0.0167,0.342,0.2771,-0.02584,-0.07325,0,0.9667,0.0167,0.0167,0.482,0.2626,-0.00676,-0.01868,0,0.7581,0.0167,0.2252,1.313,0.5833,-0.16874,-0.60809,2.137,57.19,0.9667,0.0167,0.0167,0.9667,0.0167,0.0167,0.7581,0.0167,0.2252,0.9667,0.0167,0.0167,0.9667,0.0167,0.0167,0.4912,0.3767,0.1321,1.0414,0.7622,0.7,1.0135,0.8129,0.7,1.5,1.0667,1.4277,1.1218,0.9841,0.9092,1.1646,1.0015,0.9169,1.0308,1.0009,0.9881,48.231,7.404,0.06,8.959,569.787,109.602,676.605
195,2026-05-16T05:37:56.118233+00:00,youtube,ISL,20.362,25.451,20.362,0.7845,0.2155,32.312,36.826,0.5326,0.4674,0,0.9667,0.0167,0.0167,0.256,0.2777,-0.03436,-0.09892,0,0.9667,0.0167,0.0167,0.239,0.2628,-0.0311,-0.08918,0,0.7751,0.0167,0.2083,1.346,0.5833,-0.16542,-0.59174,1.841,34.154,0.9667,0.0167,0.0167,0.9667,0.0167,0.0167,0.7751,0.0167,0.2083,0.9667,0.0167,0.0167,0.9667,0.0167,0.0167,0.4912,0.3767,0.1321,1.0444,0.7612,0.7,1.0162,0.8121,0.7,1.5,1.0684,1.4375,1.1218,0.9841,0.9092,1.1646,1.0015,0.9169,1.0308,1.0009,0.9881,34.389,0.0,0.0,0.0,569.787,109.602,676.605
196,2026-05-16T05:38:02.119399+00:00,youtube,ISL,29.019,25.982,29.019,0.7855,0.2145,40.969,37.357,0.4769,0.5231,0,0.9667,0.0167,0.0167,0.243,0.2785,-0.03569,-0.1033,0,0.9667,0.0167,0.0167,0.344,0.2635,-0.02056,-0.05815,0,0.7903,0.0167,0.1931,1.063,0.5833,-0.19371,-0.74025,1.65,42.62,0.9667,0.0167,0.0167,0.9667,0.0167,0.0167,0.7903,0.0167,0.1931,0.9667,0.0167,0.0167,0.9667,0.0167,0.0167,0.4912,0.3767,0.1321,1.0475,0.7602,0.7,1.0179,0.8112,0.7,1.5,1.0701,1.4471,1.1218,0.9841,0.9092,1.1646,1.0015,0.9169,1.0308,1.0009,0.9881,37.94,3.612,0.0,4.68,573.399,109.602,681.285
197,2026-05-16T05:38:08.126988+00:00,youtube,ISL,29.939,25.591,29.939,0.785,0.215,41.889,36.966,0.4688,0.5312,0,0.9667,0.0167,0.0167,1.655,0.2793,0.10548,0.25327,0,0.9667,0.0167,0.0167,0.933,0.2639,0.03834,0.09991,2,0.8056,0.0167,0.1777,1.411,0.6003,-0.15887,-0.49902,3.999,45.888,0.9667,0.0167,0.0167,0.9667,0.0167,0.0167,0.8056,0.0167,0.1777,0.9667,0.0167,0.0167,0.9667,0.0167,0.0167,0.4912,0.3767,0.1321,1.041,0.7592,0.7,1.0151,0.8104,0.7,1.5,1.0718,1.4654,1.1218,0.9841,0.9092,1.1646,1.0015,0.9169,1.0308,1.0009,0.9881,37.548,4.923,1.923,8.34,578.322,111.525,689.625
198,2026-05-16T05:38:14.131754+00:00,youtube,ISL,22.224,29.702,22.224,0.7844,0.2156,34.174,41.077,0.5459,0.4541,0,0.9667,0.0167,0.0167,0.557,0.2776,-0.00432,-0.01187,0,0.9667,0.0167,0.0167,0.258,0.2632,-0.02922,-0.08368,0,0.8102,0.0167,0.1732,1.082,0.5833,-0.19183,-0.7297,1.896,36.07,0.9667,0.0167,0.0167,0.9667,0.0167,0.0167,0.8102,0.0167,0.1732,0.9667,0.0167,0.0167,0.9667,0.0167,0.0167,0.4912,0.3767,0.1321,1.0413,0.7582,0.7,1.0177,0.8096,0.7,1.5,1.0735,1.4745,1.1218,0.9841,0.9092,1.1646,1.0015,0.9169,1.0308,1.0009,0.9881,36.25,0.0,0.0,0.0,578.322,111.525,689.625
199,2026-05-16T05:38:20.135317+00:00,youtube,ISL,29.395,26.261,29.395,0.7856,0.2144,41.345,37.636,0.4765,0.5235,0,0.9667,0.0167,0.0167,0.718,0.2777,0.01184,0.03181,0,0.9667,0.0167,0.0167,0.627,0.2638,0.00774,0.02103,0,0.8241,0.0167,0.1592,1.105,0.5833,-0.18953,-0.71691,2.45,43.795,0.9667,0.0167,0.0167,0.9667,0.0167,0.0167,0.8241,0.0167,0.1592,0.9667,0.0167,0.0167,0.9667,0.0167,0.0167,0.4912,0.3767,0.1321,1.0404,0.7572,0.7,1.0171,0.8088,0.7,1.5,1.0751,1.4833,1.1218,0.9841,0.9092,1.1646,1.0015,0.9169,1.0308,1.0009,0.9881,38.219,3.708,0.374,5.576,582.03,111.899,695.202
200,2026-05-16T05:38:26.166616+00:00,youtube,ISL,10.713,21.206,10.713,0.7852,0.2148,22.663,32.581,0.5898,0.4102,0,0.9667,0.0167,0.0167,2.471,0.2775,0.1871,0.4096,0,0.9667,0.0167,0.0167,0.208,0.2637,-0.03415,-0.09878,0,0.8372,0.0167,0.1461,1.036,0.5833,-0.19643,-0.75579,3.715,26.378,0.9667,0.0167,0.0167,0.9667,0.0167,0.0167,0.8372,0.0167,0.1461,0.9667,0.0167,0.0167,0.9667,0.0167,0.0167,0.4912,0.3767,0.1321,1.0307,0.7562,0.7,1.02,0.808,0.7,1.5,1.0768,1.4919,1.1218,0.9841,0.9092,1.1646,1.0015,0.9169,1.0308,1.0009,0.9881,24.739,0.0,1.639,1.639,582.03,113.538,696.84
201,2026-05-16T05:38:32.156372+00:00,youtube,ISL,19.822,25.405,19.822,0.7888,0.2112,31.772,36.78,0.5365,0.4635,0,0.9667,0.0167,0.0167,0.937,0.2748,0.03375,0.08718,0,0.9667,0.0167,0.0167,0.728,0.2645,0.01776,0.04769,0,0.8493,0.0167,0.134,1.442,0.5833,-0.15577,-0.54571,3.107,34.88,0.9667,0.0167,0.0167,0.9667,0.0167,0.0167,0.8493,0.0167,0.134,0.9667,0.0167,0.0167,0.9667,0.0167,0.0167,0.4912,0.3767,0.1321,1.0283,0.7553,0.7,1.0187,0.8072,0.7,1.5,1.0783,1.5,1.1218,0.9841,0.9092,1.1646,1.0015,0.9169,1.0308,1.0009,0.9881,33.848,0.0,1.031,1.031,582.03,114.569,697.872
202,2026-05-16T05:38:38.164129+00:00,youtube,ISL,30.746,29.073,30.746,0.7899,0.2101,42.696,40.448,0.4865,0.5135,0,0.9667,0.0167,0.0167,0.206,0.2742,-0.03944,-0.11295,0,0.9667,0.0167,0.0167,1.535,0.2641,0.09848,0.23841,0,0.8585,0.0167,0.1249,1.986,0.5833,-0.10141,-0.31995,3.726,46.422,0.9667,0.0167,0.0167,0.9667,0.0167,0.0167,0.8585,0.0167,0.1249,0.9667,0.0167,0.0167,0.9667,0.0167,0.0167,0.4912,0.3767,0.1321,1.0317,0.7543,0.7,1.0125,0.8064,0.7,1.5,1.0799,1.5,1.1218,0.9841,0.9092,1.1646,1.0015,0.9169,1.0308,1.0009,0.9881,41.03,2.248,1.65,5.392,584.278,116.219,703.264
203,2026-05-16T05:38:44.169595+00:00,youtube,ISL,11.632,21.694,11.632,0.7897,0.2103,23.582,33.069,0.5837,0.4163,0,0.9667,0.0167,0.0167,0.226,0.2751,-0.03741,-0.10719,0,0.9667,0.0167,0.0167,0.531,0.2625,-0.00185,-0.00508,0,0.8614,0.0167,0.1219,2.68,0.5833,-0.032,-0.09037,3.437,27.02,0.9667,0.0167,0.0167,0.9667,0.0167,0.0167,0.8614,0.0167,0.1219,0.9667,0.0167,0.0167,0.9667,0.0167,0.0167,0.4912,0.3767,0.1321,1.035,0.7533,0.7,1.0127,0.8056,0.7,1.5,1.0814,1.5,1.1218,0.9841,0.9092,1.1646,1.0015,0.9169,1.0308,1.0009,0.9881,25.658,0.0,1.361,1.361,584.278,117.58,704.625
204,2026-05-16T05:38:50.179142+00:00,youtube,ISL,22.443,26.078,22.443,0.7929,0.2071,34.393,37.453,0.5213,0.4787,0,0.9667,0.0167,0.0167,0.216,0.276,-0.03843,-0.11066,0,0.9667,0.0167,0.0167,0.968,0.2625,0.04184,0.10801,0,0.8596,0.0167,0.1238,0.961,0.5833,-0.20388,-0.79956,2.145,36.538,0.9667,0.0167,0.0167,0.9667,0.0167,0.0167,0.8596,0.0167,0.1238,0.9667,0.0167,0.0167,0.9667,0.0167,0.0167,0.4912,0.3767,0.1321,1.0383,0.7523,0.7,1.0097,0.8048,0.7,1.5,1.0829,1.5,1.1218,0.9841,0.9092,1.1646,1.0015,0.9169,1.0308,1.0009,0.9881,36.469,0.0,0.069,0.069,584.278,117.649,704.694
206,2026-05-16T05:39:02.185998+00:00,youtube,ISL,12.297,21.78,12.297,0.7931,0.2069,24.247,33.155,0.5776,0.4224,0,0.9667,0.0167,0.0167,0.481,0.2769,-0.01193,-0.0331,0,0.9667,0.0167,0.0167,0.3,0.2618,-0.02495,-0.07061,0,0.8701,0.0167,0.1132,0.969,0.5833,-0.20311,-0.79494,1.75,25.997,0.9667,0.0167,0.0167,0.9667,0.0167,0.0167,0.8701,0.0167,0.1132,0.9667,0.0167,0.0167,0.9667,0.0167,0.0167,0.5003,0.3772,0.1224,1.0393,0.7514,0.7,1.0118,0.804,0.7,1.5,1.0844,1.5,1.1247,0.9839,0.908,1.1667,1.0016,0.9159,1.0331,1.0011,0.9873,26.323,0.0,0.0,0.0,584.278,117.79,704.834
207,2026-05-16T05:39:08.192577+00:00,youtube,ISL,22.091,25.406,22.091,0.796,0.204,34.041,36.781,0.5193,0.4807,0,0.9667,0.0167,0.0167,0.545,0.2771,-0.00554,-0.01523,0,0.9667,0.0167,0.0167,0.451,0.2623,-0.00992,-0.0275,0,0.8799,0.0167,0.1035,1.361,0.5833,-0.16393,-0.58447,2.356,36.398,0.9667,0.0167,0.0167,0.9667,0.0167,0.0167,0.8799,0.0167,0.1035,0.9667,0.0167,0.0167,0.9667,0.0167,0.0167,0.5003,0.3772,0.1224,1.0397,0.7504,0.7,1.0126,0.8032,0.7,1.5,1.0859,1.5,1.1247,0.9839,0.908,1.1667,1.0016,0.9159,1.0331,1.0011,0.9873,36.118,0.0,0.28,0.28,584.278,118.069,705.114
208,2026-05-16T05:39:14.202701+00:00,youtube,ISL,9.603,26.342,9.603,0.7965,0.2035,21.553,37.717,0.6364,0.3636,0,0.9667,0.0167,0.0167,1.434,0.2773,0.08342,0.20417,0,0.9667,0.0167,0.0167,0.287,0.2625,-0.02628,-0.07472,0,0.8881,0.0167,0.0953,1.1,0.5833,-0.19004,-0.7197,2.821,24.374,0.9667,0.0167,0.0167,0.9667,0.0167,0.0167,0.8881,0.0167,0.0953,0.9667,0.0167,0.0167,0.9667,0.0167,0.0167,0.5003,0.3772,0.1224,1.0344,0.7494,0.7,1.0149,0.8024,0.7,1.5,1.0873,1.5,1.1247,0.9839,0.908,1.1667,1.0016,0.9159,1.0331,1.0011,0.9873,23.629,0.0,0.745,0.745,584.278,118.814,705.858
210,2026-05-16T05:39:26.249833+00:00,mixed,ISL,20.289,29.413,20.289,0.8024,0.1976,32.239,40.788,0.5585,0.4415,0,0.9667,0.0167,0.0167,0.357,0.3152,-0.02433,-0.06849,0,0.9667,0.0167,0.0167,0.439,0.3007,-0.01113,-0.03101,0,0.4592,0.1605,0.3803,1.425,0.6226,-0.15746,-0.32615,2.221,34.459,0.9667,0.0167,0.0167,0.9667,0.0167,0.0167,0.4592,0.1605,0.3803,0.9667,0.0167,0.0167,0.9667,0.0167,0.0167,0.4132,0.3687,0.2181,1.0364,0.7482,0.7,1.0158,0.8014,0.7,1.1783,1.0096,1.1236,1.1268,0.9837,0.9068,1.1714,1.0017,0.9149,1.0183,1.0002,0.9945,34.991,0.0,0.0,0.0,591.059,118.9,711.231
211,2026-05-16T05:39:32.229046+00:00,mixed,ISL,30.946,29.15,30.946,0.8039,0.1961,42.896,40.525,0.4858,0.5142,0,0.9667,0.0167,0.0167,0.475,0.3159,-0.01247,-0.03456,0,0.9667,0.0167,0.0167,0.205,0.301,-0.03451,-0.09974,1,0.4691,0.1532,0.3777,2.725,0.6581,-0.02747,-0.03467,3.405,46.302,0.9667,0.0167,0.0167,0.9667,0.0167,0.0167,0.4691,0.1532,0.3777,0.9667,0.0167,0.0167,0.9667,0.0167,0.0167,0.4132,0.3687,0.2181,1.0374,0.747,0.7,1.0188,0.8004,0.7,1.1842,1.0106,1.1279,1.1268,0.9837,0.9068,1.1714,1.0017,0.9149,1.0183,1.0002,0.9945,41.089,2.371,0.653,5.212,593.43,119.553,716.443
212,2026-05-16T05:39:38.239959+00:00,mixed,ISL,13.705,21.237,13.705,0.8037,0.1963,25.655,32.612,0.5597,0.4403,0,0.9667,0.0167,0.0167,0.256,0.3162,-0.03439,-0.09862,0,0.9667,0.0167,0.0167,0.318,0.3019,-0.02318,-0.06603,0,0.4746,0.1476,0.3779,2.504,0.6316,-0.04958,-0.09242,3.078,28.734,0.9667,0.0167,0.0167,0.9667,0.0167,0.0167,0.4746,0.1476,0.3779,0.9667,0.0167,0.0167,0.9667,0.0167,0.0167,0.4132,0.3687,0.2181,1.0404,0.7458,0.7,1.0208,0.7994,0.7,1.187,1.0107,1.1321,1.1268,0.9837,0.9068,1.1714,1.0017,0.9149,1.0183,1.0002,0.9945,28.407,0.0,0.326,0.326,593.43,119.88,716.77
213,2026-05-16T05:39:44.262980+00:00,mixed,ISL,29.668,21.403,29.668,0.8058,0.1942,41.618,32.778,0.4406,0.5594,0,0.9667,0.0167,0.0167,0.502,0.3171,-0.00977,-0.02708,0,0.9667,0.0167,0.0167,0.705,0.3024,0.01551,0.04181,2,0.4775,0.1425,0.38,1.89,0.6038,-0.11095,-0.21013,3.098,44.716,0.9667,0.0167,0.0167,0.9667,0.0167,0.0167,0.4775,0.1425,0.38,0.9667,0.0167,0.0167,0.9667,0.0167,0.0167,0.4132,0.3687,0.2181,1.0412,0.7447,0.7,1.0196,0.7984,0.7,1.1928,1.0107,1.1388,1.1268,0.9837,0.9068,1.1714,1.0017,0.9149,1.0183,1.0002,0.9945,33.342,8.841,0.346,11.374,602.271,120.225,728.144
214,2026-05-16T05:39:50.256069+00:00,mixed,ISL,96.419,30.903,96.419,0.8045,0.1955,108.369,42.278,0.2806,0.7194,0,0.9667,0.0167,0.0167,0.708,0.3173,0.01083,0.02913,0,0.9667,0.0167,0.0167,0.234,0.3021,-0.0316,-0.09128,2,0.4814,0.1365,0.3821,2.056,0.6074,-0.09444,-0.17686,2.998,111.366,0.9667,0.0167,0.0167,0.9667,0.0167,0.0167,0.4814,0.1365,0.3821,0.9667,0.0167,0.0167,0.9667,0.0167,0.0167,0.4132,0.3687,0.2181,1.0404,0.7435,0.7,1.0223,0.7974,0.7,1.1985,1.0108,1.1444,1.1268,0.9837,0.9068,1.1714,1.0017,0.9149,1.0183,1.0002,0.9945,42.842,66.091,0.246,68.524,668.361,120.471,796.668
