ho_id,timestamp,task_type,path,isl_ms,gnd_ms,prop_ms,path_p_isl,path_p_gnd,access_cost_isl,access_cost_gnd,inv_cost_p_isl,inv_cost_p_gnd,amf_inst,amf_p0,amf_p1,amf_p2,amf_ms,amf_rho,amf_x,amf_cost,smf_inst,smf_p0,smf_p1,smf_p2,smf_ms,smf_rho,smf_x,smf_cost,upf_inst,upf_p0,upf_p1,upf_p2,upf_ms,upf_rho,upf_x,upf_cost,core_ms,total_ms,on_amf_p0,on_amf_p1,on_amf_p2,on_smf_p0,on_smf_p1,on_smf_p2,on_upf_p0,on_upf_p1,on_upf_p2,gnd_amf_p0,gnd_amf_p1,gnd_amf_p2,gnd_smf_p0,gnd_smf_p1,gnd_smf_p2,gnd_upf_p0,gnd_upf_p1,gnd_upf_p2,on_amf_B0,on_amf_B1,on_amf_B2,on_smf_B0,on_smf_B1,on_smf_B2,on_upf_B0,on_upf_B1,on_upf_B2,gnd_amf_B0,gnd_amf_B1,gnd_amf_B2,gnd_smf_B0,gnd_smf_B1,gnd_smf_B2,gnd_upf_B0,gnd_upf_B1,gnd_upf_B2,B_isl,B_gnd,Q_isl,Q_gnd,gamma_isl,gamma_gnd,global_oracle_ms,access_regret_ms,inst_regret_ms,global_regret_ms,cum_access_regret_ms,cum_inst_regret_ms,cum_global_regret_ms
1,2026-05-17T00:00:48.150930+00:00,mixed,GND,16.717,40.197,40.197,0.5,0.5,22.042,45.906,0.6756,0.3244,2,0.3333,0.3333,0.3333,0.122,0.1219,-0.02276,-0.05108,0,0.3333,0.3333,0.3333,0.205,0.0476,-0.01248,-0.07244,0,0.3333,0.3333,0.3333,0.071,0.0324,-0.01791,-0.15955,0.399,46.304,0.3333333333333333,0.3333333333333333,0.3333333333333333,0.3333333333333333,0.3333333333333333,0.3333333333333333,0.3333333333333333,0.3333333333333333,0.3333333333333333,0.3333,0.3333,0.3333,0.3333,0.3333,0.3333,0.3333,0.3333,0.3333,1.0,1.0,1.0,1.0,1.0,1.0,1.0,1.0,1.0,1.0,1.0,1.0,1.0,1.0,1.0,1.0,1.0,1.0,0.0609,0.0564,0.0,0.1436,0.0,0.2,24.262,23.863,0.0,22.042,23.863,0.0,22.042
2,2026-05-17T00:00:54.161331+00:00,mixed,ISL,41.062,40.533,41.062,0.5,0.5,46.769,46.368,0.4978,0.5022,2,0.3333,0.3333,0.3333,0.261,0.1778,-0.03393,-0.05223,1,0.3333,0.3333,0.3333,0.945,0.127,0.03949,0.07967,2,0.3333,0.3333,0.3333,1.965,0.1778,-0.10354,-0.16878,3.17,49.94,0.3333,0.3333,0.3333,0.3333,0.3333,0.3333,0.3333,0.3333,0.3333,0.3333333333333333,0.3333333333333333,0.3333333333333333,0.3333333333333333,0.3333333333333333,0.3333333333333333,0.3333333333333333,0.3333333333333333,0.3333333333333333,1.0,1.0,1.0,1.0,1.0,1.0,1.0,1.0,1.0,1.0,1.0,1.0,1.0,1.0,1.0,1.0,1.0,1.0,0.06962,0.06152,0.18038,0.08208,0.25,0.0,47.253,0.402,0.951,2.687,24.265,0.951,24.729
3,2026-05-17T00:01:00.158893+00:00,mixed,ISL,12.019,26.013,12.019,0.5,0.5,18.065,31.957,0.6389,0.3611,0,0.3333,0.3333,0.3333,0.165,0.1016,-0.04347,-0.12115,2,0.3333,0.3333,0.3333,0.269,0.1616,-0.02809,-0.04745,2,0.3333,0.3333,0.3333,0.258,0.1778,-0.27417,-0.52976,0.693,18.758,0.3333,0.3333,0.3333,0.3333,0.3333,0.3333,0.3333,0.3333,0.3333,0.3333333333333333,0.3333333333333333,0.3333333333333333,0.3333333333333333,0.3333333333333333,0.3333333333333333,0.3333333333333333,0.3333333333333333,0.3333333333333333,1.0,1.0,1.0,1.0,1.0,1.0,1.0,1.0,1.0,1.0,1.0,1.0,1.0,1.0,1.0,1.0,1.0,1.0,0.0766,0.06562,0.10378,0.21646,0.25,0.0,20.284,0.0,0.0,0.0,24.265,0.951,24.729
4,2026-05-17T00:01:06.184248+00:00,mixed,ISL,31.868,30.65,31.868,0.5,0.5,38.209,36.687,0.4898,0.5102,2,0.3333,0.3333,0.3333,0.279,0.1778,-0.03213,-0.04939,1,0.3333,0.3333,0.3333,0.178,0.127,-0.03722,-0.08138,0,0.3333,0.3333,0.3333,0.484,0.1778,-0.25163,-0.47393,0.94,39.15,0.3333,0.3333,0.3333,0.3333,0.3333,0.3333,0.3333,0.3333,0.3333,0.3333333333333333,0.3333333333333333,0.3333333333333333,0.3333333333333333,0.3333333333333333,0.3333333333333333,0.3333333333333333,0.3333333333333333,0.3333333333333333,1.0,1.0,1.0,1.0,1.0,1.0,1.0,1.0,1.0,1.0,1.0,1.0,1.0,1.0,1.0,1.0,1.0,1.0,0.08218,0.06889,0.27161,0.14757,0.25,0.0,37.572,1.522,0.0,1.577,25.787,0.951,26.306
5,2026-05-17T00:01:12.196767+00:00,mixed,GND,16.328,21.788,21.788,0.5,0.5,22.923,27.904,0.549,0.451,0,0.3333,0.3333,0.3333,0.324,0.061,-0.00262,-0.01154,2,0.3333,0.3333,0.3333,0.084,0.1088,-0.02458,-0.06211,2,0.3333,0.3333,0.3333,0.515,0.0816,0.02651,0.08304,0.923,28.827,0.3333333333333333,0.3333333333333333,0.3333333333333333,0.3333333333333333,0.3333333333333333,0.3333333333333333,0.3333333333333333,0.3333333333333333,0.3333333333333333,0.3333,0.3333,0.3333,0.3333,0.3333,0.3333,0.3333,0.3333,0.3333,1.0,1.0,1.0,1.0,1.0,1.0,1.0,1.0,1.0,1.0,1.0,1.0,1.0,1.0,1.0,1.0,1.0,1.0,0.08664,0.07151,0.43497,0.07606,0.0,0.2,25.143,4.981,0.038,3.684,30.768,0.989,29.991
6,2026-05-17T00:01:18.204022+00:00,mixed,GND,26.276,33.613,33.613,0.5,0.5,33.087,39.796,0.546,0.454,1,0.3333,0.3333,0.3333,0.097,0.0871,-0.02526,-0.0805,1,0.3333,0.3333,0.3333,0.059,0.0762,-0.02714,-0.09982,0,0.3333,0.3333,0.3333,0.109,0.0324,-0.01413,-0.12369,0.265,40.061,0.3333333333333333,0.3333333333333333,0.3333333333333333,0.3333333333333333,0.3333333333333333,0.3333333333333333,0.3333333333333333,0.3333333333333333,0.3333333333333333,0.3333,0.3333,0.3333,0.3333,0.3333,0.3333,0.3333,0.3333,0.3333,1.0,1.0,1.0,1.0,1.0,1.0,1.0,1.0,1.0,1.0,1.0,1.0,1.0,1.0,1.0,1.0,1.0,1.0,0.09021,0.07361,0.59475,0.00245,0.0,0.2,35.307,6.709,0.0,4.754,37.477,0.989,34.745
7,2026-05-17T00:01:24.214399+00:00,mixed,GND,36.156,29.381,29.381,0.5,0.5,43.148,35.619,0.4522,0.5478,2,0.3333,0.3333,0.3333,0.666,0.1219,0.03162,0.06688,0,0.3333,0.3333,0.3333,0.121,0.0476,-0.02094,-0.12475,0,0.3333,0.3333,0.3333,0.063,0.0324,-0.01874,-0.16758,0.849,36.468,0.3333333333333333,0.3333333333333333,0.3333333333333333,0.3333333333333333,0.3333333333333333,0.3333333333333333,0.3333333333333333,0.3333333333333333,0.3333333333333333,0.3333,0.3333,0.3333,0.3333,0.3333,0.3333,0.3333,0.3333,0.3333,1.0,1.0,1.0,1.0,1.0,1.0,1.0,1.0,1.0,1.0,1.0,1.0,1.0,1.0,1.0,1.0,1.0,1.0,0.09307,0.07529,0.75168,0.0,0.0,0.2,36.504,0.0,0.0,0.0,37.477,0.989,34.745
8,2026-05-17T00:01:30.229289+00:00,mixed,ISL,16.921,26.256,16.921,0.5,0.5,24.065,32.539,0.5749,0.4251,0,0.3333,0.3333,0.3333,0.284,0.1016,-0.03161,-0.08663,0,0.3333,0.3333,0.3333,0.276,0.0988,-0.02738,-0.07681,2,0.3333,0.3333,0.3333,0.227,0.1778,-0.27731,-0.53779,0.787,24.852,0.3333,0.3333,0.3333,0.3333,0.3333,0.3333,0.3333,0.3333,0.3333,0.3333333333333333,0.3333333333333333,0.3333333333333333,0.3333333333333333,0.3333333333333333,0.3333333333333333,0.3333333333333333,0.3333333333333333,0.3333333333333333,1.0,1.0,1.0,1.0,1.0,1.0,1.0,1.0,1.0,1.0,1.0,1.0,1.0,1.0,1.0,1.0,1.0,1.0,0.09536,0.07663,0.90633,0.0,0.25,0.0,26.284,0.0,0.0,0.0,37.477,0.989,34.745
9,2026-05-17T00:01:36.245389+00:00,mixed,GND,32.067,25.39,25.39,0.5,0.5,39.335,31.71,0.4463,0.5537,0,0.3333,0.3333,0.3333,0.225,0.061,-0.01249,-0.0562,2,0.3333,0.3333,0.3333,0.074,0.1088,-0.02559,-0.06475,2,0.3333,0.3333,0.3333,0.34,0.0816,0.00903,0.02907,0.639,32.349,0.3333333333333333,0.3333333333333333,0.3333333333333333,0.3333333333333333,0.3333333333333333,0.3333333333333333,0.3333333333333333,0.3333333333333333,0.3333333333333333,0.3333,0.3333,0.3333,0.3333,0.3333,0.3333,0.3333,0.3333,0.3333,1.0,1.0,1.0,1.0,1.0,1.0,1.0,1.0,1.0,1.0,1.0,1.0,1.0,1.0,1.0,1.0,1.0,1.0,0.09719,0.07771,1.05914,0.0,0.0,0.2,32.595,0.0,0.0,0.0,37.477,0.989,34.745
10,2026-05-17T00:01:42.264686+00:00,mixed,GND,24.254,31.134,31.134,0.5,0.5,31.624,37.484,0.5424,0.4576,2,0.3333,0.3333,0.3333,0.119,0.1219,-0.02308,-0.05182,0,0.3333,0.3333,0.3333,0.133,0.0476,-0.01968,-0.1168,2,0.3333,0.3333,0.3333,0.58,0.0816,0.03299,0.10235,0.832,38.316,0.3333333333333333,0.3333333333333333,0.3333333333333333,0.3333333333333333,0.3333333333333333,0.3333333333333333,0.3333333333333333,0.3333333333333333,0.3333333333333333,0.3333,0.3333,0.3333,0.3333,0.3333,0.3333,0.3333,0.3333,0.3333,1.0,1.0,1.0,1.0,1.0,1.0,1.0,1.0,1.0,1.0,1.0,1.0,1.0,1.0,1.0,1.0,1.0,1.0,0.09865,0.07856,1.21049,0.0,0.0,0.2,33.844,5.86,0.0,4.472,43.337,0.989,39.217
11,2026-05-17T00:01:48.256050+00:00,mixed,GND,19.435,24.983,24.983,0.5,0.5,26.89,31.358,0.5384,0.4616,2,0.3333,0.3333,0.3333,0.203,0.1219,-0.01472,-0.03274,0,0.3333,0.3333,0.3333,0.075,0.0476,-0.02546,-0.1538,1,0.3333,0.3333,0.3333,0.109,0.0571,-0.01408,-0.06796,0.387,31.745,0.3333333333333333,0.3333333333333333,0.3333333333333333,0.3333333333333333,0.3333333333333333,0.3333333333333333,0.3333333333333333,0.3333333333333333,0.3333333333333333,0.3333,0.3333,0.3333,0.3333,0.3333,0.3333,0.3333,0.3333,0.3333,1.0,1.0,1.0,1.0,1.0,1.0,1.0,1.0,1.0,1.0,1.0,1.0,1.0,1.0,1.0,1.0,1.0,1.0,0.09982,0.07925,1.11067,0.12075,0.0,0.2,29.109,4.468,0.0,2.636,47.805,0.989,41.853
12,2026-05-17T00:01:54.283635+00:00,mixed,ISL,17.546,29.074,17.546,0.5,0.5,25.068,35.468,0.5859,0.4141,2,0.3333,0.3333,0.3333,0.29,0.1778,-0.03098,-0.04759,1,0.3333,0.3333,0.3333,0.64,0.127,0.00899,0.0187,0,0.3333,0.3333,0.3333,0.688,0.1778,-0.23119,-0.42586,1.618,26.686,0.3333,0.3333,0.3333,0.3333,0.3333,0.3333,0.3333,0.3333,0.3333,0.3333333333333333,0.3333333333333333,0.3333333333333333,0.3333333333333333,0.3333333333333333,0.3333333333333333,0.3333333333333333,0.3333333333333333,0.3333333333333333,1.0,1.0,1.0,1.0,1.0,1.0,1.0,1.0,1.0,1.0,1.0,1.0,1.0,1.0,1.0,1.0,1.0,1.0,0.10075,0.0798,1.25992,0.04095,0.25,0.0,27.288,0.0,0.0,0.0,47.805,0.989,41.853
13,2026-05-17T00:02:00.282357+00:00,mixed,GND,29.838,26.89,26.89,0.5,0.5,37.416,33.301,0.4709,0.5291,0,0.3333,0.3333,0.3333,0.166,0.061,-0.01839,-0.08388,0,0.3333,0.3333,0.3333,0.265,0.0476,-0.00652,-0.03718,1,0.3333,0.3333,0.3333,0.251,0.0571,0.00014,0.00067,0.682,33.983,0.3333333333333333,0.3333333333333333,0.3333333333333333,0.3333333333333333,0.3333333333333333,0.3333333333333333,0.3333333333333333,0.3333333333333333,0.3333333333333333,0.3333,0.3333,0.3333,0.3333,0.3333,0.3333,0.3333,0.3333,0.3333,1.0,1.0,1.0,1.0,1.0,1.0,1.0,1.0,1.0,1.0,1.0,1.0,1.0,1.0,1.0,1.0,1.0,1.0,0.1015,0.08024,1.40842,0.0,0.0,0.2,34.186,0.0,0.0,0.0,47.805,0.989,41.853
14,2026-05-17T00:02:06.304292+00:00,mixed,GND,12.32,21.684,21.684,0.5,0.5,19.943,28.108,0.585,0.415,1,0.3333,0.3333,0.3333,0.686,0.0871,0.03356,0.09784,1,0.3333,0.3333,0.3333,0.18,0.0762,-0.01502,-0.05401,2,0.3333,0.3333,0.3333,0.229,0.0816,-0.00213,-0.00699,1.094,29.202,0.3333333333333333,0.3333333333333333,0.3333333333333333,0.3333333333333333,0.3333333333333333,0.3333333333333333,0.3333333333333333,0.3333333333333333,0.3333333333333333,0.3333,0.3333,0.3333,0.3333,0.3333,0.3333,0.3333,0.3333,0.3333,1.0,1.0,1.0,1.0,1.0,1.0,1.0,1.0,1.0,1.0,1.0,1.0,1.0,1.0,1.0,1.0,1.0,1.0,0.1021,0.08059,1.30631,0.11941,0.0,0.2,22.163,8.165,0.209,7.039,55.969,1.198,48.892
15,2026-05-17T00:02:12.313137+00:00,mixed,ISL,21.55,25.024,21.55,0.5,0.5,29.209,31.459,0.5185,0.4815,0,0.3333,0.3333,0.3333,0.249,0.1016,-0.03506,-0.09656,0,0.3333,0.3333,0.3333,0.054,0.0988,-0.04965,-0.14393,2,0.3333,0.3333,0.3333,2.262,0.1778,-0.07376,-0.11726,2.565,31.774,0.3333,0.3333,0.3333,0.3333,0.3333,0.3333,0.3333,0.3333,0.3333,0.3333333333333333,0.3333333333333333,0.3333333333333333,0.3333333333333333,0.3333333333333333,0.3333333333333333,0.3333333333333333,0.3333333333333333,0.3333333333333333,1.0,1.0,1.0,1.0,1.0,1.0,1.0,1.0,1.0,1.0,1.0,1.0,1.0,1.0,1.0,1.0,1.0,1.0,0.10258,0.08087,1.45373,0.03853,0.25,0.0,31.429,0.0,0.346,0.346,55.969,1.543,49.237
16,2026-05-17T00:02:18.324586+00:00,mixed,GND,20.944,25.915,25.915,0.5,0.5,28.632,32.357,0.5305,0.4695,1,0.3333,0.3333,0.3333,0.225,0.0871,-0.01248,-0.03898,0,0.3333,0.3333,0.3333,0.198,0.0476,-0.01319,-0.07676,2,0.3333,0.3333,0.3333,0.118,0.0816,-0.01319,-0.04406,0.541,32.898,0.3333333333333333,0.3333333333333333,0.3333333333333333,0.3333333333333333,0.3333333333333333,0.3333333333333333,0.3333333333333333,0.3333333333333333,0.3333333333333333,0.3333,0.3333,0.3333,0.3333,0.3333,0.3333,0.3333,0.3333,0.3333,1.0,1.0,1.0,1.0,1.0,1.0,1.0,1.0,1.0,1.0,1.0,1.0,1.0,1.0,1.0,1.0,1.0,1.0,0.10297,0.0811,1.60076,0.0,0.0,0.2,30.851,3.726,0.0,2.047,59.695,1.543,51.284
17,2026-05-17T00:02:24.335936+00:00,mixed,ISL,43.375,36.417,43.375,0.5,0.5,51.086,42.866,0.4563,0.5437,2,0.3333,0.3333,0.3333,0.451,0.1778,-0.01487,-0.02256,2,0.3333,0.3333,0.3333,0.523,0.1616,-0.00272,-0.0045,2,0.3333,0.3333,0.3333,1.254,0.1778,-0.1746,-0.30368,2.228,53.314,0.3333,0.3333,0.3333,0.3333,0.3333,0.3333,0.3333,0.3333,0.3333,0.3333333333333333,0.3333333333333333,0.3333333333333333,0.3333333333333333,0.3333333333333333,0.3333333333333333,0.3333333333333333,0.3333333333333333,0.3333333333333333,1.0,1.0,1.0,1.0,1.0,1.0,1.0,1.0,1.0,1.0,1.0,1.0,1.0,1.0,1.0,1.0,1.0,1.0,0.10327,0.08128,1.49749,0.11872,0.25,0.0,43.751,8.22,0.008,9.563,67.915,1.552,60.847
18,2026-05-17T00:02:30.350524+00:00,mixed,GND,20.054,25.589,25.589,0.5,0.5,27.784,32.044,0.5356,0.4644,0,0.3333,0.3333,0.3333,0.173,0.061,-0.01774,-0.08077,0,0.3333,0.3333,0.3333,0.058,0.0476,-0.02719,-0.16519,0,0.3333,0.3333,0.3333,0.193,0.0324,-0.00575,-0.04851,0.423,32.467,0.3333333333333333,0.3333333333333333,0.3333333333333333,0.3333333333333333,0.3333333333333333,0.3333333333333333,0.3333333333333333,0.3333333333333333,0.3333333333333333,0.3333,0.3333,0.3333,0.3333,0.3333,0.3333,0.3333,0.3333,0.3333,1.0,1.0,1.0,1.0,1.0,1.0,1.0,1.0,1.0,1.0,1.0,1.0,1.0,1.0,1.0,1.0,1.0,1.0,0.10352,0.08142,1.39397,0.2373,0.0,0.2,30.004,4.26,0.0,2.464,72.175,1.552,63.311
19,2026-05-17T00:02:36.368147+00:00,mixed,ISL,31.422,29.815,31.422,0.5,0.5,39.168,36.274,0.4808,0.5192,1,0.3333,0.3333,0.3333,1.033,0.1422,0.04332,0.07809,2,0.3333,0.3333,0.3333,0.412,0.1616,-0.01377,-0.02298,0,0.3333,0.3333,0.3333,0.209,0.1778,-0.27913,-0.54248,1.654,40.822,0.3333,0.3333,0.3333,0.3333,0.3333,0.3333,0.3333,0.3333,0.3333,0.3333333333333333,0.3333333333333333,0.3333333333333333,0.3333333333333333,0.3333333333333333,0.3333333333333333,0.3333333333333333,0.3333333333333333,0.3333333333333333,1.0,1.0,1.0,1.0,1.0,1.0,1.0,1.0,1.0,1.0,1.0,1.0,1.0,1.0,1.0,1.0,1.0,1.0,0.10371,0.08154,1.29026,0.35576,0.25,0.0,37.159,2.893,0.0,3.662,75.068,1.552,66.973
20,2026-05-17T00:02:42.384046+00:00,mixed,GND,18.781,20.985,20.985,0.5,0.5,26.539,27.448,0.5084,0.4916,2,0.3333,0.3333,0.3333,0.402,0.1219,0.00522,0.01135,2,0.3333,0.3333,0.3333,0.216,0.1088,-0.01136,-0.02823,2,0.3333,0.3333,0.3333,0.113,0.0816,-0.01367,-0.04568,0.732,28.18,0.3333333333333333,0.3333333333333333,0.3333333333333333,0.3333333333333333,0.3333333333333333,0.3333333333333333,0.3333333333333333,0.3333333333333333,0.3333333333333333,0.3333,0.3333,0.3333,0.3333,0.3333,0.3333,0.3333,0.3333,0.3333,1.0,1.0,1.0,1.0,1.0,1.0,1.0,1.0,1.0,1.0,1.0,1.0,1.0,1.0,1.0,1.0,1.0,1.0,0.10387,0.08163,1.43639,0.27413,0.0,0.2,28.333,0.909,0.0,0.0,75.977,1.552,66.973
21,2026-05-17T00:02:48.399813+00:00,mixed,GND,19.862,29.865,29.865,0.5,0.5,27.63,36.33,0.568,0.432,1,0.3333,0.3333,0.3333,0.635,0.0871,0.02852,0.08374,2,0.3333,0.3333,0.3333,0.505,0.1088,0.01751,0.042,0,0.3333,0.3333,0.3333,0.261,0.0324,0.00112,0.00917,1.401,37.732,0.3333333333333333,0.3333333333333333,0.3333333333333333,0.3333333333333333,0.3333333333333333,0.3333333333333333,0.3333333333333333,0.3333333333333333,0.3333333333333333,0.3333,0.3333,0.3333,0.3333,0.3333,0.3333,0.3333,0.3333,0.3333,1.0,1.0,1.0,1.0,1.0,1.0,1.0,1.0,1.0,1.0,1.0,1.0,1.0,1.0,1.0,1.0,1.0,1.0,0.104,0.0817,1.58239,0.19242,0.0,0.2,29.849,8.701,0.516,7.883,84.678,2.068,74.856
22,2026-05-17T00:02:54.410054+00:00,mixed,GND,35.294,29.207,29.207,0.5,0.5,43.069,35.675,0.4531,0.5469,2,0.3333,0.3333,0.3333,0.238,0.1219,-0.01116,-0.02471,0,0.3333,0.3333,0.3333,0.357,0.0476,0.00271,0.01504,0,0.3333,0.3333,0.3333,0.13,0.0324,-0.01199,-0.10399,0.726,36.4,0.3333333333333333,0.3333333333333333,0.3333333333333333,0.3333333333333333,0.3333333333333333,0.3333333333333333,0.3333333333333333,0.3333333333333333,0.3333333333333333,0.3333,0.3333,0.3333,0.3333,0.3333,0.3333,0.3333,0.3333,0.3333,1.0,1.0,1.0,1.0,1.0,1.0,1.0,1.0,1.0,1.0,1.0,1.0,1.0,1.0,1.0,1.0,1.0,1.0,0.1041,0.08176,1.47829,0.31066,0.0,0.2,36.56,0.0,0.0,0.0,84.678,2.068,74.856
23,2026-05-17T00:03:00.413884+00:00,mixed,ISL,34.694,21.642,34.694,0.5,0.5,42.476,28.112,0.3983,0.6017,1,0.3333,0.3333,0.3333,0.18,0.1422,-0.04202,-0.08207,0,0.3333,0.3333,0.3333,0.236,0.0988,-0.03138,-0.08852,0,0.3333,0.3333,0.3333,0.731,0.1778,-0.22686,-0.41595,1.147,43.623,0.3333,0.3333,0.3333,0.3333,0.3333,0.3333,0.3333,0.3333,0.3333,0.3333333333333333,0.3333333333333333,0.3333333333333333,0.3333333333333333,0.3333333333333333,0.3333333333333333,0.3333333333333333,0.3333333333333333,0.3333333333333333,1.0,1.0,1.0,1.0,1.0,1.0,1.0,1.0,1.0,1.0,1.0,1.0,1.0,1.0,1.0,1.0,1.0,1.0,0.10418,0.08181,1.37411,0.42885,0.25,0.0,28.997,14.364,0.0,14.626,99.042,2.068,89.482
24,2026-05-17T00:03:06.435155+00:00,mixed,ISL,34.946,38.61,34.946,0.5,0.5,42.732,45.081,0.5134,0.4866,1,0.3333,0.3333,0.3333,0.846,0.1422,0.02463,0.04514,2,0.3333,0.3333,0.3333,0.234,0.1616,-0.03157,-0.05349,2,0.3333,0.3333,0.3333,0.27,0.1778,-0.27302,-0.52683,1.35,44.083,0.3333,0.3333,0.3333,0.3333,0.3333,0.3333,0.3333,0.3333,0.3333,0.3333333333333333,0.3333333333333333,0.3333333333333333,0.3333333333333333,0.3333333333333333,0.3333333333333333,0.3333333333333333,0.3333333333333333,0.3333333333333333,1.0,1.0,1.0,1.0,1.0,1.0,1.0,1.0,1.0,1.0,1.0,1.0,1.0,1.0,1.0,1.0,1.0,1.0,0.10424,0.08185,1.26987,0.547,0.25,0.0,44.952,0.0,0.0,0.0,99.042,2.068,89.482
25,2026-05-17T00:03:12.445107+00:00,mixed,GND,11.884,26.041,26.041,0.5,0.5,19.674,32.513,0.623,0.377,0,0.3333,0.3333,0.3333,0.143,0.061,-0.02071,-0.09495,0,0.3333,0.3333,0.3333,0.167,0.0476,-0.01632,-0.09584,0,0.3333,0.3333,0.3333,0.193,0.0324,-0.00575,-0.0485,0.502,33.016,0.3333333333333333,0.3333333333333333,0.3333333333333333,0.3333333333333333,0.3333333333333333,0.3333333333333333,0.3333333333333333,0.3333333333333333,0.3333333333333333,0.3333,0.3333,0.3333,0.3333,0.3333,0.3333,0.3333,0.3333,0.3333,1.0,1.0,1.0,1.0,1.0,1.0,1.0,1.0,1.0,1.0,1.0,1.0,1.0,1.0,1.0,1.0,1.0,1.0,0.10429,0.08188,1.41558,0.46512,0.0,0.2,21.894,12.839,0.0,11.122,111.881,2.068,100.604
26,2026-05-17T00:03:18.447899+00:00,mixed,GND,15.557,30.096,30.096,0.5,0.5,23.35,36.569,0.6103,0.3897,0,0.3333,0.3333,0.3333,0.185,0.061,-0.0165,-0.07492,1,0.3333,0.3333,0.3333,0.247,0.0762,-0.00828,-0.0294,2,0.3333,0.3333,0.3333,0.07,0.0816,-0.01805,-0.06077,0.502,37.071,0.3333333333333333,0.3333333333333333,0.3333333333333333,0.3333333333333333,0.3333333333333333,0.3333333333333333,0.3333333333333333,0.3333333333333333,0.3333333333333333,0.3333,0.3333,0.3333,0.3333,0.3333,0.3333,0.3333,0.3333,0.3333,1.0,1.0,1.0,1.0,1.0,1.0,1.0,1.0,1.0,1.0,1.0,1.0,1.0,1.0,1.0,1.0,1.0,1.0,0.10434,0.0819,1.56124,0.38322,0.0,0.2,25.57,13.219,0.0,11.501,125.099,2.068,112.105
27,2026-05-17T00:03:24.460309+00:00,mixed,ISL,19.462,31.666,19.462,0.5,0.5,27.258,38.14,0.5832,0.4168,2,0.3333,0.3333,0.3333,0.796,0.1778,0.01958,0.02894,0,0.3333,0.3333,0.3333,0.057,0.0988,-0.04927,-0.14275,0,0.3333,0.3333,0.3333,0.674,0.1778,-0.23257,-0.42902,1.527,28.785,0.3333,0.3333,0.3333,0.3333,0.3333,0.3333,0.3333,0.3333,0.3333,0.3333333333333333,0.3333333333333333,0.3333333333333333,0.3333333333333333,0.3333333333333333,0.3333333333333333,0.3333333333333333,0.3333333333333333,0.3333333333333333,1.0,1.0,1.0,1.0,1.0,1.0,1.0,1.0,1.0,1.0,1.0,1.0,1.0,1.0,1.0,1.0,1.0,1.0,0.10437,0.08192,1.45687,0.50129,0.25,0.0,29.477,0.0,0.0,0.0,125.099,2.068,112.105
28,2026-05-17T00:03:30.471514+00:00,mixed,ISL,19.279,29.604,19.279,0.5,0.5,27.077,36.078,0.5713,0.4287,2,0.3333,0.3333,0.3333,0.377,0.1778,-0.02228,-0.03398,1,0.3333,0.3333,0.3333,1.221,0.127,0.06708,0.13179,2,0.3333,0.3333,0.3333,0.266,0.1778,-0.27342,-0.52786,1.864,28.941,0.3333,0.3333,0.3333,0.3333,0.3333,0.3333,0.3333,0.3333,0.3333,0.3333333333333333,0.3333333333333333,0.3333333333333333,0.3333333333333333,0.3333333333333333,0.3333333333333333,0.3333333333333333,0.3333333333333333,0.3333333333333333,1.0,1.0,1.0,1.0,1.0,1.0,1.0,1.0,1.0,1.0,1.0,1.0,1.0,1.0,1.0,1.0,1.0,1.0,0.10439,0.08194,1.60248,0.41936,0.25,0.0,29.297,0.0,0.0,0.0,125.099,2.068,112.105
29,2026-05-17T00:03:36.490958+00:00,mixed,GND,21.403,26.053,26.053,0.5,0.5,29.203,32.528,0.5269,0.4731,2,0.3333,0.3333,0.3333,0.339,0.1219,-0.00109,-0.00239,0,0.3333,0.3333,0.3333,0.222,0.0476,-0.01084,-0.06261,2,0.3333,0.3333,0.3333,0.307,0.0816,0.00574,0.01856,0.868,33.396,0.3333333333333333,0.3333333333333333,0.3333333333333333,0.3333333333333333,0.3333333333333333,0.3333333333333333,0.3333333333333333,0.3333333333333333,0.3333333333333333,0.3333,0.3333,0.3333,0.3333,0.3333,0.3333,0.3333,0.3333,0.3333,1.0,1.0,1.0,1.0,1.0,1.0,1.0,1.0,1.0,1.0,1.0,1.0,1.0,1.0,1.0,1.0,1.0,1.0,0.10442,0.08195,1.74806,0.3374,0.0,0.2,31.422,3.325,0.0,1.974,128.425,2.068,114.078
30,2026-05-17T00:03:42.512135+00:00,instagram,GND,43.498,35.945,35.945,0.5,0.5,51.299,42.42,0.4526,0.5474,1,0.3333,0.3333,0.3333,0.416,0.1088,0.00664,0.02014,1,0.3333,0.3333,0.3333,0.682,0.0952,0.03517,0.11608,0,0.3333,0.3333,0.3333,0.097,0.0619,-0.01531,-0.08601,1.195,43.615,0.3333333333333333,0.3333333333333333,0.3333333333333333,0.3333333333333333,0.3333333333333333,0.3333333333333333,0.3333333333333333,0.3333333333333333,0.3333333333333333,0.3333,0.3333,0.3333,0.3333,0.3333,0.3333,0.3333,0.3333,0.3333,1.0,1.0,1.0,1.0,1.0,1.0,1.0,1.0,1.0,1.0,1.0,1.0,1.0,1.0,1.0,1.0,1.0,1.0,0.10443,0.08196,1.64363,0.45544,0.0,0.2,43.364,0.0,0.251,0.251,128.425,2.319,114.329
31,2026-05-17T00:03:48.523523+00:00,instagram,ISL,19.485,28.491,19.485,0.5,0.5,27.288,34.967,0.5617,0.4383,0,0.3333,0.3333,0.3333,0.219,0.127,-0.03805,-0.10523,1,0.3333,0.3333,0.3333,0.239,0.1587,-0.03114,-0.06764,1,0.3333,0.3333,0.3333,3.219,0.3951,0.02192,0.01833,3.677,30.965,0.3333,0.3333,0.3333,0.3333,0.3333,0.3333,0.3333,0.3333,0.3333,0.3333333333333333,0.3333333333333333,0.3333333333333333,0.3333333333333333,0.3333333333333333,0.3333333333333333,0.3333333333333333,0.3333333333333333,0.3333333333333333,1.0,1.0,1.0,1.0,1.0,1.0,1.0,1.0,1.0,1.0,1.0,1.0,1.0,1.0,1.0,1.0,1.0,1.0,0.10445,0.08197,1.78918,0.37348,0.25,0.0,31.395,0.0,0.0,0.0,128.425,2.319,114.329
32,2026-05-17T00:03:54.537398+00:00,instagram,GND,20.27,25.307,25.307,0.5,0.5,28.074,31.782,0.531,0.469,0,0.3333,0.3333,0.3333,0.191,0.0762,-0.01591,-0.07216,0,0.3333,0.3333,0.3333,0.138,0.0595,-0.01922,-0.11385,0,0.3333,0.3333,0.3333,0.059,0.0619,-0.01905,-0.10823,0.388,32.171,0.3333333333333333,0.3333333333333333,0.3333333333333333,0.3333333333333333,0.3333333333333333,0.3333333333333333,0.3333333333333333,0.3333333333333333,0.3333333333333333,0.3333,0.3333,0.3333,0.3333,0.3333,0.3333,0.3333,0.3333,0.3333,1.0,1.0,1.0,1.0,1.0,1.0,1.0,1.0,1.0,1.0,1.0,1.0,1.0,1.0,1.0,1.0,1.0,1.0,0.10446,0.08197,1.93473,0.2915,0.0,0.2,32.181,3.709,0.0,0.0,132.134,2.319,114.329
33,2026-05-17T00:04:00.548370+00:00,instagram,GND,18.793,29.298,29.298,0.5,0.5,26.597,35.774,0.5736,0.4264,1,0.3333,0.3333,0.3333,0.262,0.1088,-0.00878,-0.02727,1,0.3333,0.3333,0.3333,0.375,0.0952,0.00454,0.01578,0,0.3333,0.3333,0.3333,0.037,0.0619,-0.02131,-0.12189,0.675,36.449,0.3333333333333333,0.3333333333333333,0.3333333333333333,0.3333333333333333,0.3333333333333333,0.3333333333333333,0.3333333333333333,0.3333333333333333,0.3333333333333333,0.3333,0.3333,0.3333,0.3333,0.3333,0.3333,0.3333,0.3333,0.3333,1.0,1.0,1.0,1.0,1.0,1.0,1.0,1.0,1.0,1.0,1.0,1.0,1.0,1.0,1.0,1.0,1.0,1.0,0.10447,0.08198,1.83026,0.40952,0.0,0.2,30.705,9.177,0.0,5.744,141.311,2.319,120.073
34,2026-05-17T00:04:06.562785+00:00,instagram,ISL,13.012,26.169,13.012,0.5,0.5,20.817,32.645,0.6106,0.3894,0,0.3333,0.3333,0.3333,0.513,0.127,-0.00866,-0.02299,0,0.3333,0.3333,0.3333,0.517,0.1235,-0.00329,-0.00891,0,0.3333,0.3333,0.3333,2.582,0.3704,-0.04178,-0.03833,3.613,24.43,0.3333,0.3333,0.3333,0.3333,0.3333,0.3333,0.3333,0.3333,0.3333,0.3333333333333333,0.3333333333333333,0.3333333333333333,0.3333333333333333,0.3333333333333333,0.3333333333333333,0.3333333333333333,0.3333333333333333,0.3333333333333333,1.0,1.0,1.0,1.0,1.0,1.0,1.0,1.0,1.0,1.0,1.0,1.0,1.0,1.0,1.0,1.0,1.0,1.0,0.10447,0.08198,1.72579,0.52754,0.25,0.0,24.924,0.0,0.0,0.0,141.311,2.319,120.073
35,2026-05-17T00:04:12.584731+00:00,instagram,ISL,16.969,29.395,16.969,0.5,0.5,24.774,35.871,0.5915,0.4085,0,0.3333,0.3333,0.3333,0.095,0.127,-0.05046,-0.14209,1,0.3333,0.3333,0.3333,0.401,0.1587,-0.01489,-0.03176,1,0.3333,0.3333,0.3333,1.088,0.3951,-0.19122,-0.17595,1.584,26.359,0.3333,0.3333,0.3333,0.3333,0.3333,0.3333,0.3333,0.3333,0.3333,0.3333333333333333,0.3333333333333333,0.3333333333333333,0.3333333333333333,0.3333333333333333,0.3333333333333333,0.3333333333333333,0.3333333333333333,0.3333333333333333,1.0,1.0,1.0,1.0,1.0,1.0,1.0,1.0,1.0,1.0,1.0,1.0,1.0,1.0,1.0,1.0,1.0,1.0,0.10448,0.08199,1.62131,0.64555,0.25,0.0,28.882,0.0,0.0,0.0,141.311,2.319,120.073
36,2026-05-17T00:04:18.592702+00:00,instagram,ISL,16.214,28.935,16.214,0.5,0.5,24.019,35.411,0.5958,0.4042,2,0.3333,0.3333,0.3333,1.085,0.2222,0.04849,0.07021,0,0.3333,0.3333,0.3333,0.276,0.1235,-0.02741,-0.0769,2,0.3333,0.3333,0.3333,6.281,0.2222,0.32807,0.40018,7.641,31.661,0.3333,0.3333,0.3333,0.3333,0.3333,0.3333,0.3333,0.3333,0.3333,0.3333333333333333,0.3333333333333333,0.3333333333333333,0.3333333333333333,0.3333333333333333,0.3333333333333333,0.3333333333333333,0.3333333333333333,0.3333333333333333,1.0,1.0,1.0,1.0,1.0,1.0,1.0,1.0,1.0,1.0,1.0,1.0,1.0,1.0,1.0,1.0,1.0,1.0,0.10448,0.08199,1.51683,0.76356,0.25,0.0,28.127,0.0,3.534,3.534,141.311,5.853,123.607
37,2026-05-17T00:04:24.610034+00:00,instagram,GND,18.195,29.037,29.037,0.5,0.5,26.001,35.513,0.5773,0.4227,0,0.3333,0.3333,0.3333,0.175,0.0762,-0.01752,-0.07976,1,0.3333,0.3333,0.3333,0.203,0.0952,-0.01271,-0.04551,1,0.3333,0.3333,0.3333,0.407,0.0873,0.01565,0.05804,0.784,36.297,0.3333333333333333,0.3333333333333333,0.3333333333333333,0.3333333333333333,0.3333333333333333,0.3333333333333333,0.3333333333333333,0.3333333333333333,0.3333333333333333,0.3333,0.3333,0.3333,0.3333,0.3333,0.3333,0.3333,0.3333,0.3333,1.0,1.0,1.0,1.0,1.0,1.0,1.0,1.0,1.0,1.0,1.0,1.0,1.0,1.0,1.0,1.0,1.0,1.0,0.10449,0.08199,1.66234,0.68157,0.0,0.2,30.108,9.513,0.0,6.189,150.823,5.853,129.796
38,2026-05-17T00:04:30.620269+00:00,instagram,GND,29.448,26.359,26.359,0.5,0.5,37.254,32.836,0.4685,0.5315,1,0.3333,0.3333,0.3333,0.865,0.1088,0.05151,0.14648,2,0.3333,0.3333,0.3333,0.408,0.1361,0.00784,0.01902,1,0.3333,0.3333,0.3333,0.184,0.0873,-0.00658,-0.02546,1.458,34.293,0.3333333333333333,0.3333333333333333,0.3333333333333333,0.3333333333333333,0.3333333333333333,0.3333333333333333,0.3333333333333333,0.3333333333333333,0.3333333333333333,0.3333,0.3333,0.3333,0.3333,0.3333,0.3333,0.3333,0.3333,0.3333,1.0,1.0,1.0,1.0,1.0,1.0,1.0,1.0,1.0,1.0,1.0,1.0,1.0,1.0,1.0,1.0,1.0,1.0,0.10449,0.08199,1.55785,0.79958,0.0,0.2,33.78,0.0,0.513,0.513,150.823,6.366,130.309
39,2026-05-17T00:04:36.634318+00:00,instagram,ISL,14.396,24.942,14.396,0.5,0.5,22.202,31.418,0.5859,0.4141,2,0.3333,0.3333,0.3333,1.217,0.2222,0.0617,0.08852,2,0.3333,0.3333,0.3333,0.755,0.202,0.02045,0.03319,1,0.3333,0.3333,0.3333,2.443,0.3951,-0.05566,-0.0481,4.415,26.617,0.3333,0.3333,0.3333,0.3333,0.3333,0.3333,0.3333,0.3333,0.3333,0.3333333333333333,0.3333333333333333,0.3333333333333333,0.3333333333333333,0.3333333333333333,0.3333333333333333,0.3333333333333333,0.3333333333333333,0.3333333333333333,1.0,1.0,1.0,1.0,1.0,1.0,1.0,1.0,1.0,1.0,1.0,1.0,1.0,1.0,1.0,1.0,1.0,1.0,0.10449,0.08199,1.45336,0.91758,0.25,0.0,26.309,0.0,0.307,0.307,150.823,6.673,130.617
40,2026-05-17T00:04:42.643670+00:00,instagram,GND,19.752,26.335,26.335,0.5,0.5,27.557,32.811,0.5435,0.4565,1,0.3333,0.3333,0.3333,0.212,0.1088,-0.01381,-0.0432,2,0.3333,0.3333,0.3333,0.368,0.1361,0.00379,0.00924,0,0.3333,0.3333,0.3333,0.212,0.0619,-0.00381,-0.02074,0.792,33.603,0.3333333333333333,0.3333333333333333,0.3333333333333333,0.3333333333333333,0.3333333333333333,0.3333333333333333,0.3333333333333333,0.3333333333333333,0.3333333333333333,0.3333,0.3333,0.3333,0.3333,0.3333,0.3333,0.3333,0.3333,0.3333,1.0,1.0,1.0,1.0,1.0,1.0,1.0,1.0,1.0,1.0,1.0,1.0,1.0,1.0,1.0,1.0,1.0,1.0,0.10449,0.082,1.59887,0.83559,0.0,0.2,31.665,5.254,0.0,1.938,156.077,6.673,132.555
41,2026-05-17T00:04:48.659072+00:00,instagram,ISL,30.967,29.344,30.967,0.5,0.5,38.773,35.821,0.4802,0.5198,2,0.3333,0.3333,0.3333,0.551,0.2222,-0.00491,-0.00739,0,0.3333,0.3333,0.3333,0.247,0.1235,-0.0303,-0.08536,1,0.3333,0.3333,0.3333,2.077,0.3951,-0.09232,-0.08109,2.875,41.648,0.3333,0.3333,0.3333,0.3333,0.3333,0.3333,0.3333,0.3333,0.3333,0.3333333333333333,0.3333333333333333,0.3333333333333333,0.3333333333333333,0.3333333333333333,0.3333333333333333,0.3333333333333333,0.3333333333333333,0.3333333333333333,1.0,1.0,1.0,1.0,1.0,1.0,1.0,1.0,1.0,1.0,1.0,1.0,1.0,1.0,1.0,1.0,1.0,1.0,0.10449,0.082,1.74438,0.75359,0.25,0.0,36.766,2.952,0.0,4.883,159.03,6.673,137.437
42,2026-05-17T00:04:54.661506+00:00,instagram,GND,20.321,21.647,21.647,0.5,0.5,28.127,28.124,0.5,0.5,2,0.3333,0.3333,0.3333,0.113,0.1524,-0.02372,-0.05329,2,0.3333,0.3333,0.3333,0.311,0.1361,-0.0019,-0.00467,1,0.3333,0.3333,0.3333,0.136,0.0873,-0.01139,-0.04446,0.56,28.684,0.3333333333333333,0.3333333333333333,0.3333333333333333,0.3333333333333333,0.3333333333333333,0.3333333333333333,0.3333333333333333,0.3333333333333333,0.3333333333333333,0.3333,0.3333,0.3333,0.3333,0.3333,0.3333,0.3333,0.3333,0.3333,1.0,1.0,1.0,1.0,1.0,1.0,1.0,1.0,1.0,1.0,1.0,1.0,1.0,1.0,1.0,1.0,1.0,1.0,0.1045,0.082,1.63988,0.87159,0.0,0.2,29.068,0.0,0.0,0.0,159.03,6.673,137.437
43,2026-05-17T00:05:00.682439+00:00,instagram,ISL,16.25,26.331,16.25,0.5,0.5,24.056,32.808,0.577,0.423,1,0.3333,0.3333,0.3333,0.99,0.1778,0.03901,0.07059,0,0.3333,0.3333,0.3333,0.085,0.1235,-0.04651,-0.13418,2,0.3333,0.3333,0.3333,1.533,0.2222,-0.14667,-0.24848,2.608,26.664,0.3333,0.3333,0.3333,0.3333,0.3333,0.3333,0.3333,0.3333,0.3333,0.3333333333333333,0.3333333333333333,0.3333333333333333,0.3333333333333333,0.3333333333333333,0.3333333333333333,0.3333333333333333,0.3333333333333333,0.3333333333333333,1.0,1.0,1.0,1.0,1.0,1.0,1.0,1.0,1.0,1.0,1.0,1.0,1.0,1.0,1.0,1.0,1.0,1.0,0.1045,0.082,1.78539,0.78959,0.25,0.0,28.164,0.0,0.0,0.0,159.03,6.673,137.437
44,2026-05-17T00:05:06.688937+00:00,instagram,ISL,28.41,25.464,28.41,0.5,0.5,36.216,31.941,0.4686,0.5314,1,0.3333,0.3333,0.3333,0.419,0.1778,-0.01812,-0.03456,1,0.3333,0.3333,0.3333,0.359,0.1587,-0.01908,-0.0409,1,0.3333,0.3333,0.3333,2.099,0.3951,-0.09014,-0.0791,2.877,39.093,0.3333,0.3333,0.3333,0.3333,0.3333,0.3333,0.3333,0.3333,0.3333,0.3333333333333333,0.3333333333333333,0.3333333333333333,0.3333333333333333,0.3333333333333333,0.3333333333333333,0.3333333333333333,0.3333333333333333,0.3333333333333333,1.0,1.0,1.0,1.0,1.0,1.0,1.0,1.0,1.0,1.0,1.0,1.0,1.0,1.0,1.0,1.0,1.0,1.0,0.1045,0.082,1.93089,0.7076,0.25,0.0,32.886,4.275,0.0,6.207,163.305,6.673,143.645
45,2026-05-17T00:05:12.707578+00:00,instagram,GND,30.353,22.203,22.203,0.5,0.5,38.159,28.679,0.4291,0.5709,0,0.3333,0.3333,0.3333,0.126,0.0762,-0.02239,-0.10311,0,0.3333,0.3333,0.3333,0.041,0.0595,-0.0289,-0.17658,0,0.3333,0.3333,0.3333,0.16,0.0619,-0.00902,-0.0498,0.327,29.006,0.3333333333333333,0.3333333333333333,0.3333333333333333,0.3333333333333333,0.3333333333333333,0.3333333333333333,0.3333333333333333,0.3333333333333333,0.3333333333333333,0.3333,0.3333,0.3333,0.3333,0.3333,0.3333,0.3333,0.3333,0.3333,1.0,1.0,1.0,1.0,1.0,1.0,1.0,1.0,1.0,1.0,1.0,1.0,1.0,1.0,1.0,1.0,1.0,1.0,0.1045,0.082,1.82639,0.8256,0.0,0.2,29.624,0.0,0.0,0.0,163.305,6.673,143.645
46,2026-05-17T00:05:18.725573+00:00,instagram,ISL,38.347,33.828,38.347,0.5,0.5,46.153,40.304,0.4662,0.5338,2,0.3333,0.3333,0.3333,0.325,0.2222,-0.02748,-0.04209,0,0.3333,0.3333,0.3333,0.131,0.1235,-0.04186,-0.11993,0,0.3333,0.3333,0.3333,1.117,0.3704,-0.18834,-0.18573,1.573,47.727,0.3333,0.3333,0.3333,0.3333,0.3333,0.3333,0.3333,0.3333,0.3333,0.3333333333333333,0.3333333333333333,0.3333333333333333,0.3333333333333333,0.3333333333333333,0.3333333333333333,0.3333333333333333,0.3333333333333333,0.3333333333333333,1.0,1.0,1.0,1.0,1.0,1.0,1.0,1.0,1.0,1.0,1.0,1.0,1.0,1.0,1.0,1.0,1.0,1.0,0.1045,0.082,1.97189,0.7436,0.25,0.0,41.249,5.849,0.0,6.478,169.154,6.673,150.122
47,2026-05-17T00:05:24.741969+00:00,instagram,GND,28.623,26.036,26.036,0.5,0.5,36.43,32.512,0.4716,0.5284,0,0.3333,0.3333,0.3333,0.278,0.0762,-0.00718,-0.03192,2,0.3333,0.3333,0.3333,0.135,0.1361,-0.01951,-0.04898,0,0.3333,0.3333,0.3333,0.238,0.0619,-0.00125,-0.00675,0.651,33.163,0.3333333333333333,0.3333333333333333,0.3333333333333333,0.3333333333333333,0.3333333333333333,0.3333333333333333,0.3333333333333333,0.3333333333333333,0.3333333333333333,0.3333,0.3333,0.3333,0.3333,0.3333,0.3333,0.3333,0.3333,0.3333,1.0,1.0,1.0,1.0,1.0,1.0,1.0,1.0,1.0,1.0,1.0,1.0,1.0,1.0,1.0,1.0,1.0,1.0,0.1045,0.082,2.11739,0.6616,0.0,0.2,33.457,0.0,0.0,0.0,169.154,6.673,150.122
48,2026-05-17T00:05:30.746177+00:00,instagram,ISL,19.747,25.215,19.747,0.5,0.5,27.554,31.691,0.5349,0.4651,2,0.3333,0.3333,0.3333,0.697,0.2222,0.00966,0.01438,0,0.3333,0.3333,0.3333,0.257,0.1235,-0.02927,-0.08232,0,0.3333,0.3333,0.3333,2.315,0.3704,-0.0685,-0.06363,3.269,30.823,0.3333,0.3333,0.3333,0.3333,0.3333,0.3333,0.3333,0.3333,0.3333,0.3333333333333333,0.3333333333333333,0.3333333333333333,0.3333333333333333,0.3333333333333333,0.3333333333333333,0.3333333333333333,0.3333333333333333,0.3333333333333333,1.0,1.0,1.0,1.0,1.0,1.0,1.0,1.0,1.0,1.0,1.0,1.0,1.0,1.0,1.0,1.0,1.0,1.0,0.1045,0.082,2.0129,0.7796,0.25,0.0,31.661,0.0,0.0,0.0,169.154,6.673,150.122
49,2026-05-17T00:05:36.769843+00:00,instagram,ISL,41.987,29.501,41.987,0.5,0.5,49.793,35.977,0.4195,0.5805,2,0.3333,0.3333,0.3333,1.187,0.2222,0.05869,0.08437,2,0.3333,0.3333,0.3333,0.706,0.202,0.01563,0.02546,2,0.3333,0.3333,0.3333,0.399,0.2222,-0.26011,-0.49456,2.292,52.085,0.3333,0.3333,0.3333,0.3333,0.3333,0.3333,0.3333,0.3333,0.3333,0.3333333333333333,0.3333333333333333,0.3333333333333333,0.3333333333333333,0.3333333333333333,0.3333333333333333,0.3333333333333333,0.3333333333333333,0.3333333333333333,1.0,1.0,1.0,1.0,1.0,1.0,1.0,1.0,1.0,1.0,1.0,1.0,1.0,1.0,1.0,1.0,1.0,1.0,0.1045,0.082,2.1584,0.6976,0.25,0.0,36.922,13.816,0.0,15.163,182.97,6.673,165.286
50,2026-05-17T00:05:42.778902+00:00,instagram,GND,24.648,30.697,30.697,0.5,0.5,32.454,37.174,0.5339,0.4661,1,0.3333,0.3333,0.3333,0.296,0.1088,-0.0054,-0.01669,0,0.3333,0.3333,0.3333,0.2,0.0595,-0.01297,-0.07542,1,0.3333,0.3333,0.3333,0.295,0.0873,0.00445,0.01687,0.791,37.965,0.3333333333333333,0.3333333333333333,0.3333333333333333,0.3333333333333333,0.3333333333333333,0.3333333333333333,0.3333333333333333,0.3333333333333333,0.3333333333333333,0.3333,0.3333,0.3333,0.3333,0.3333,0.3333,0.3333,0.3333,0.3333,1.0,1.0,1.0,1.0,1.0,1.0,1.0,1.0,1.0,1.0,1.0,1.0,1.0,1.0,1.0,1.0,1.0,1.0,0.1045,0.082,2.3039,0.6156,0.0,0.2,36.562,4.72,0.0,1.403,187.689,6.673,166.689
51,2026-05-17T00:05:48.800168+00:00,instagram,ISL,16.906,21.608,16.906,0.5,0.5,24.713,28.085,0.5319,0.4681,1,0.3333,0.3333,0.3333,0.238,0.1778,-0.03619,-0.07027,0,0.3333,0.3333,0.3333,0.217,0.1235,-0.03335,-0.09435,2,0.3333,0.3333,0.3333,0.588,0.2222,-0.24123,-0.44918,1.042,25.755,0.3333,0.3333,0.3333,0.3333,0.3333,0.3333,0.3333,0.3333,0.3333,0.3333333333333333,0.3333333333333333,0.3333333333333333,0.3333333333333333,0.3333333333333333,0.3333333333333333,0.3333333333333333,0.3333333333333333,0.3333333333333333,1.0,1.0,1.0,1.0,1.0,1.0,1.0,1.0,1.0,1.0,1.0,1.0,1.0,1.0,1.0,1.0,1.0,1.0,0.1045,0.082,2.1994,0.7336,0.25,0.0,28.82,0.0,0.0,0.0,187.689,6.673,166.689
52,2026-05-17T00:05:54.812997+00:00,instagram,GND,38.743,33.624,33.624,0.5,0.5,46.55,40.1,0.4628,0.5372,1,0.3333,0.3333,0.3333,0.909,0.1088,0.05591,0.15804,0,0.3333,0.3333,0.3333,0.094,0.0595,-0.02362,-0.14186,0,0.3333,0.3333,0.3333,0.416,0.0619,0.01657,0.08545,1.419,41.519,0.3333333333333333,0.3333333333333333,0.3333333333333333,0.3333333333333333,0.3333333333333333,0.3333333333333333,0.3333333333333333,0.3333333333333333,0.3333333333333333,0.3333,0.3333,0.3333,0.3333,0.3333,0.3333,0.3333,0.3333,0.3333,1.0,1.0,1.0,1.0,1.0,1.0,1.0,1.0,1.0,1.0,1.0,1.0,1.0,1.0,1.0,1.0,1.0,1.0,0.1045,0.082,2.3449,0.6516,0.0,0.2,41.045,0.0,0.474,0.474,187.689,7.147,167.163
53,2026-05-17T00:06:00.824548+00:00,instagram,ISL,12.908,23.255,12.908,0.5,0.5,20.715,29.732,0.5894,0.4106,0,0.3333,0.3333,0.3333,0.476,0.127,-0.01242,-0.03314,1,0.3333,0.3333,0.3333,0.2,0.1587,-0.03501,-0.07636,0,0.3333,0.3333,0.3333,1.036,0.3704,-0.19637,-0.19448,1.712,22.427,0.3333,0.3333,0.3333,0.3333,0.3333,0.3333,0.3333,0.3333,0.3333,0.3333333333333333,0.3333333333333333,0.3333333333333333,0.3333333333333333,0.3333333333333333,0.3333333333333333,0.3333333333333333,0.3333333333333333,0.3333333333333333,1.0,1.0,1.0,1.0,1.0,1.0,1.0,1.0,1.0,1.0,1.0,1.0,1.0,1.0,1.0,1.0,1.0,1.0,0.1045,0.082,2.2404,0.7696,0.25,0.0,24.822,0.0,0.0,0.0,187.689,7.147,167.163
54,2026-05-17T00:06:06.838595+00:00,instagram,GND,11.967,21.742,21.742,0.5,0.5,19.773,28.219,0.588,0.412,2,0.3333,0.3333,0.3333,1.551,0.1524,0.12009,0.23325,2,0.3333,0.3333,0.3333,0.279,0.1361,-0.00507,-0.01249,0,0.3333,0.3333,0.3333,0.331,0.0619,0.00811,0.04275,2.161,30.38,0.3333333333333333,0.3333333333333333,0.3333333333333333,0.3333333333333333,0.3333333333333333,0.3333333333333333,0.3333333333333333,0.3333333333333333,0.3333333333333333,0.3333,0.3333,0.3333,0.3333,0.3333,0.3333,0.3333,0.3333,0.3333,1.0,1.0,1.0,1.0,1.0,1.0,1.0,1.0,1.0,1.0,1.0,1.0,1.0,1.0,1.0,1.0,1.0,1.0,0.1045,0.082,2.3859,0.6876,0.0,0.2,23.881,8.446,1.217,6.5,196.135,8.364,173.662
55,2026-05-17T00:06:12.857415+00:00,instagram,GND,20.49,25.56,25.56,0.5,0.5,28.296,32.037,0.531,0.469,1,0.3333,0.3333,0.3333,0.447,0.1088,0.00972,0.02933,0,0.3333,0.3333,0.3333,0.075,0.0595,-0.02551,-0.15417,2,0.3333,0.3333,0.3333,0.182,0.1088,-0.00678,-0.02097,0.704,32.741,0.3333333333333333,0.3333333333333333,0.3333333333333333,0.3333333333333333,0.3333333333333333,0.3333333333333333,0.3333333333333333,0.3333333333333333,0.3333333333333333,0.3333,0.3333,0.3333,0.3333,0.3333,0.3333,0.3333,0.3333,0.3333,1.0,1.0,1.0,1.0,1.0,1.0,1.0,1.0,1.0,1.0,1.0,1.0,1.0,1.0,1.0,1.0,1.0,1.0,0.1045,0.082,2.5314,0.6056,0.0,0.2,32.404,3.74,0.0,0.337,199.876,8.364,174.0
56,2026-05-17T00:06:18.872969+00:00,instagram,GND,21.82,29.618,29.618,0.5,0.5,29.626,36.095,0.5492,0.4508,1,0.3333,0.3333,0.3333,0.502,0.1088,0.01517,0.0454,1,0.3333,0.3333,0.3333,0.095,0.0952,-0.02349,-0.08579,2,0.3333,0.3333,0.3333,0.278,0.1088,0.00279,0.00851,0.875,36.97,0.3333333333333333,0.3333333333333333,0.3333333333333333,0.3333333333333333,0.3333333333333333,0.3333333333333333,0.3333333333333333,0.3333333333333333,0.3333333333333333,0.3333,0.3333,0.3333,0.3333,0.3333,0.3333,0.3333,0.3333,0.3333,1.0,1.0,1.0,1.0,1.0,1.0,1.0,1.0,1.0,1.0,1.0,1.0,1.0,1.0,1.0,1.0,1.0,1.0,0.1045,0.082,2.6769,0.5236,0.0,0.2,33.734,6.469,0.0,3.236,206.344,8.364,177.235
57,2026-05-17T00:06:24.882687+00:00,instagram,ISL,35.258,40.975,35.258,0.5,0.5,43.064,47.452,0.5242,0.4758,1,0.3333,0.3333,0.3333,0.233,0.1778,-0.03673,-0.07136,2,0.3333,0.3333,0.3333,0.706,0.202,0.01559,0.0254,2,0.3333,0.3333,0.3333,0.931,0.2222,-0.20691,-0.3716,1.869,44.934,0.3333,0.3333,0.3333,0.3333,0.3333,0.3333,0.3333,0.3333,0.3333,0.3333333333333333,0.3333333333333333,0.3333333333333333,0.3333333333333333,0.3333333333333333,0.3333333333333333,0.3333333333333333,0.3333333333333333,0.3333333333333333,1.0,1.0,1.0,1.0,1.0,1.0,1.0,1.0,1.0,1.0,1.0,1.0,1.0,1.0,1.0,1.0,1.0,1.0,0.1045,0.082,2.5724,0.6416,0.25,0.0,47.172,0.0,0.0,0.0,206.344,8.364,177.235
58,2026-05-17T00:06:30.893102+00:00,instagram,GND,16.435,29.432,29.432,0.5,0.5,24.242,35.909,0.597,0.403,0,0.3333,0.3333,0.3333,0.178,0.0762,-0.01716,-0.07806,2,0.3333,0.3333,0.3333,0.202,0.1361,-0.01285,-0.03198,0,0.3333,0.3333,0.3333,0.317,0.0619,0.00668,0.03533,0.697,36.605,0.3333333333333333,0.3333333333333333,0.3333333333333333,0.3333333333333333,0.3333333333333333,0.3333333333333333,0.3333333333333333,0.3333333333333333,0.3333333333333333,0.3333,0.3333,0.3333,0.3333,0.3333,0.3333,0.3333,0.3333,0.3333,1.0,1.0,1.0,1.0,1.0,1.0,1.0,1.0,1.0,1.0,1.0,1.0,1.0,1.0,1.0,1.0,1.0,1.0,0.1045,0.082,2.4679,0.7596,0.0,0.2,28.349,11.667,0.0,8.256,218.011,8.364,185.491
59,2026-05-17T00:06:36.895750+00:00,instagram,GND,31.235,29.48,29.48,0.5,0.5,39.042,35.957,0.4794,0.5206,0,0.3333,0.3333,0.3333,0.135,0.0762,-0.02145,-0.09857,2,0.3333,0.3333,0.3333,0.432,0.1361,0.01023,0.02475,0,0.3333,0.3333,0.3333,0.219,0.0619,-0.00311,-0.01687,0.787,36.743,0.3333333333333333,0.3333333333333333,0.3333333333333333,0.3333333333333333,0.3333333333333333,0.3333333333333333,0.3333333333333333,0.3333333333333333,0.3333333333333333,0.3333,0.3333,0.3333,0.3333,0.3333,0.3333,0.3333,0.3333,0.3333,1.0,1.0,1.0,1.0,1.0,1.0,1.0,1.0,1.0,1.0,1.0,1.0,1.0,1.0,1.0,1.0,1.0,1.0,0.1045,0.082,2.6134,0.6776,0.0,0.2,36.901,0.0,0.0,0.0,218.011,8.364,185.491
60,2026-05-17T00:06:42.917726+00:00,gaming,ISL,26.286,21.559,26.286,0.5,0.5,34.093,28.036,0.4513,0.5487,2,0.3333,0.3333,0.3333,0.197,0.0889,-0.04031,-0.06237,2,0.3333,0.3333,0.3333,0.275,0.0808,-0.02748,-0.0464,1,0.3333,0.3333,0.3333,0.191,0.079,-0.28093,-0.64259,0.663,34.756,0.3333,0.3333,0.3333,0.3333,0.3333,0.3333,0.3333,0.3333,0.3333,0.3333333333333333,0.3333333333333333,0.3333333333333333,0.3333333333333333,0.3333333333333333,0.3333333333333333,0.3333333333333333,0.3333333333333333,0.3333333333333333,1.0,1.0,1.0,1.0,1.0,1.0,1.0,1.0,1.0,1.0,1.0,1.0,1.0,1.0,1.0,1.0,1.0,1.0,0.1045,0.082,2.5089,0.7956,0.25,0.0,28.874,6.057,0.0,5.881,224.068,8.364,191.373
61,2026-05-17T00:06:48.928389+00:00,gaming,GND,36.59,29.798,29.798,0.5,0.5,44.396,36.275,0.4497,0.5503,0,0.3333,0.3333,0.3333,0.156,0.0305,-0.01937,-0.08857,0,0.3333,0.3333,0.3333,0.213,0.0238,-0.01167,-0.06758,1,0.3333,0.3333,0.3333,0.285,0.019,0.00347,0.02401,0.654,36.929,0.3333333333333333,0.3333333333333333,0.3333333333333333,0.3333333333333333,0.3333333333333333,0.3333333333333333,0.3333333333333333,0.3333333333333333,0.3333333333333333,0.3333,0.3333,0.3333,0.3333,0.3333,0.3333,0.3333,0.3333,0.3333,1.0,1.0,1.0,1.0,1.0,1.0,1.0,1.0,1.0,1.0,1.0,1.0,1.0,1.0,1.0,1.0,1.0,1.0,0.1045,0.082,2.4044,0.9136,0.0,0.2,37.113,0.0,0.0,0.0,224.068,8.364,191.373
62,2026-05-17T00:06:54.946727+00:00,gaming,ISL,20.457,25.612,20.457,0.5,0.5,28.263,32.089,0.5317,0.4683,2,0.3333,0.3333,0.3333,1.004,0.0889,0.04035,0.05877,2,0.3333,0.3333,0.3333,0.711,0.0808,0.01608,0.02619,1,0.3333,0.3333,0.3333,2.582,0.079,-0.04184,-0.07322,4.296,32.559,0.3333,0.3333,0.3333,0.3333,0.3333,0.3333,0.3333,0.3333,0.3333,0.3333333333333333,0.3333333333333333,0.3333333333333333,0.3333333333333333,0.3333333333333333,0.3333333333333333,0.3333333333333333,0.3333333333333333,0.3333333333333333,1.0,1.0,1.0,1.0,1.0,1.0,1.0,1.0,1.0,1.0,1.0,1.0,1.0,1.0,1.0,1.0,1.0,1.0,0.1045,0.082,2.5499,0.8316,0.25,0.0,30.181,0.0,2.378,2.378,224.068,10.742,193.751
63,2026-05-17T00:07:00.962729+00:00,gaming,ISL,36.34,28.873,36.34,0.5,0.5,44.147,35.35,0.4447,0.5553,0,0.3333,0.3333,0.3333,0.579,0.0508,-0.00211,-0.00554,0,0.3333,0.3333,0.3333,0.399,0.0494,-0.0151,-0.04164,1,0.3333,0.3333,0.3333,0.094,0.079,-0.29055,-0.67394,1.072,45.219,0.3333,0.3333,0.3333,0.3333,0.3333,0.3333,0.3333,0.3333,0.3333,0.3333333333333333,0.3333333333333333,0.3333333333333333,0.3333333333333333,0.3333333333333333,0.3333333333333333,0.3333333333333333,0.3333333333333333,0.3333333333333333,1.0,1.0,1.0,1.0,1.0,1.0,1.0,1.0,1.0,1.0,1.0,1.0,1.0,1.0,1.0,1.0,1.0,1.0,0.1045,0.082,2.6954,0.7496,0.25,0.0,36.188,8.796,0.0,9.031,232.864,10.742,202.782
64,2026-05-17T00:07:06.978170+00:00,gaming,ISL,27.027,22.547,27.027,0.5,0.5,34.834,29.024,0.4545,0.5455,2,0.3333,0.3333,0.3333,0.268,0.0889,-0.03324,-0.05115,2,0.3333,0.3333,0.3333,4.225,0.0808,0.36753,0.47402,2,0.3333,0.3333,0.3333,0.529,0.1481,-0.24714,-0.25157,5.022,39.855,0.3333,0.3333,0.3333,0.3333,0.3333,0.3333,0.3333,0.3333,0.3333,0.3333333333333333,0.3333333333333333,0.3333333333333333,0.3333333333333333,0.3333333333333333,0.3333333333333333,0.3333333333333333,0.3333333333333333,0.3333333333333333,1.0,1.0,1.0,1.0,1.0,1.0,1.0,1.0,1.0,1.0,1.0,1.0,1.0,1.0,1.0,1.0,1.0,1.0,0.1045,0.082,2.8409,0.6676,0.25,0.0,29.862,5.81,3.104,9.993,238.674,13.846,212.775
65,2026-05-17T00:07:12.996354+00:00,gaming,GND,29.888,26.461,26.461,0.5,0.5,37.694,32.937,0.4663,0.5337,0,0.3333,0.3333,0.3333,0.277,0.0305,-0.00727,-0.03233,2,0.3333,0.3333,0.3333,1.479,0.0544,0.11493,0.24809,1,0.3333,0.3333,0.3333,0.141,0.019,-0.01088,-0.07921,1.898,34.835,0.3333333333333333,0.3333333333333333,0.3333333333333333,0.3333333333333333,0.3333333333333333,0.3333333333333333,0.3333333333333333,0.3333333333333333,0.3333333333333333,0.3333,0.3333,0.3333,0.3333,0.3333,0.3333,0.3333,0.3333,0.3333,1.0,1.0,1.0,1.0,1.0,1.0,1.0,1.0,1.0,1.0,1.0,1.0,1.0,1.0,1.0,1.0,1.0,1.0,0.1045,0.082,2.7364,0.7856,0.0,0.2,33.775,0.0,1.06,1.06,238.674,14.906,213.835
66,2026-05-17T00:07:19.000819+00:00,gaming,ISL,23.002,30.419,23.002,0.5,0.5,30.808,36.895,0.545,0.455,0,0.3333,0.3333,0.3333,0.898,0.0508,0.02982,0.07536,2,0.3333,0.3333,0.3333,2.038,0.0808,0.14882,0.21957,0,0.3333,0.3333,0.3333,0.02,0.037,-0.29798,-6.90776,2.957,33.765,0.3333,0.3333,0.3333,0.3333,0.3333,0.3333,0.3333,0.3333,0.3333,0.3333333333333333,0.3333333333333333,0.3333333333333333,0.3333333333333333,0.3333333333333333,0.3333333333333333,0.3333333333333333,0.3333333333333333,0.3333333333333333,1.0,1.0,1.0,1.0,1.0,1.0,1.0,1.0,1.0,1.0,1.0,1.0,1.0,1.0,1.0,1.0,1.0,1.0,0.1045,0.082,2.8819,0.7036,0.25,0.0,32.726,0.0,1.039,1.039,238.674,15.945,214.874
67,2026-05-17T00:07:24.997144+00:00,gaming,ISL,21.363,22.179,21.363,0.5,0.5,29.169,28.655,0.4956,0.5044,0,0.3333,0.3333,0.3333,0.035,0.0508,-0.05651,-0.16056,2,0.3333,0.3333,0.3333,0.137,0.0808,-0.04129,-0.07057,1,0.3333,0.3333,0.3333,0.147,0.079,-0.28529,-0.65668,0.319,29.489,0.3333,0.3333,0.3333,0.3333,0.3333,0.3333,0.3333,0.3333,0.3333,0.3333333333333333,0.3333333333333333,0.3333333333333333,0.3333333333333333,0.3333333333333333,0.3333333333333333,0.3333333333333333,0.3333333333333333,0.3333333333333333,1.0,1.0,1.0,1.0,1.0,1.0,1.0,1.0,1.0,1.0,1.0,1.0,1.0,1.0,1.0,1.0,1.0,1.0,0.1045,0.082,3.0274,0.6216,0.25,0.0,29.494,0.514,0.0,0.0,239.188,15.945,214.874
68,2026-05-17T00:07:31.012446+00:00,gaming,ISL,13.405,23.364,13.405,0.5,0.5,21.211,29.841,0.5845,0.4155,0,0.3333,0.3333,0.3333,0.263,0.0508,-0.03373,-0.09271,1,0.3333,0.3333,0.3333,0.414,0.0635,-0.01357,-0.02891,2,0.3333,0.3333,0.3333,1.061,0.1481,-0.19394,-0.19182,1.738,22.949,0.3333,0.3333,0.3333,0.3333,0.3333,0.3333,0.3333,0.3333,0.3333,0.3333333333333333,0.3333333333333333,0.3333333333333333,0.3333333333333333,0.3333333333333333,0.3333333333333333,0.3333333333333333,0.3333333333333333,0.3333333333333333,1.0,1.0,1.0,1.0,1.0,1.0,1.0,1.0,1.0,1.0,1.0,1.0,1.0,1.0,1.0,1.0,1.0,1.0,0.1045,0.082,2.9229,0.7396,0.25,0.0,23.129,0.0,0.0,0.0,239.188,15.945,214.874
69,2026-05-17T00:07:37.028732+00:00,gaming,GND,15.893,21.428,21.428,0.5,0.5,23.7,27.904,0.5407,0.4593,1,0.3333,0.3333,0.3333,0.176,0.0435,-0.01743,-0.05484,0,0.3333,0.3333,0.3333,0.174,0.0238,-0.01562,-0.09153,1,0.3333,0.3333,0.3333,0.136,0.019,-0.01144,-0.08344,0.485,28.39,0.3333333333333333,0.3333333333333333,0.3333333333333333,0.3333333333333333,0.3333333333333333,0.3333333333333333,0.3333333333333333,0.3333333333333333,0.3333333333333333,0.3333,0.3333,0.3333,0.3333,0.3333,0.3333,0.3333,0.3333,0.3333,1.0,1.0,1.0,1.0,1.0,1.0,1.0,1.0,1.0,1.0,1.0,1.0,1.0,1.0,1.0,1.0,1.0,1.0,0.1045,0.082,2.8184,0.8576,0.0,0.2,25.617,4.205,0.0,2.772,243.393,15.945,217.646
70,2026-05-17T00:07:43.038805+00:00,gaming,ISL,27.29,35.153,27.29,0.5,0.5,35.097,41.629,0.5426,0.4574,1,0.3333,0.3333,0.3333,0.094,0.0711,-0.05058,-0.09964,1,0.3333,0.3333,0.3333,0.512,0.0635,-0.00381,-0.00802,1,0.3333,0.3333,0.3333,0.09,0.079,-0.29105,-0.67559,0.696,35.792,0.3333,0.3333,0.3333,0.3333,0.3333,0.3333,0.3333,0.3333,0.3333,0.3333333333333333,0.3333333333333333,0.3333333333333333,0.3333333333333333,0.3333333333333333,0.3333333333333333,0.3333333333333333,0.3333333333333333,0.3333333333333333,1.0,1.0,1.0,1.0,1.0,1.0,1.0,1.0,1.0,1.0,1.0,1.0,1.0,1.0,1.0,1.0,1.0,1.0,0.1045,0.082,2.9639,0.7756,0.25,0.0,37.014,0.0,0.0,0.0,243.393,15.945,217.646
71,2026-05-17T00:07:49.055041+00:00,gaming,ISL,12.831,26.083,12.831,0.5,0.5,20.637,32.56,0.6121,0.3879,0,0.3333,0.3333,0.3333,0.585,0.0508,-0.00149,-0.00391,1,0.3333,0.3333,0.3333,0.265,0.0635,-0.02852,-0.06177,1,0.3333,0.3333,0.3333,0.309,0.079,-0.26911,-0.60537,1.159,21.796,0.3333,0.3333,0.3333,0.3333,0.3333,0.3333,0.3333,0.3333,0.3333,0.3333333333333333,0.3333333333333333,0.3333333333333333,0.3333333333333333,0.3333333333333333,0.3333333333333333,0.3333333333333333,0.3333333333333333,0.3333333333333333,1.0,1.0,1.0,1.0,1.0,1.0,1.0,1.0,1.0,1.0,1.0,1.0,1.0,1.0,1.0,1.0,1.0,1.0,0.1045,0.082,2.8594,0.8936,0.25,0.0,22.555,0.0,0.0,0.0,243.393,15.945,217.646
72,2026-05-17T00:07:55.072388+00:00,gaming,GND,29.532,29.15,29.15,0.5,0.5,37.338,35.627,0.4883,0.5117,2,0.3333,0.3333,0.3333,0.438,0.061,0.00879,0.01904,2,0.3333,0.3333,0.3333,0.339,0.0544,0.00092,0.00225,0,0.3333,0.3333,0.3333,0.033,0.0076,-0.02173,-0.47839,0.81,36.437,0.3333333333333333,0.3333333333333333,0.3333333333333333,0.3333333333333333,0.3333333333333333,0.3333333333333333,0.3333333333333333,0.3333333333333333,0.3333333333333333,0.3333,0.3333,0.3333,0.3333,0.3333,0.3333,0.3333,0.3333,0.3333,1.0,1.0,1.0,1.0,1.0,1.0,1.0,1.0,1.0,1.0,1.0,1.0,1.0,1.0,1.0,1.0,1.0,1.0,0.1045,0.082,2.7549,1.0116,0.0,0.2,36.465,0.0,0.0,0.0,243.393,15.945,217.646
73,2026-05-17T00:08:01.087575+00:00,gaming,GND,28.296,32.537,32.537,0.5,0.5,36.103,39.014,0.5194,0.4806,1,0.3333,0.3333,0.3333,0.217,0.0435,-0.01335,-0.04174,0,0.3333,0.3333,0.3333,0.079,0.0238,-0.02511,-0.15151,1,0.3333,0.3333,0.3333,0.186,0.019,-0.00641,-0.04592,0.481,39.495,0.3333333333333333,0.3333333333333333,0.3333333333333333,0.3333333333333333,0.3333333333333333,0.3333333333333333,0.3333333333333333,0.3333333333333333,0.3333333333333333,0.3333,0.3333,0.3333,0.3333,0.3333,0.3333,0.3333,0.3333,0.3333,1.0,1.0,1.0,1.0,1.0,1.0,1.0,1.0,1.0,1.0,1.0,1.0,1.0,1.0,1.0,1.0,1.0,1.0,0.1045,0.082,2.9004,0.9296,0.0,0.2,38.02,2.911,0.0,1.475,246.304,15.945,219.121
74,2026-05-17T00:08:07.093312+00:00,gaming,ISL,29.77,26.696,29.77,0.5,0.5,37.577,33.173,0.4689,0.5311,1,0.3333,0.3333,0.3333,0.064,0.0711,-0.05363,-0.10598,0,0.3333,0.3333,0.3333,0.034,0.0494,-0.05162,-0.15008,0,0.3333,0.3333,0.3333,0.23,0.037,-0.27698,-5.85391,0.328,37.904,0.3333,0.3333,0.3333,0.3333,0.3333,0.3333,0.3333,0.3333,0.3333,0.3333333333333333,0.3333333333333333,0.3333333333333333,0.3333333333333333,0.3333333333333333,0.3333333333333333,0.3333333333333333,0.3333333333333333,0.3333333333333333,1.0,1.0,1.0,1.0,1.0,1.0,1.0,1.0,1.0,1.0,1.0,1.0,1.0,1.0,1.0,1.0,1.0,1.0,0.1045,0.082,3.0459,0.8476,0.25,0.0,34.011,4.404,0.0,3.893,250.707,15.945,223.014
75,2026-05-17T00:08:13.107597+00:00,gaming,ISL,25.616,21.176,25.616,0.5,0.5,33.422,27.653,0.4528,0.5472,2,0.3333,0.3333,0.3333,0.989,0.0889,0.03888,0.05669,1,0.3333,0.3333,0.3333,0.232,0.0635,-0.03178,-0.06907,1,0.3333,0.3333,0.3333,0.071,0.079,-0.29289,-0.68173,1.292,34.714,0.3333,0.3333,0.3333,0.3333,0.3333,0.3333,0.3333,0.3333,0.3333,0.3333333333333333,0.3333333333333333,0.3333333333333333,0.3333333333333333,0.3333333333333333,0.3333333333333333,0.3333333333333333,0.3333333333333333,0.3333333333333333,1.0,1.0,1.0,1.0,1.0,1.0,1.0,1.0,1.0,1.0,1.0,1.0,1.0,1.0,1.0,1.0,1.0,1.0,0.1045,0.082,2.9414,0.9656,0.25,0.0,28.491,5.77,0.0,6.224,256.477,15.945,229.238
76,2026-05-17T00:08:19.131133+00:00,gaming,GND,36.142,29.642,29.642,0.5,0.5,43.948,36.118,0.4511,0.5489,1,0.3333,0.3333,0.3333,0.556,0.0435,0.02057,0.06109,0,0.3333,0.3333,0.3333,0.071,0.0238,-0.02593,-0.15687,2,0.3333,0.3333,0.3333,0.538,0.049,0.02882,0.07553,1.165,37.283,0.3333333333333333,0.3333333333333333,0.3333333333333333,0.3333333333333333,0.3333333333333333,0.3333333333333333,0.3333333333333333,0.3333333333333333,0.3333333333333333,0.3333,0.3333,0.3333,0.3333,0.3333,0.3333,0.3333,0.3333,0.3333,1.0,1.0,1.0,1.0,1.0,1.0,1.0,1.0,1.0,1.0,1.0,1.0,1.0,1.0,1.0,1.0,1.0,1.0,0.1045,0.082,2.8369,1.0836,0.0,0.2,36.956,0.0,0.327,0.327,256.477,16.272,229.564
77,2026-05-17T00:08:25.149418+00:00,gaming,ISL,16.354,25.877,16.354,0.5,0.5,24.16,32.353,0.5725,0.4275,0,0.3333,0.3333,0.3333,0.92,0.0508,0.03204,0.08075,1,0.3333,0.3333,0.3333,0.238,0.0635,-0.03122,-0.0678,0,0.3333,0.3333,0.3333,0.032,0.037,-0.29678,-6.90776,1.19,25.351,0.3333,0.3333,0.3333,0.3333,0.3333,0.3333,0.3333,0.3333,0.3333,0.3333333333333333,0.3333333333333333,0.3333333333333333,0.3333333333333333,0.3333333333333333,0.3333333333333333,0.3333333333333333,0.3333333333333333,0.3333333333333333,1.0,1.0,1.0,1.0,1.0,1.0,1.0,1.0,1.0,1.0,1.0,1.0,1.0,1.0,1.0,1.0,1.0,1.0,0.1045,0.082,2.9824,1.0016,0.25,0.0,26.078,0.0,0.0,0.0,256.477,16.272,229.564
78,2026-05-17T00:08:31.155534+00:00,gaming,GND,14.977,25.365,25.365,0.5,0.5,22.783,31.842,0.5829,0.4171,0,0.3333,0.3333,0.3333,0.39,0.0305,0.00404,0.0175,1,0.3333,0.3333,0.3333,0.203,0.0381,-0.0127,-0.04546,2,0.3333,0.3333,0.3333,0.12,0.049,-0.01296,-0.03591,0.714,32.555,0.3333333333333333,0.3333333333333333,0.3333333333333333,0.3333333333333333,0.3333333333333333,0.3333333333333333,0.3333333333333333,0.3333333333333333,0.3333333333333333,0.3333,0.3333,0.3333,0.3333,0.3333,0.3333,0.3333,0.3333,0.3333,1.0,1.0,1.0,1.0,1.0,1.0,1.0,1.0,1.0,1.0,1.0,1.0,1.0,1.0,1.0,1.0,1.0,1.0,0.1045,0.082,2.8779,1.1196,0.0,0.2,24.701,9.058,0.0,7.854,265.535,16.272,237.419
79,2026-05-17T00:08:37.161400+00:00,gaming,GND,33.675,28.102,28.102,0.5,0.5,41.481,34.578,0.4546,0.5454,2,0.3333,0.3333,0.3333,0.783,0.061,0.04334,0.09059,0,0.3333,0.3333,0.3333,0.129,0.0238,-0.02006,-0.11917,1,0.3333,0.3333,0.3333,0.198,0.019,-0.00522,-0.03721,1.111,35.689,0.3333333333333333,0.3333333333333333,0.3333333333333333,0.3333333333333333,0.3333333333333333,0.3333333333333333,0.3333333333333333,0.3333333333333333,0.3333333333333333,0.3333,0.3333,0.3333,0.3333,0.3333,0.3333,0.3333,0.3333,0.3333,1.0,1.0,1.0,1.0,1.0,1.0,1.0,1.0,1.0,1.0,1.0,1.0,1.0,1.0,1.0,1.0,1.0,1.0,0.1045,0.082,3.0234,1.0376,0.0,0.2,35.416,0.0,0.273,0.273,265.535,16.544,237.691
80,2026-05-17T00:08:43.179523+00:00,gaming,ISL,38.562,33.618,38.562,0.5,0.5,46.369,40.095,0.4637,0.5363,2,0.3333,0.3333,0.3333,0.131,0.0889,-0.04689,-0.07293,2,0.3333,0.3333,0.3333,0.928,0.0808,0.03783,0.06055,1,0.3333,0.3333,0.3333,0.611,0.079,-0.2389,-0.51608,1.67,48.039,0.3333,0.3333,0.3333,0.3333,0.3333,0.3333,0.3333,0.3333,0.3333,0.3333333333333333,0.3333333333333333,0.3333333333333333,0.3333333333333333,0.3333333333333333,0.3333333333333333,0.3333333333333333,0.3333333333333333,0.3333333333333333,1.0,1.0,1.0,1.0,1.0,1.0,1.0,1.0,1.0,1.0,1.0,1.0,1.0,1.0,1.0,1.0,1.0,1.0,0.1045,0.082,2.9189,1.1556,0.25,0.0,40.933,6.274,0.0,7.106,271.809,16.544,244.798
81,2026-05-17T00:08:49.190836+00:00,gaming,ISL,30.775,28.645,30.775,0.5,0.5,38.582,35.121,0.4765,0.5235,1,0.3333,0.3333,0.3333,0.069,0.0711,-0.05305,-0.10477,2,0.3333,0.3333,0.3333,0.157,0.0808,-0.03935,-0.06712,2,0.3333,0.3333,0.3333,1.308,0.1481,-0.16918,-0.16518,1.534,40.116,0.3333,0.3333,0.3333,0.3333,0.3333,0.3333,0.3333,0.3333,0.3333,0.3333333333333333,0.3333333333333333,0.3333333333333333,0.3333333333333333,0.3333333333333333,0.3333333333333333,0.3333333333333333,0.3333333333333333,0.3333333333333333,1.0,1.0,1.0,1.0,1.0,1.0,1.0,1.0,1.0,1.0,1.0,1.0,1.0,1.0,1.0,1.0,1.0,1.0,0.1045,0.082,3.0644,1.0736,0.25,0.0,35.959,3.46,0.0,4.157,275.269,16.544,248.954
82,2026-05-17T00:08:55.204032+00:00,gaming,GND,11.088,21.811,21.811,0.5,0.5,18.894,28.288,0.5995,0.4005,2,0.3333,0.3333,0.3333,0.448,0.061,0.00984,0.02129,1,0.3333,0.3333,0.3333,0.061,0.0381,-0.02693,-0.09901,2,0.3333,0.3333,0.3333,0.754,0.049,0.05039,0.12855,1.263,29.551,0.3333333333333333,0.3333333333333333,0.3333333333333333,0.3333333333333333,0.3333333333333333,0.3333333333333333,0.3333333333333333,0.3333333333333333,0.3333333333333333,0.3333,0.3333,0.3333,0.3333,0.3333,0.3333,0.3333,0.3333,0.3333,1.0,1.0,1.0,1.0,1.0,1.0,1.0,1.0,1.0,1.0,1.0,1.0,1.0,1.0,1.0,1.0,1.0,1.0,0.1045,0.082,2.9599,1.1916,0.0,0.2,20.812,9.394,0.425,8.739,284.663,16.969,257.693
83,2026-05-17T00:09:01.201347+00:00,gaming,GND,16.788,27.116,27.116,0.5,0.5,24.594,33.592,0.5773,0.4227,1,0.3333,0.3333,0.3333,0.878,0.0435,0.0528,0.14988,1,0.3333,0.3333,0.3333,0.328,0.0381,-0.00015,-0.00054,2,0.3333,0.3333,0.3333,0.447,0.049,0.01967,0.05215,1.653,35.246,0.3333333333333333,0.3333333333333333,0.3333333333333333,0.3333333333333333,0.3333333333333333,0.3333333333333333,0.3333333333333333,0.3333333333333333,0.3333333333333333,0.3333,0.3333,0.3333,0.3333,0.3333,0.3333,0.3333,0.3333,0.3333,1.0,1.0,1.0,1.0,1.0,1.0,1.0,1.0,1.0,1.0,1.0,1.0,1.0,1.0,1.0,1.0,1.0,1.0,0.1045,0.082,3.1054,1.1096,0.0,0.2,26.512,8.998,0.815,8.734,293.661,17.784,266.427
84,2026-05-17T00:09:07.227867+00:00,gaming,ISL,14.593,27.072,14.593,0.5,0.5,22.4,33.549,0.5996,0.4004,0,0.3333,0.3333,0.3333,0.072,0.0508,-0.05279,-0.14917,2,0.3333,0.3333,0.3333,0.201,0.0808,-0.03488,-0.05927,1,0.3333,0.3333,0.3333,0.389,0.079,-0.26114,-0.58103,0.662,23.061,0.3333,0.3333,0.3333,0.3333,0.3333,0.3333,0.3333,0.3333,0.3333,0.3333333333333333,0.3333333333333333,0.3333333333333333,0.3333333333333333,0.3333333333333333,0.3333333333333333,0.3333333333333333,0.3333333333333333,0.3333333333333333,1.0,1.0,1.0,1.0,1.0,1.0,1.0,1.0,1.0,1.0,1.0,1.0,1.0,1.0,1.0,1.0,1.0,1.0,0.1045,0.082,3.0009,1.2276,0.25,0.0,24.317,0.0,0.0,0.0,293.661,17.784,266.427
85,2026-05-17T00:09:13.238940+00:00,gaming,ISL,28.535,31.467,28.535,0.5,0.5,36.341,37.944,0.5108,0.4892,0,0.3333,0.3333,0.3333,0.346,0.0508,-0.0254,-0.069,0,0.3333,0.3333,0.3333,0.379,0.0494,-0.01708,-0.04721,1,0.3333,0.3333,0.3333,0.124,0.079,-0.28764,-0.66436,0.849,37.19,0.3333,0.3333,0.3333,0.3333,0.3333,0.3333,0.3333,0.3333,0.3333,0.3333333333333333,0.3333333333333333,0.3333333333333333,0.3333333333333333,0.3333333333333333,0.3333333333333333,0.3333333333333333,0.3333333333333333,0.3333333333333333,1.0,1.0,1.0,1.0,1.0,1.0,1.0,1.0,1.0,1.0,1.0,1.0,1.0,1.0,1.0,1.0,1.0,1.0,0.1045,0.082,2.8964,1.3456,0.25,0.0,38.259,0.0,0.0,0.0,293.661,17.784,266.427
86,2026-05-17T00:09:19.247867+00:00,gaming,GND,12.747,25.764,25.764,0.5,0.5,20.553,32.241,0.6107,0.3893,2,0.3333,0.3333,0.3333,0.134,0.061,-0.02163,-0.04847,1,0.3333,0.3333,0.3333,0.126,0.0381,-0.02044,-0.07422,1,0.3333,0.3333,0.3333,0.103,0.019,-0.01475,-0.10897,0.362,32.603,0.3333333333333333,0.3333333333333333,0.3333333333333333,0.3333333333333333,0.3333333333333333,0.3333333333333333,0.3333333333333333,0.3333333333333333,0.3333333333333333,0.3333,0.3333,0.3333,0.3333,0.3333,0.3333,0.3333,0.3333,0.3333,1.0,1.0,1.0,1.0,1.0,1.0,1.0,1.0,1.0,1.0,1.0,1.0,1.0,1.0,1.0,1.0,1.0,1.0,0.1045,0.082,3.0419,1.2636,0.0,0.2,22.471,11.688,0.0,10.132,305.349,17.784,276.559
87,2026-05-17T00:09:25.263785+00:00,gaming,GND,16.81,29.043,29.043,0.5,0.5,24.616,35.519,0.5907,0.4093,1,0.3333,0.3333,0.3333,0.058,0.0435,-0.02918,-0.09362,1,0.3333,0.3333,0.3333,0.173,0.0381,-0.01572,-0.0566,1,0.3333,0.3333,0.3333,0.28,0.019,0.00302,0.02091,0.511,36.03,0.3333333333333333,0.3333333333333333,0.3333333333333333,0.3333333333333333,0.3333333333333333,0.3333333333333333,0.3333333333333333,0.3333333333333333,0.3333333333333333,0.3333,0.3333,0.3333,0.3333,0.3333,0.3333,0.3333,0.3333,0.3333,1.0,1.0,1.0,1.0,1.0,1.0,1.0,1.0,1.0,1.0,1.0,1.0,1.0,1.0,1.0,1.0,1.0,1.0,0.1045,0.082,3.1874,1.1816,0.0,0.2,26.534,10.903,0.0,9.497,316.252,17.784,286.055
88,2026-05-17T00:09:31.265128+00:00,gaming,ISL,22.236,28.744,22.236,0.5,0.5,30.043,35.221,0.5397,0.4603,1,0.3333,0.3333,0.3333,1.275,0.0711,0.06746,0.1191,0,0.3333,0.3333,0.3333,0.659,0.0494,0.01086,0.02891,2,0.3333,0.3333,0.3333,1.693,0.1481,-0.13073,-0.12517,3.626,33.668,0.3333,0.3333,0.3333,0.3333,0.3333,0.3333,0.3333,0.3333,0.3333,0.3333333333333333,0.3333333333333333,0.3333333333333333,0.3333333333333333,0.3333333333333333,0.3333333333333333,0.3333333333333333,0.3333333333333333,0.3333333333333333,1.0,1.0,1.0,1.0,1.0,1.0,1.0,1.0,1.0,1.0,1.0,1.0,1.0,1.0,1.0,1.0,1.0,1.0,0.1045,0.082,3.0829,1.2996,0.25,0.0,31.96,0.0,1.708,1.708,316.252,19.492,287.763
89,2026-05-17T00:09:37.285303+00:00,gaming,ISL,32.821,38.384,32.821,0.5,0.5,40.627,44.861,0.5248,0.4752,1,0.3333,0.3333,0.3333,1.315,0.0711,0.07154,0.12587,2,0.3333,0.3333,0.3333,0.704,0.0808,0.01543,0.02513,0,0.3333,0.3333,0.3333,0.399,0.037,-0.26012,-2.75556,2.418,43.046,0.3333,0.3333,0.3333,0.3333,0.3333,0.3333,0.3333,0.3333,0.3333,0.3333333333333333,0.3333333333333333,0.3333333333333333,0.3333333333333333,0.3333333333333333,0.3333333333333333,0.3333333333333333,0.3333333333333333,0.3333333333333333,1.0,1.0,1.0,1.0,1.0,1.0,1.0,1.0,1.0,1.0,1.0,1.0,1.0,1.0,1.0,1.0,1.0,1.0,0.1045,0.082,3.2284,1.2176,0.25,0.0,42.545,0.0,0.501,0.501,316.252,19.993,288.264
90,2026-05-17T00:09:43.293091+00:00,browsing,ISL,31.586,29.521,31.586,0.5,0.5,39.393,35.998,0.4775,0.5225,1,0.3333,0.3333,0.3333,1.024,0.16,0.04238,0.07646,0,0.3333,0.3333,0.3333,0.122,0.1111,-0.04279,-0.12276,2,0.3333,0.3333,0.3333,1.367,0.1889,-0.16331,-0.30026,2.513,41.905,0.3333,0.3333,0.3333,0.3333,0.3333,0.3333,0.3333,0.3333,0.3333,0.3333333333333333,0.3333333333333333,0.3333333333333333,0.3333333333333333,0.3333333333333333,0.3333333333333333,0.3333333333333333,0.3333333333333333,0.3333333333333333,1.0,1.0,1.0,1.0,1.0,1.0,1.0,1.0,1.0,1.0,1.0,1.0,1.0,1.0,1.0,1.0,1.0,1.0,0.1045,0.082,3.3739,1.1356,0.25,0.0,36.882,3.395,0.348,5.023,319.646,20.341,293.287
91,2026-05-17T00:09:49.302420+00:00,browsing,GND,11.477,21.809,21.809,0.5,0.5,19.284,28.286,0.5946,0.4054,1,0.3333,0.3333,0.3333,0.306,0.098,-0.00436,-0.01344,0,0.3333,0.3333,0.3333,0.147,0.0536,-0.0183,-0.10815,0,0.3333,0.3333,0.3333,0.211,0.0343,-0.00391,-0.03482,0.664,28.95,0.3333333333333333,0.3333333333333333,0.3333333333333333,0.3333333333333333,0.3333333333333333,0.3333333333333333,0.3333333333333333,0.3333333333333333,0.3333333333333333,0.3333,0.3333,0.3333,0.3333,0.3333,0.3333,0.3333,0.3333,0.3333,1.0,1.0,1.0,1.0,1.0,1.0,1.0,1.0,1.0,1.0,1.0,1.0,1.0,1.0,1.0,1.0,1.0,1.0,0.1045,0.082,3.5194,1.0536,0.0,0.2,21.449,9.002,0.0,7.501,328.648,20.341,300.788
92,2026-05-17T00:09:55.322485+00:00,browsing,GND,21.529,25.787,25.787,0.5,0.5,29.336,32.264,0.5238,0.4762,0,0.3333,0.3333,0.3333,0.24,0.0686,-0.01097,-0.04918,1,0.3333,0.3333,0.3333,0.238,0.0857,-0.0092,-0.03274,1,0.3333,0.3333,0.3333,0.313,0.0607,0.00631,0.03069,0.791,33.055,0.3333333333333333,0.3333333333333333,0.3333333333333333,0.3333333333333333,0.3333333333333333,0.3333333333333333,0.3333333333333333,0.3333333333333333,0.3333333333333333,0.3333,0.3333,0.3333,0.3333,0.3333,0.3333,0.3333,0.3333,0.3333,1.0,1.0,1.0,1.0,1.0,1.0,1.0,1.0,1.0,1.0,1.0,1.0,1.0,1.0,1.0,1.0,1.0,1.0,0.1045,0.082,3.4149,1.1716,0.0,0.2,31.501,2.928,0.0,1.554,331.576,20.341,302.342
93,2026-05-17T00:10:01.337042+00:00,browsing,GND,34.999,26.177,26.177,0.5,0.5,42.806,32.653,0.4327,0.5673,2,0.3333,0.3333,0.3333,0.278,0.1371,-0.00722,-0.01593,1,0.3333,0.3333,0.3333,0.121,0.0857,-0.0209,-0.07595,2,0.3333,0.3333,0.3333,0.182,0.0918,-0.00684,-0.0226,0.58,33.234,0.3333333333333333,0.3333333333333333,0.3333333333333333,0.3333333333333333,0.3333333333333333,0.3333333333333333,0.3333333333333333,0.3333333333333333,0.3333333333333333,0.3333,0.3333,0.3333,0.3333,0.3333,0.3333,0.3333,0.3333,0.3333,1.0,1.0,1.0,1.0,1.0,1.0,1.0,1.0,1.0,1.0,1.0,1.0,1.0,1.0,1.0,1.0,1.0,1.0,0.1045,0.082,3.3104,1.2896,0.0,0.2,33.538,0.0,0.0,0.0,331.576,20.341,302.342
94,2026-05-17T00:10:07.348356+00:00,browsing,ISL,26.808,22.865,26.808,0.5,0.5,34.615,29.341,0.4588,0.5412,1,0.3333,0.3333,0.3333,1.433,0.16,0.08326,0.14506,1,0.3333,0.3333,0.3333,0.402,0.1429,-0.01475,-0.03147,1,0.3333,0.3333,0.3333,0.785,0.2222,-0.2215,-0.35529,2.62,37.235,0.3333,0.3333,0.3333,0.3333,0.3333,0.3333,0.3333,0.3333,0.3333,0.3333333333333333,0.3333333333333333,0.3333333333333333,0.3333333333333333,0.3333333333333333,0.3333333333333333,0.3333333333333333,0.3333333333333333,0.3333333333333333,1.0,1.0,1.0,1.0,1.0,1.0,1.0,1.0,1.0,1.0,1.0,1.0,1.0,1.0,1.0,1.0,1.0,1.0,0.1045,0.082,3.4559,1.2076,0.25,0.0,30.226,5.273,0.455,7.009,336.849,20.796,309.352
95,2026-05-17T00:10:13.354842+00:00,browsing,ISL,16.262,29.425,16.262,0.5,0.5,24.068,35.902,0.5987,0.4013,2,0.3333,0.3333,0.3333,0.643,0.2,0.00426,0.00638,1,0.3333,0.3333,0.3333,0.283,0.1429,-0.02666,-0.05762,1,0.3333,0.3333,0.3333,0.397,0.2222,-0.26034,-0.43302,1.323,25.391,0.3333,0.3333,0.3333,0.3333,0.3333,0.3333,0.3333,0.3333,0.3333,0.3333333333333333,0.3333333333333333,0.3333333333333333,0.3333333333333333,0.3333333333333333,0.3333333333333333,0.3333333333333333,0.3333333333333333,0.3333333333333333,1.0,1.0,1.0,1.0,1.0,1.0,1.0,1.0,1.0,1.0,1.0,1.0,1.0,1.0,1.0,1.0,1.0,1.0,0.1045,0.082,3.6014,1.1256,0.25,0.0,26.233,0.0,0.0,0.0,336.849,20.796,309.352
96,2026-05-17T00:10:19.375710+00:00,browsing,ISL,31.293,29.587,31.293,0.5,0.5,39.099,36.064,0.4798,0.5202,2,0.3333,0.3333,0.3333,0.731,0.2,0.0131,0.01946,0,0.3333,0.3333,0.3333,0.23,0.1111,-0.03197,-0.09027,2,0.3333,0.3333,0.3333,0.237,0.1889,-0.27634,-0.57785,1.198,40.297,0.3333,0.3333,0.3333,0.3333,0.3333,0.3333,0.3333,0.3333,0.3333,0.3333333333333333,0.3333333333333333,0.3333333333333333,0.3333333333333333,0.3333333333333333,0.3333333333333333,0.3333333333333333,0.3333333333333333,0.3333333333333333,1.0,1.0,1.0,1.0,1.0,1.0,1.0,1.0,1.0,1.0,1.0,1.0,1.0,1.0,1.0,1.0,1.0,1.0,0.1045,0.082,3.4969,1.2436,0.25,0.0,36.948,3.036,0.0,3.349,339.885,20.796,312.701
97,2026-05-17T00:10:25.386203+00:00,browsing,ISL,11.86,21.388,11.86,0.5,0.5,19.667,27.864,0.5862,0.4138,0,0.3333,0.3333,0.3333,0.451,0.1143,-0.01492,-0.03996,2,0.3333,0.3333,0.3333,0.288,0.1818,-0.02621,-0.0442,1,0.3333,0.3333,0.3333,3.564,0.2222,0.05642,0.07341,4.303,23.97,0.3333,0.3333,0.3333,0.3333,0.3333,0.3333,0.3333,0.3333,0.3333,0.3333333333333333,0.3333333333333333,0.3333333333333333,0.3333333333333333,0.3333333333333333,0.3333333333333333,0.3333333333333333,0.3333333333333333,0.3333333333333333,1.0,1.0,1.0,1.0,1.0,1.0,1.0,1.0,1.0,1.0,1.0,1.0,1.0,1.0,1.0,1.0,1.0,1.0,0.1045,0.082,3.6424,1.1616,0.25,0.0,21.832,0.0,2.138,2.138,339.885,22.933,314.839
98,2026-05-17T00:10:31.397380+00:00,browsing,ISL,14.913,25.12,14.913,0.5,0.5,22.72,31.597,0.5817,0.4183,1,0.3333,0.3333,0.3333,0.28,0.16,-0.03198,-0.06184,1,0.3333,0.3333,0.3333,0.485,0.1429,-0.00654,-0.01382,2,0.3333,0.3333,0.3333,0.407,0.1889,-0.25929,-0.53072,1.172,23.892,0.3333,0.3333,0.3333,0.3333,0.3333,0.3333,0.3333,0.3333,0.3333,0.3333333333333333,0.3333333333333333,0.3333333333333333,0.3333333333333333,0.3333333333333333,0.3333333333333333,0.3333333333333333,0.3333333333333333,0.3333333333333333,1.0,1.0,1.0,1.0,1.0,1.0,1.0,1.0,1.0,1.0,1.0,1.0,1.0,1.0,1.0,1.0,1.0,1.0,0.1045,0.082,3.7879,1.0796,0.25,0.0,24.885,0.0,0.0,0.0,339.885,22.933,314.839
99,2026-05-17T00:10:37.397773+00:00,browsing,GND,16.121,25.796,25.796,0.5,0.5,23.927,32.273,0.5742,0.4258,1,0.3333,0.3333,0.3333,0.972,0.098,0.06221,0.17438,2,0.3333,0.3333,0.3333,0.328,0.1224,-0.00021,-0.00053,2,0.3333,0.3333,0.3333,0.344,0.0918,0.00942,0.03032,1.644,33.917,0.3333333333333333,0.3333333333333333,0.3333333333333333,0.3333333333333333,0.3333333333333333,0.3333333333333333,0.3333333333333333,0.3333333333333333,0.3333333333333333,0.3333,0.3333,0.3333,0.3333,0.3333,0.3333,0.3333,0.3333,0.3333,1.0,1.0,1.0,1.0,1.0,1.0,1.0,1.0,1.0,1.0,1.0,1.0,1.0,1.0,1.0,1.0,1.0,1.0,0.1045,0.082,3.9334,0.9976,0.0,0.2,26.093,8.345,0.76,7.824,348.23,23.693,322.663
100,2026-05-17T00:10:43.414435+00:00,browsing,GND,12.636,25.338,25.338,0.5,0.5,20.442,31.815,0.6088,0.3912,2,0.3333,0.3333,0.3333,1.188,0.1371,0.08383,0.16836,0,0.3333,0.3333,0.3333,0.216,0.0536,-0.01137,-0.0658,1,0.3333,0.3333,0.3333,0.046,0.0607,-0.02044,-0.10648,1.45,33.265,0.3333333333333333,0.3333333333333333,0.3333333333333333,0.3333333333333333,0.3333333333333333,0.3333333333333333,0.3333333333333333,0.3333333333333333,0.3333333333333333,0.3333,0.3333,0.3333,0.3333,0.3333,0.3333,0.3333,0.3333,0.3333,1.0,1.0,1.0,1.0,1.0,1.0,1.0,1.0,1.0,1.0,1.0,1.0,1.0,1.0,1.0,1.0,1.0,1.0,0.1045,0.082,4.0789,0.9156,0.0,0.2,22.608,11.373,0.566,10.658,359.603,24.259,333.32
